0
SECTION
2
HEADER
9
$INSUNITS
70
4
9
$ACADVER
1
AC1014
9
$HANDSEED
5
FFFF
0
ENDSEC
0
SECTION
2
TABLES
0
TABLE
2
VPORT
5
8
100
AcDbSymbolTable
0
ENDTAB
0
TABLE
2
LTYPE
5
5
100
AcDbSymbolTable
0
LTYPE
5
14
100
AcDbSymbolTableRecord
100
AcDbLinetypeTableRecord
2
BYBLOCK
70
0
0
LTYPE
5
15
100
AcDbSymbolTableRecord
100
AcDbLinetypeTableRecord
2
BYLAYER
70
0
0
LTYPE
5
16
100
AcDbSymbolTableRecord
100
AcDbLinetypeTableRecord
2
DASHED
70
0
3
Dashed __ __ __ __ __ __ __ __ __ __ __ __ __ _
72
65
73
2
40
0.75
49
0.5
74
0
49
-0.25
74
0
0
ENDTAB
0
TABLE
2
LAYER
5
2
100
AcDbSymbolTable
70
2
0
LAYER
5
50
100
AcDbSymbolTableRecord
100
AcDbLayerTableRecord
2
0
70
0
62
7
6
CONTINUOUS
0
ENDTAB
0
TABLE
2
STYLE
5
3
100
AcDbSymbolTable
70
1
0
STYLE
5
11
100
AcDbSymbolTableRecord
100
AcDbTextStyleTableRecord
2
STANDARD
70
0
0
ENDTAB
0
TABLE
2
VIEW
5
6
100
AcDbSymbolTable
70
0
0
ENDTAB
0
TABLE
2
UCS
5
7
100
AcDbSymbolTable
70
0
0
ENDTAB
0
TABLE
2
APPID
5
9
100
AcDbSymbolTable
70
2
0
APPID
5
12
100
AcDbSymbolTableRecord
100
AcDbRegAppTableRecord
2
ACAD
70
0
0
ENDTAB
0
TABLE
2
DIMSTYLE
5
A
100
AcDbSymbolTable
70
1
0
ENDTAB
0
TABLE
2
BLOCK_RECORD
5
1
100
AcDbSymbolTable
70
1
0
BLOCK_RECORD
5
1F
100
AcDbSymbolTableRecord
100
AcDbBlockTableRecord
2
*MODEL_SPACE
0
BLOCK_RECORD
5
1B
100
AcDbSymbolTableRecord
100
AcDbBlockTableRecord
2
*PAPER_SPACE
0
ENDTAB
0
ENDSEC
0
SECTION
2
BLOCKS
0
BLOCK
5
20
100
AcDbEntity
100
AcDbBlockBegin
2
*MODEL_SPACE
0
ENDBLK
5
21
100
AcDbEntity
100
AcDbBlockEnd
0
BLOCK
5
1C
100
AcDbEntity
100
AcDbBlockBegin
2
*PAPER_SPACE
0
ENDBLK
5
1D
100
AcDbEntity
100
AcDbBlockEnd
0
ENDSEC
0
SECTION
2
ENTITIES
0
POINT
5
100
100
AcDbEntity
8
0
100
AcDbPoint
10
0
20
0
30
0
0
POINT
5
101
100
AcDbEntity
8
0
100
AcDbPoint
10
-150.00000000000006
20
150.00000000000006
30
0
0
POINT
5
102
100
AcDbEntity
8
0
100
AcDbPoint
10
0
20
149.99999999999997
30
0
0
POINT
5
103
100
AcDbEntity
8
0
100
AcDbPoint
10
5.679798517591285e-27
20
300
30
0
0
POINT
5
104
100
AcDbEntity
8
0
100
AcDbPoint
10
-150
20
-7.1054273576010019e-14
30
0
0
POINT
5
105
100
AcDbEntity
8
0
100
AcDbPoint
10
-150.00000000000003
20
-3.5527136788005009e-14
30
0
0
POINT
5
106
100
AcDbEntity
8
0
100
AcDbPoint
10
3.5527136788005009e-14
20
-150
30
0
0
POINT
5
107
100
AcDbEntity
8
0
100
AcDbPoint
10
0
20
-150.00000000000003
30
0
0
LWPOLYLINE
5
108
100
AcDbEntity
8
0
100
AcDbPolyline
90
4
70
1
43
0.0
10
0
20
0
10
300
20
1.0477058897466563e-30
10
300
20
150
10
0
20
150
0
LINE
5
109
100
AcDbEntity
8
0
100
AcDbLine
10
0
20
150
30
0
11
300
21
150.00000000000003
31
0
0
LINE
5
110
100
AcDbEntity
8
0
100
AcDbLine
10
300
20
150.00000000000003
30
0
11
300
21
300
31
0
6
DASHED
0
LINE
5
111
100
AcDbEntity
8
0
100
AcDbLine
10
300
20
300
30
0
11
1.5308084989341919e-14
21
300
31
0
0
LINE
5
112
100
AcDbEntity
8
0
100
AcDbLine
10
1.5308084989341919e-14
20
300
30
0
11
0
21
150
31
0
6
DASHED
0
LINE
5
113
100
AcDbEntity
8
0
100
AcDbLine
10
0
20
0
30
0
11
300
21
1.2246467991473543e-14
31
0
0
LINE
5
114
100
AcDbEntity
8
0
100
AcDbLine
10
300
20
1.2246467991473543e-14
30
0
11
299.99999999999994
21
-150
31
0
6
DASHED
0
LINE
5
115
100
AcDbEntity
8
0
100
AcDbLine
10
299.99999999999994
20
-150
30
0
11
-9.1848509936051487e-15
21
-150
31
0
0
LINE
5
116
100
AcDbEntity
8
0
100
AcDbLine
10
-9.1848509936051487e-15
20
-150
30
0
11
0
21
0
31
0
6
DASHED
0
LINE
5
117
100
AcDbEntity
8
0
100
AcDbLine
10
300
20
149.99999999999997
30
0
11
450.00000000000006
21
150.00000000000006
31
0
6
DASHED
0
LINE
5
118
100
AcDbEntity
8
0
100
AcDbLine
10
450.00000000000006
20
150.00000000000006
30
0
11
450
21
2.6645352591003757e-14
31
0
0
LINE
5
119
100
AcDbEntity
8
0
100
AcDbLine
10
450
20
2.6645352591003757e-14
30
0
11
300
21
8.8817841970012523e-15
31
0
6
DASHED
0
LINE
5
120
100
AcDbEntity
8
0
100
AcDbLine
10
300
20
8.8817841970012523e-15
30
0
11
300
21
149.99999999999997
31
0
0
LINE
5
121
100
AcDbEntity
8
0
100
AcDbLine
10
0
20
0
30
0
11
-150
21
4.747053798287464e-14
31
0
6
DASHED
0
LINE
5
122
100
AcDbEntity
8
0
100
AcDbLine
10
-150
20
4.747053798287464e-14
30
0
11
-150.00000000000003
21
150.00000000000003
31
0
0
LINE
5
123
100
AcDbEntity
8
0
100
AcDbLine
10
-150.00000000000003
20
150.00000000000003
30
0
11
0
21
150
31
0
6
DASHED
0
LINE
5
124
100
AcDbEntity
8
0
100
AcDbLine
10
0
20
150
30
0
11
0
21
0
31
0
0
LINE
5
125
100
AcDbEntity
8
0
100
AcDbLine
10
300
20
150
30
0
11
299.99999999999994
21
154.20000000000002
31
0
0
LINE
5
126
100
AcDbEntity
8
0
100
AcDbLine
10
299.99999999999994
20
154.20000000000002
30
0
11
308.83333333333331
21
154.19999999999999
31
0
0
LINE
5
127
100
AcDbEntity
8
0
100
AcDbLine
10
308.83333333333331
20
154.19999999999999
30
0
11
308.83333333333331
21
149.99999999999994
31
0
0
LINE
5
128
100
AcDbEntity
8
0
100
AcDbLine
10
308.83333333333331
20
149.99999999999994
30
0
11
316.66666666666703
21
149.99999999999997
31
0
0
LINE
5
129
100
AcDbEntity
8
0
100
AcDbLine
10
316.66666666666669
20
150
30
0
11
316.66666666666663
21
154.20000000000002
31
0
0
LINE
5
130
100
AcDbEntity
8
0
100
AcDbLine
10
316.66666666666663
20
154.20000000000002
30
0
11
325.5
21
154.19999999999999
31
0
0
LINE
5
131
100
AcDbEntity
8
0
100
AcDbLine
10
325.5
20
154.19999999999999
30
0
11
325.5
21
149.99999999999994
31
0
0
LINE
5
132
100
AcDbEntity
8
0
100
AcDbLine
10
325.5
20
149.99999999999994
30
0
11
333.33333333333366
21
149.99999999999997
31
0
0
LINE
5
133
100
AcDbEntity
8
0
100
AcDbLine
10
333.33333333333337
20
150
30
0
11
333.33333333333326
21
154.20000000000002
31
0
0
LINE
5
134
100
AcDbEntity
8
0
100
AcDbLine
10
333.33333333333326
20
154.20000000000002
30
0
11
342.16666666666669
21
154.19999999999999
31
0
0
LINE
5
135
100
AcDbEntity
8
0
100
AcDbLine
10
342.16666666666669
20
154.19999999999999
30
0
11
342.16666666666669
21
149.99999999999994
31
0
0
LINE
5
136
100
AcDbEntity
8
0
100
AcDbLine
10
342.16666666666669
20
149.99999999999994
30
0
11
350.00000000000034
21
149.99999999999997
31
0
0
LINE
5
137
100
AcDbEntity
8
0
100
AcDbLine
10
350
20
150
30
0
11
350
21
154.20000000000002
31
0
0
LINE
5
138
100
AcDbEntity
8
0
100
AcDbLine
10
350
20
154.20000000000002
30
0
11
358.83333333333326
21
154.19999999999999
31
0
0
LINE
5
139
100
AcDbEntity
8
0
100
AcDbLine
10
358.83333333333326
20
154.19999999999999
30
0
11
358.83333333333326
21
149.99999999999994
31
0
0
LINE
5
140
100
AcDbEntity
8
0
100
AcDbLine
10
358.83333333333326
20
149.99999999999994
30
0
11
366.66666666666697
21
149.99999999999997
31
0
0
LINE
5
141
100
AcDbEntity
8
0
100
AcDbLine
10
366.66666666666663
20
150
30
0
11
366.66666666666663
21
154.20000000000002
31
0
0
LINE
5
142
100
AcDbEntity
8
0
100
AcDbLine
10
366.66666666666663
20
154.20000000000002
30
0
11
375.5
21
154.19999999999999
31
0
0
LINE
5
143
100
AcDbEntity
8
0
100
AcDbLine
10
375.5
20
154.19999999999999
30
0
11
375.5
21
149.99999999999994
31
0
0
LINE
5
144
100
AcDbEntity
8
0
100
AcDbLine
10
375.5
20
149.99999999999994
30
0
11
383.33333333333366
21
149.99999999999997
31
0
0
LINE
5
145
100
AcDbEntity
8
0
100
AcDbLine
10
383.33333333333337
20
150
30
0
11
383.33333333333326
21
154.20000000000002
31
0
0
LINE
5
146
100
AcDbEntity
8
0
100
AcDbLine
10
383.33333333333326
20
154.20000000000002
30
0
11
392.16666666666669
21
154.19999999999999
31
0
0
LINE
5
147
100
AcDbEntity
8
0
100
AcDbLine
10
392.16666666666669
20
154.19999999999999
30
0
11
392.16666666666669
21
149.99999999999994
31
0
0
LINE
5
148
100
AcDbEntity
8
0
100
AcDbLine
10
392.16666666666669
20
149.99999999999994
30
0
11
400.00000000000034
21
149.99999999999997
31
0
0
LINE
5
149
100
AcDbEntity
8
0
100
AcDbLine
10
400
20
150
30
0
11
400
21
154.20000000000002
31
0
0
LINE
5
150
100
AcDbEntity
8
0
100
AcDbLine
10
400
20
154.20000000000002
30
0
11
408.83333333333326
21
154.19999999999999
31
0
0
LINE
5
151
100
AcDbEntity
8
0
100
AcDbLine
10
408.83333333333326
20
154.19999999999999
30
0
11
408.83333333333326
21
149.99999999999994
31
0
0
LINE
5
152
100
AcDbEntity
8
0
100
AcDbLine
10
408.83333333333326
20
149.99999999999994
30
0
11
416.66666666666697
21
149.99999999999997
31
0
0
LINE
5
153
100
AcDbEntity
8
0
100
AcDbLine
10
416.66666666666674
20
150
30
0
11
416.66666666666663
21
154.20000000000002
31
0
0
LINE
5
154
100
AcDbEntity
8
0
100
AcDbLine
10
416.66666666666663
20
154.20000000000002
30
0
11
425.5
21
154.19999999999999
31
0
0
LINE
5
155
100
AcDbEntity
8
0
100
AcDbLine
10
425.5
20
154.19999999999999
30
0
11
425.5
21
149.99999999999994
31
0
0
LINE
5
156
100
AcDbEntity
8
0
100
AcDbLine
10
425.5
20
149.99999999999994
30
0
11
433.33333333333366
21
149.99999999999997
31
0
0
LINE
5
157
100
AcDbEntity
8
0
100
AcDbLine
10
433.33333333333337
20
150
30
0
11
433.33333333333326
21
154.20000000000002
31
0
0
LINE
5
158
100
AcDbEntity
8
0
100
AcDbLine
10
433.33333333333326
20
154.20000000000002
30
0
11
442.16666666666669
21
154.19999999999999
31
0
0
LINE
5
159
100
AcDbEntity
8
0
100
AcDbLine
10
442.16666666666669
20
154.19999999999999
30
0
11
442.16666666666669
21
149.99999999999994
31
0
0
LINE
5
160
100
AcDbEntity
8
0
100
AcDbLine
10
442.16666666666669
20
149.99999999999994
30
0
11
450.00000000000034
21
149.99999999999997
31
0
0
LINE
5
161
100
AcDbEntity
8
0
100
AcDbLine
10
300
20
150.00000000000003
30
0
11
300
21
157.83333333333337
31
0
0
LINE
5
162
100
AcDbEntity
8
0
100
AcDbLine
10
300
20
157.83333333333337
30
0
11
304.20000000000005
21
157.83333333333331
31
0
0
LINE
5
163
100
AcDbEntity
8
0
100
AcDbLine
10
304.20000000000005
20
157.83333333333331
30
0
11
304.20000000000005
21
166.66666666666674
31
0
0
LINE
5
164
100
AcDbEntity
8
0
100
AcDbLine
10
304.20000000000005
20
166.66666666666674
30
0
11
300
21
166.66666666666663
31
0
0
LINE
5
165
100
AcDbEntity
8
0
100
AcDbLine
10
304.20000000000005
20
183.33333333333343
30
0
11
300
21
183.33333333333331
31
0
0
LINE
5
166
100
AcDbEntity
8
0
100
AcDbLine
10
304.20000000000005
20
174.49999999999994
30
0
11
304.20000000000005
21
183.33333333333343
31
0
0
LINE
5
167
100
AcDbEntity
8
0
100
AcDbLine
10
300
20
174.50000000000003
30
0
11
304.20000000000005
21
174.49999999999994
31
0
0
LINE
5
168
100
AcDbEntity
8
0
100
AcDbLine
10
300
20
166.66666666666671
30
0
11
300
21
174.50000000000003
31
0
0
LINE
5
169
100
AcDbEntity
8
0
100
AcDbLine
10
304.20000000000005
20
200.00000000000006
30
0
11
300
21
199.99999999999997
31
0
0
LINE
5
170
100
AcDbEntity
8
0
100
AcDbLine
10
304.20000000000005
20
191.16666666666669
30
0
11
304.20000000000005
21
200.00000000000006
31
0
0
LINE
5
171
100
AcDbEntity
8
0
100
AcDbLine
10
300
20
191.16666666666669
30
0
11
304.20000000000005
21
191.16666666666669
31
0
0
LINE
5
172
100
AcDbEntity
8
0
100
AcDbLine
10
300
20
183.33333333333337
30
0
11
300
21
191.16666666666669
31
0
0
LINE
5
173
100
AcDbEntity
8
0
100
AcDbLine
10
304.20000000000005
20
216.66666666666674
30
0
11
300
21
216.66666666666663
31
0
0
LINE
5
174
100
AcDbEntity
8
0
100
AcDbLine
10
304.20000000000005
20
207.83333333333331
30
0
11
304.20000000000005
21
216.66666666666674
31
0
0
LINE
5
175
100
AcDbEntity
8
0
100
AcDbLine
10
300
20
207.83333333333337
30
0
11
304.20000000000005
21
207.83333333333331
31
0
0
LINE
5
176
100
AcDbEntity
8
0
100
AcDbLine
10
300
20
200.00000000000003
30
0
11
300
21
207.83333333333337
31
0
0
LINE
5
177
100
AcDbEntity
8
0
100
AcDbLine
10
304.20000000000005
20
233.33333333333343
30
0
11
300
21
233.33333333333331
31
0
0
LINE
5
178
100
AcDbEntity
8
0
100
AcDbLine
10
304.20000000000005
20
224.49999999999994
30
0
11
304.20000000000005
21
233.33333333333343
31
0
0
LINE
5
179
100
AcDbEntity
8
0
100
AcDbLine
10
300
20
224.50000000000003
30
0
11
304.20000000000005
21
224.49999999999994
31
0
0
LINE
5
180
100
AcDbEntity
8
0
100
AcDbLine
10
300
20
216.66666666666671
30
0
11
300
21
224.50000000000003
31
0
0
LINE
5
181
100
AcDbEntity
8
0
100
AcDbLine
10
304.20000000000005
20
250.00000000000006
30
0
11
300
21
250
31
0
0
LINE
5
182
100
AcDbEntity
8
0
100
AcDbLine
10
304.20000000000005
20
241.16666666666669
30
0
11
304.20000000000005
21
250.00000000000006
31
0
0
LINE
5
183
100
AcDbEntity
8
0
100
AcDbLine
10
300
20
241.16666666666674
30
0
11
304.20000000000005
21
241.16666666666669
31
0
0
LINE
5
184
100
AcDbEntity
8
0
100
AcDbLine
10
300
20
233.33333333333337
30
0
11
300
21
241.16666666666674
31
0
0
LINE
5
185
100
AcDbEntity
8
0
100
AcDbLine
10
304.20000000000005
20
266.66666666666674
30
0
11
300
21
266.66666666666663
31
0
0
LINE
5
186
100
AcDbEntity
8
0
100
AcDbLine
10
304.20000000000005
20
257.83333333333331
30
0
11
304.20000000000005
21
266.66666666666674
31
0
0
LINE
5
187
100
AcDbEntity
8
0
100
AcDbLine
10
300
20
257.83333333333337
30
0
11
304.20000000000005
21
257.83333333333331
31
0
0
LINE
5
188
100
AcDbEntity
8
0
100
AcDbLine
10
300
20
250.00000000000003
30
0
11
300
21
257.83333333333337
31
0
0
LINE
5
189
100
AcDbEntity
8
0
100
AcDbLine
10
304.20000000000005
20
283.33333333333343
30
0
11
300
21
283.33333333333331
31
0
0
LINE
5
190
100
AcDbEntity
8
0
100
AcDbLine
10
304.20000000000005
20
274.49999999999994
30
0
11
304.20000000000005
21
283.33333333333343
31
0
0
LINE
5
191
100
AcDbEntity
8
0
100
AcDbLine
10
300
20
274.5
30
0
11
304.20000000000005
21
274.49999999999994
31
0
0
LINE
5
192
100
AcDbEntity
8
0
100
AcDbLine
10
300
20
266.66666666666674
30
0
11
300
21
274.5
31
0
0
LINE
5
193
100
AcDbEntity
8
0
100
AcDbLine
10
304.20000000000005
20
300.00000000000006
30
0
11
300
21
300
31
0
0
LINE
5
194
100
AcDbEntity
8
0
100
AcDbLine
10
304.20000000000005
20
291.16666666666669
30
0
11
304.20000000000005
21
300.00000000000006
31
0
0
LINE
5
195
100
AcDbEntity
8
0
100
AcDbLine
10
300
20
291.16666666666674
30
0
11
304.20000000000005
21
291.16666666666669
31
0
0
LINE
5
196
100
AcDbEntity
8
0
100
AcDbLine
10
300
20
283.33333333333337
30
0
11
300
21
291.16666666666674
31
0
0
LINE
5
197
100
AcDbEntity
8
0
100
AcDbLine
10
150
20
150
30
0
11
150
21
5.2385294487332815e-31
31
0
6
DASHED
0
LINE
5
198
100
AcDbEntity
8
0
100
AcDbLine
10
0
20
75
30
0
11
300
21
75
31
0
6
DASHED
0
LINE
5
199
100
AcDbEntity
8
0
100
AcDbLine
10
-4.2000000000000126
20
266.66666666666674
30
0
11
8.0779356694631609e-27
21
266.66666666666663
31
0
0
LINE
5
200
100
AcDbEntity
8
0
100
AcDbLine
10
-4.2000000000000153
20
207.83333333333337
30
0
11
-4.2000000000000126
21
216.66666666666671
31
0
0
LINE
5
201
100
AcDbEntity
8
0
100
AcDbLine
10
-4.2000000000000153
20
191.16666666666669
30
0
11
-4.2000000000000126
21
200.00000000000003
31
0
0
LINE
5
202
100
AcDbEntity
8
0
100
AcDbLine
10
2.04107800079606e-15
20
207.83333333333337
30
0
11
-4.2000000000000153
21
207.83333333333337
31
0
0
LINE
5
203
100
AcDbEntity
8
0
100
AcDbLine
10
-4.2000000000000126
20
300.00000000000006
30
0
11
1.6155871338926322e-26
21
299.99999999999994
31
0
0
LINE
5
204
100
AcDbEntity
8
0
100
AcDbLine
10
-16.666666666666643
20
154.20000000000002
30
0
11
-25.499999999999972
21
154.19999999999999
31
0
0
LINE
5
205
100
AcDbEntity
8
0
100
AcDbLine
10
-4.2000000000000126
20
283.33333333333337
30
0
11
2.0194839173657902e-26
21
283.33333333333326
31
0
0
LINE
5
206
100
AcDbEntity
8
0
100
AcDbLine
10
-4.2000000000000126
20
250.00000000000003
30
0
11
8.0779356694631609e-27
21
249.99999999999997
31
0
0
LINE
5
207
100
AcDbEntity
8
0
100
AcDbLine
10
2.041078000800099e-15
20
291.16666666666674
30
0
11
-4.2000000000000153
21
291.16666666666669
31
0
0
LINE
5
208
100
AcDbEntity
8
0
100
AcDbLine
10
2.041078000800099e-15
20
257.83333333333337
30
0
11
-4.2000000000000153
21
257.83333333333337
31
0
0
LINE
5
209
100
AcDbEntity
8
0
100
AcDbLine
10
-4.2000000000000153
20
291.16666666666669
30
0
11
-4.2000000000000126
21
300.00000000000006
31
0
0
LINE
5
210
100
AcDbEntity
8
0
100
AcDbLine
10
-4.2000000000000153
20
257.83333333333337
30
0
11
-4.2000000000000126
21
266.66666666666674
31
0
0
LINE
5
211
100
AcDbEntity
8
0
100
AcDbLine
10
2.0410780007839431e-15
20
224.50000000000003
30
0
11
-4.2000000000000153
21
224.50000000000003
31
0
0
LINE
5
212
100
AcDbEntity
8
0
100
AcDbLine
10
-33.333333333333286
20
154.20000000000002
30
0
11
-42.166666666666686
21
154.19999999999999
31
0
0
LINE
5
213
100
AcDbEntity
8
0
100
AcDbLine
10
8.0779356694631609e-27
20
266.66666666666674
30
0
11
2.041078000800099e-15
21
274.5
31
0
0
LINE
5
214
100
AcDbEntity
8
0
100
AcDbLine
10
2.0410780007920211e-15
20
157.83333333333337
30
0
11
-4.2000000000000153
21
157.83333333333334
31
0
0
LINE
5
215
100
AcDbEntity
8
0
100
AcDbLine
10
0
20
150
30
0
11
3.5527136788005009e-14
21
154.20000000000002
31
0
0
LINE
5
216
100
AcDbEntity
8
0
100
AcDbLine
10
6.0584517520973707e-27
20
183.33333333333337
30
0
11
2.0410780007980795e-15
21
191.16666666666669
31
0
0
LINE
5
217
100
AcDbEntity
8
0
100
AcDbLine
10
-4.2000000000000153
20
157.83333333333334
30
0
11
-4.2000000000000126
21
166.66666666666671
31
0
0
LINE
5
218
100
AcDbEntity
8
0
100
AcDbLine
10
-4.2000000000000126
20
166.66666666666671
30
0
11
0
21
166.6666666666666
31
0
0
LINE
5
219
100
AcDbEntity
8
0
100
AcDbLine
10
-4.2000000000000126
20
216.66666666666671
30
0
11
-4.0389678347315804e-27
21
216.6666666666666
31
0
0
LINE
5
220
100
AcDbEntity
8
0
100
AcDbLine
10
-50
20
154.20000000000002
30
0
11
-58.833333333333258
21
154.19999999999999
31
0
0
LINE
5
221
100
AcDbEntity
8
0
100
AcDbLine
10
0
20
216.66666666666671
30
0
11
2.0410780007839431e-15
21
224.50000000000003
31
0
0
LINE
5
222
100
AcDbEntity
8
0
100
AcDbLine
10
0
20
150.00000000000003
30
0
11
2.0410780007920211e-15
21
157.83333333333337
31
0
0
LINE
5
223
100
AcDbEntity
8
0
100
AcDbLine
10
-4.2000000000000126
20
233.3333333333334
30
0
11
0
21
233.33333333333329
31
0
0
LINE
5
224
100
AcDbEntity
8
0
100
AcDbLine
10
-125.49999999999997
20
154.19999999999999
30
0
11
-125.49999999999997
21
149.99999999999994
31
0
0
LINE
5
225
100
AcDbEntity
8
0
100
AcDbLine
10
-92.166666666666686
20
154.19999999999999
30
0
11
-92.166666666666686
21
149.99999999999994
31
0
0
LINE
5
226
100
AcDbEntity
8
0
100
AcDbLine
10
-2.0194839173657902e-27
20
166.66666666666671
30
0
11
2.041078000804138e-15
21
174.50000000000003
31
0
0
LINE
5
227
100
AcDbEntity
8
0
100
AcDbLine
10
-100
20
154.20000000000002
30
0
11
-108.83333333333326
21
154.19999999999999
31
0
0
LINE
5
228
100
AcDbEntity
8
0
100
AcDbLine
10
-142.16666666666669
20
149.99999999999994
30
0
11
-150.0000000000004
21
149.99999999999997
31
0
0
LINE
5
229
100
AcDbEntity
8
0
100
AcDbLine
10
-42.166666666666686
20
149.99999999999994
30
0
11
-50.000000000000369
21
149.99999999999997
31
0
0
LINE
5
230
100
AcDbEntity
8
0
100
AcDbLine
10
-83.333333333333357
20
150
30
0
11
-83.333333333333286
21
154.20000000000002
31
0
0
LINE
5
231
100
AcDbEntity
8
0
100
AcDbLine
10
2.041078000800099e-15
20
274.5
30
0
11
-4.2000000000000153
21
274.5
31
0
0
LINE
5
232
100
AcDbEntity
8
0
100
AcDbLine
10
-4.2000000000000153
20
241.16666666666669
30
0
11
-4.2000000000000126
21
250.00000000000003
31
0
0
LINE
5
233
100
AcDbEntity
8
0
100
AcDbLine
10
1.6155871338926322e-26
20
283.33333333333337
30
0
11
2.041078000800099e-15
21
291.16666666666674
31
0
0
LINE
5
234
100
AcDbEntity
8
0
100
AcDbLine
10
-75.499999999999972
20
154.19999999999999
30
0
11
-75.499999999999972
21
149.99999999999994
31
0
0
LINE
5
235
100
AcDbEntity
8
0
100
AcDbLine
10
-4.2000000000000126
20
183.3333333333334
30
0
11
1.0097419586828951e-26
21
183.33333333333329
31
0
0
LINE
5
236
100
AcDbEntity
8
0
100
AcDbLine
10
-16.666666666666679
20
150
30
0
11
-16.666666666666643
21
154.20000000000002
31
0
0
LINE
5
237
100
AcDbEntity
8
0
100
AcDbLine
10
8.0779356694631609e-27
20
233.33333333333337
30
0
11
2.0410780007980795e-15
21
241.16666666666674
31
0
0
LINE
5
238
100
AcDbEntity
8
0
100
AcDbLine
10
-142.16666666666669
20
154.19999999999999
30
0
11
-142.16666666666669
21
149.99999999999994
31
0
0
LINE
5
239
100
AcDbEntity
8
0
100
AcDbLine
10
2.0410780007980795e-15
20
241.16666666666674
30
0
11
-4.2000000000000153
21
241.16666666666669
31
0
0
LINE
5
240
100
AcDbEntity
8
0
100
AcDbLine
10
3.5527136788005009e-14
20
154.20000000000002
30
0
11
-8.8333333333332931
21
154.19999999999999
31
0
0
LINE
5
241
100
AcDbEntity
8
0
100
AcDbLine
10
-116.66666666666664
20
154.20000000000002
30
0
11
-125.49999999999997
21
154.19999999999999
31
0
0
LINE
5
242
100
AcDbEntity
8
0
100
AcDbLine
10
0
20
200.00000000000003
30
0
11
2.04107800079606e-15
21
207.83333333333337
31
0
0
LINE
5
243
100
AcDbEntity
8
0
100
AcDbLine
10
2.0410780007980795e-15
20
191.16666666666669
30
0
11
-4.2000000000000153
21
191.16666666666669
31
0
0
LINE
5
244
100
AcDbEntity
8
0
100
AcDbLine
10
-116.66666666666671
20
150
30
0
11
-116.66666666666664
21
154.20000000000002
31
0
0
LINE
5
245
100
AcDbEntity
8
0
100
AcDbLine
10
-33.333333333333357
20
150
30
0
11
-33.333333333333286
21
154.20000000000002
31
0
0
LINE
5
246
100
AcDbEntity
8
0
100
AcDbLine
10
-83.333333333333286
20
154.20000000000002
30
0
11
-92.166666666666686
21
154.19999999999999
31
0
0
LINE
5
247
100
AcDbEntity
8
0
100
AcDbLine
10
-50
20
150
30
0
11
-50
21
154.20000000000002
31
0
0
LINE
5
248
100
AcDbEntity
8
0
100
AcDbLine
10
-108.83333333333326
20
149.99999999999994
30
0
11
-116.66666666666706
21
149.99999999999997
31
0
0
LINE
5
249
100
AcDbEntity
8
0
100
AcDbLine
10
-8.8333333333332931
20
149.99999999999994
30
0
11
-16.66666666666702
21
149.99999999999997
31
0
0
LINE
5
250
100
AcDbEntity
8
0
100
AcDbLine
10
-42.166666666666686
20
154.19999999999999
30
0
11
-42.166666666666686
21
149.99999999999994
31
0
0
LINE
5
251
100
AcDbEntity
8
0
100
AcDbLine
10
-25.499999999999972
20
154.19999999999999
30
0
11
-25.499999999999972
21
149.99999999999994
31
0
0
LINE
5
252
100
AcDbEntity
8
0
100
AcDbLine
10
-25.499999999999972
20
149.99999999999994
30
0
11
-33.333333333333663
21
149.99999999999997
31
0
0
LINE
5
253
100
AcDbEntity
8
0
100
AcDbLine
10
-8.8333333333332931
20
154.19999999999999
30
0
11
-8.8333333333332931
21
149.99999999999994
31
0
0
LINE
5
254
100
AcDbEntity
8
0
100
AcDbLine
10
-133.33333333333337
20
150
30
0
11
-133.33333333333329
21
154.20000000000002
31
0
0
LINE
5
255
100
AcDbEntity
8
0
100
AcDbLine
10
-58.833333333333258
20
154.19999999999999
30
0
11
-58.833333333333258
21
149.99999999999994
31
0
0
LINE
5
256
100
AcDbEntity
8
0
100
AcDbLine
10
-92.166666666666686
20
149.99999999999994
30
0
11
-100.00000000000041
21
149.99999999999997
31
0
0
LINE
5
257
100
AcDbEntity
8
0
100
AcDbLine
10
-75.499999999999972
20
149.99999999999994
30
0
11
-83.333333333333698
21
149.99999999999997
31
0
0
LINE
5
258
100
AcDbEntity
8
0
100
AcDbLine
10
-108.83333333333326
20
154.19999999999999
30
0
11
-108.83333333333326
21
149.99999999999994
31
0
0
LINE
5
259
100
AcDbEntity
8
0
100
AcDbLine
10
-100
20
150
30
0
11
-100
21
154.20000000000002
31
0
0
LINE
5
260
100
AcDbEntity
8
0
100
AcDbLine
10
-66.666666666666643
20
150
30
0
11
-66.666666666666643
21
154.20000000000002
31
0
0
LINE
5
261
100
AcDbEntity
8
0
100
AcDbLine
10
-125.49999999999997
20
149.99999999999994
30
0
11
-133.33333333333368
21
149.99999999999997
31
0
0
LINE
5
262
100
AcDbEntity
8
0
100
AcDbLine
10
-133.33333333333329
20
154.20000000000002
30
0
11
-142.16666666666669
21
154.19999999999999
31
0
0
LINE
5
263
100
AcDbEntity
8
0
100
AcDbLine
10
-58.833333333333258
20
149.99999999999994
30
0
11
-66.666666666667012
21
149.99999999999997
31
0
0
LINE
5
264
100
AcDbEntity
8
0
100
AcDbLine
10
2.041078000804138e-15
20
174.50000000000003
30
0
11
-4.2000000000000153
21
174.50000000000003
31
0
0
LINE
5
265
100
AcDbEntity
8
0
100
AcDbLine
10
-4.2000000000000126
20
200.00000000000003
30
0
11
1.4136387421560532e-26
21
199.99999999999994
31
0
0
LINE
5
266
100
AcDbEntity
8
0
100
AcDbLine
10
0
20
250.00000000000003
30
0
11
2.041078000800099e-15
21
257.83333333333337
31
0
0
LINE
5
267
100
AcDbEntity
8
0
100
AcDbLine
10
-4.2000000000000153
20
174.50000000000003
30
0
11
-4.2000000000000126
21
183.3333333333334
31
0
0
LINE
5
268
100
AcDbEntity
8
0
100
AcDbLine
10
-66.666666666666643
20
154.20000000000002
30
0
11
-75.499999999999972
21
154.19999999999999
31
0
0
LINE
5
269
100
AcDbEntity
8
0
100
AcDbLine
10
-4.2000000000000153
20
224.50000000000003
30
0
11
-4.2000000000000126
21
233.3333333333334
31
0
0
LINE
5
270
100
AcDbEntity
8
0
100
AcDbLine
10
-4.2000000000000153
20
274.5
30
0
11
-4.2000000000000126
21
283.33333333333337
31
0
0
LINE
5
271
100
AcDbEntity
8
0
100
AcDbLine
10
-50
20
0
30
0
11
-50
21
-4.2000000000000171
31
0
0
LINE
5
272
100
AcDbEntity
8
0
100
AcDbLine
10
-33.333333333333357
20
0
30
0
11
-33.333333333333286
21
-4.2000000000000171
31
0
0
LINE
5
273
100
AcDbEntity
8
0
100
AcDbLine
10
-142.16666666666669
20
-4.1999999999999993
30
0
11
-142.16666666666669
21
5.3290705182007514e-14
31
0
0
LINE
5
274
100
AcDbEntity
8
0
100
AcDbLine
10
-100
20
0
30
0
11
-100
21
-4.2000000000000171
31
0
0
LINE
5
275
100
AcDbEntity
8
0
100
AcDbLine
10
-133.33333333333329
20
-4.2000000000000171
30
0
11
-142.16666666666669
21
-4.1999999999999993
31
0
0
LINE
5
276
100
AcDbEntity
8
0
100
AcDbLine
10
-42.166666666666686
20
5.3290705182007514e-14
30
0
11
-50.000000000000362
21
3.5527136788005009e-14
31
0
0
LINE
5
277
100
AcDbEntity
8
0
100
AcDbLine
10
-92.166666666666686
20
-4.1999999999999993
30
0
11
-92.166666666666686
21
5.3290705182007514e-14
31
0
0
LINE
5
278
100
AcDbEntity
8
0
100
AcDbLine
10
-116.66666666666671
20
0
30
0
11
-116.66666666666664
21
-4.2000000000000171
31
0
0
LINE
5
279
100
AcDbEntity
8
0
100
AcDbLine
10
-92.166666666666686
20
5.3290705182007514e-14
30
0
11
-100.0000000000004
21
3.5527136788005009e-14
31
0
0
LINE
5
280
100
AcDbEntity
8
0
100
AcDbLine
10
-33.333333333333286
20
-4.2000000000000171
30
0
11
-42.166666666666686
21
-4.1999999999999993
31
0
0
LINE
5
281
100
AcDbEntity
8
0
100
AcDbLine
10
-83.333333333333286
20
-4.2000000000000171
30
0
11
-92.166666666666686
21
-4.1999999999999993
31
0
0
LINE
5
282
100
AcDbEntity
8
0
100
AcDbLine
10
-66.666666666666643
20
0
30
0
11
-66.666666666666643
21
-4.2000000000000171
31
0
0
LINE
5
283
100
AcDbEntity
8
0
100
AcDbLine
10
-50
20
-4.2000000000000171
30
0
11
-58.833333333333258
21
-4.1999999999999993
31
0
0
LINE
5
284
100
AcDbEntity
8
0
100
AcDbLine
10
-108.83333333333326
20
-4.1999999999999993
30
0
11
-108.83333333333326
21
5.3290705182007514e-14
31
0
0
LINE
5
285
100
AcDbEntity
8
0
100
AcDbLine
10
-125.49999999999997
20
5.3290705182007514e-14
30
0
11
-133.33333333333368
21
3.5527136788005009e-14
31
0
0
LINE
5
286
100
AcDbEntity
8
0
100
AcDbLine
10
-42.166666666666686
20
-4.1999999999999993
30
0
11
-42.166666666666686
21
5.3290705182007514e-14
31
0
0
LINE
5
287
100
AcDbEntity
8
0
100
AcDbLine
10
-83.333333333333357
20
0
30
0
11
-83.333333333333286
21
-4.2000000000000171
31
0
0
LINE
5
288
100
AcDbEntity
8
0
100
AcDbLine
10
-116.66666666666664
20
-4.2000000000000171
30
0
11
-125.49999999999997
21
-4.1999999999999993
31
0
0
LINE
5
289
100
AcDbEntity
8
0
100
AcDbLine
10
-66.666666666666643
20
-4.2000000000000171
30
0
11
-75.499999999999972
21
-4.1999999999999993
31
0
0
LINE
5
290
100
AcDbEntity
8
0
100
AcDbLine
10
-100
20
-4.2000000000000171
30
0
11
-108.83333333333326
21
-4.1999999999999993
31
0
0
LINE
5
291
100
AcDbEntity
8
0
100
AcDbLine
10
-142.16666666666669
20
5.3290705182007514e-14
30
0
11
-150.0000000000004
21
3.5527136788005009e-14
31
0
0
LINE
5
292
100
AcDbEntity
8
0
100
AcDbLine
10
-25.499999999999972
20
5.3290705182007514e-14
30
0
11
-33.333333333333655
21
3.5527136788005009e-14
31
0
0
LINE
5
293
100
AcDbEntity
8
0
100
AcDbLine
10
-75.499999999999972
20
5.3290705182007514e-14
30
0
11
-83.333333333333684
21
3.5527136788005009e-14
31
0
0
LINE
5
294
100
AcDbEntity
8
0
100
AcDbLine
10
-16.666666666666679
20
0
30
0
11
-16.666666666666643
21
-4.2000000000000171
31
0
0
LINE
5
295
100
AcDbEntity
8
0
100
AcDbLine
10
-108.83333333333326
20
5.3290705182007514e-14
30
0
11
-116.66666666666664
21
3.5527136788005009e-14
31
0
0
LINE
5
296
100
AcDbEntity
8
0
100
AcDbLine
10
-25.499999999999972
20
-4.1999999999999993
30
0
11
-25.499999999999972
21
5.3290705182007514e-14
31
0
0
LINE
5
297
100
AcDbEntity
8
0
100
AcDbLine
10
-8.8333333333332931
20
-4.1999999999999993
30
0
11
-8.8333333333332931
21
5.3290705182007514e-14
31
0
0
LINE
5
298
100
AcDbEntity
8
0
100
AcDbLine
10
-58.833333333333258
20
5.3290705182007514e-14
30
0
11
-66.666666666667012
21
3.5527136788005009e-14
31
0
0
LINE
5
299
100
AcDbEntity
8
0
100
AcDbLine
10
-16.666666666666643
20
-4.2000000000000171
30
0
11
-25.499999999999972
21
-4.1999999999999993
31
0
0
LINE
5
300
100
AcDbEntity
8
0
100
AcDbLine
10
-8.8333333333332931
20
5.3290705182007514e-14
30
0
11
-16.666666666667012
21
3.5527136788005009e-14
31
0
0
LINE
5
301
100
AcDbEntity
8
0
100
AcDbLine
10
-58.833333333333258
20
-4.1999999999999993
30
0
11
-58.833333333333258
21
5.3290705182007514e-14
31
0
0
LINE
5
302
100
AcDbEntity
8
0
100
AcDbLine
10
-125.49999999999997
20
-4.1999999999999993
30
0
11
-125.49999999999997
21
5.3290705182007514e-14
31
0
0
LINE
5
303
100
AcDbEntity
8
0
100
AcDbLine
10
-75.499999999999972
20
-4.1999999999999993
30
0
11
-75.499999999999972
21
5.3290705182007514e-14
31
0
0
LINE
5
304
100
AcDbEntity
8
0
100
AcDbLine
10
-133.33333333333337
20
0
30
0
11
-133.33333333333329
21
-4.2000000000000171
31
0
0
LINE
5
305
100
AcDbEntity
8
0
100
AcDbLine
10
0
20
-4.2000000000000171
30
0
11
-8.8333333333332931
21
-4.1999999999999993
31
0
0
LINE
5
306
100
AcDbEntity
8
0
100
AcDbLine
10
1.2246467991473534e-14
20
-150
30
0
11
0
21
0
31
0
6
DASHED
0
LINE
5
307
100
AcDbEntity
8
0
100
AcDbLine
10
300
20
-83.333333333333357
30
0
11
300
21
-91.166666666666742
31
0
0
LINE
5
308
100
AcDbEntity
8
0
100
AcDbLine
10
304.20000000000005
20
-66.666666666666742
30
0
11
300
21
-66.666666666666657
31
0
0
LINE
5
309
100
AcDbEntity
8
0
100
AcDbLine
10
425.5
20
-4.1999999999999993
30
0
11
425.5
21
5.3290705182007514e-14
31
0
0
LINE
5
310
100
AcDbEntity
8
0
100
AcDbLine
10
383.33333333333326
20
-4.2000000000000171
30
0
11
392.16666666666669
21
-4.1999999999999993
31
0
0
LINE
5
311
100
AcDbEntity
8
0
100
AcDbLine
10
416.66666666666674
20
0
30
0
11
416.66666666666663
21
-4.2000000000000171
31
0
0
LINE
5
312
100
AcDbEntity
8
0
100
AcDbLine
10
400
20
-4.2000000000000171
30
0
11
408.83333333333326
21
-4.1999999999999993
31
0
0
LINE
5
313
100
AcDbEntity
8
0
100
AcDbLine
10
304.20000000000005
20
-16.66666666666675
30
0
11
300
21
-16.666666666666643
31
0
0
LINE
5
314
100
AcDbEntity
8
0
100
AcDbLine
10
300
20
-141.16666666666677
30
0
11
304.20000000000005
21
-141.16666666666663
31
0
0
LINE
5
315
100
AcDbEntity
8
0
100
AcDbLine
10
304.20000000000005
20
-50.000000000000071
30
0
11
300
21
-49.999999999999964
31
0
0
LINE
5
316
100
AcDbEntity
8
0
100
AcDbLine
10
433.33333333333326
20
-4.2000000000000171
30
0
11
442.16666666666669
21
-4.1999999999999993
31
0
0
LINE
5
317
100
AcDbEntity
8
0
100
AcDbLine
10
300
20
-124.50000000000003
30
0
11
304.20000000000005
21
-124.5
31
0
0
LINE
5
318
100
AcDbEntity
8
0
100
AcDbLine
10
300
20
-107.83333333333337
30
0
11
304.20000000000005
21
-107.83333333333333
31
0
0
LINE
5
319
100
AcDbEntity
8
0
100
AcDbLine
10
304.20000000000005
20
-41.166666666666636
30
0
11
304.20000000000005
21
-50.000000000000071
31
0
0
LINE
5
320
100
AcDbEntity
8
0
100
AcDbLine
10
304.20000000000005
20
-57.83333333333335
30
0
11
304.20000000000005
21
-66.666666666666742
31
0
0
LINE
5
321
100
AcDbEntity
8
0
100
AcDbLine
10
304.20000000000005
20
-116.66666666666674
30
0
11
300
21
-116.66666666666664
31
0
0
LINE
5
322
100
AcDbEntity
8
0
100
AcDbLine
10
358.83333333333326
20
5.3290705182007514e-14
30
0
11
366.66666666666697
21
3.5527136788005009e-14
31
0
0
LINE
5
323
100
AcDbEntity
8
0
100
AcDbLine
10
325.5
20
-4.1999999999999993
30
0
11
325.5
21
5.3290705182007514e-14
31
0
0
LINE
5
324
100
AcDbEntity
8
0
100
AcDbLine
10
383.33333333333337
20
0
30
0
11
383.33333333333326
21
-4.2000000000000171
31
0
0
LINE
5
325
100
AcDbEntity
8
0
100
AcDbLine
10
350
20
0
30
0
11
350
21
-4.2000000000000171
31
0
0
LINE
5
326
100
AcDbEntity
8
0
100
AcDbLine
10
325.5
20
5.3290705182007514e-14
30
0
11
333.33333333333371
21
3.5527136788005009e-14
31
0
0
LINE
5
327
100
AcDbEntity
8
0
100
AcDbLine
10
392.16666666666669
20
5.3290705182007514e-14
30
0
11
400.00000000000045
21
3.5527136788005009e-14
31
0
0
LINE
5
328
100
AcDbEntity
8
0
100
AcDbLine
10
408.83333333333326
20
5.3290705182007514e-14
30
0
11
416.66666666666697
21
3.5527136788005009e-14
31
0
0
LINE
5
329
100
AcDbEntity
8
0
100
AcDbLine
10
366.66666666666663
20
0
30
0
11
366.66666666666663
21
-4.2000000000000171
31
0
0
LINE
5
330
100
AcDbEntity
8
0
100
AcDbLine
10
316.66666666666669
20
0
30
0
11
316.66666666666663
21
-4.2000000000000171
31
0
0
LINE
5
331
100
AcDbEntity
8
0
100
AcDbLine
10
333.33333333333337
20
0
30
0
11
333.33333333333326
21
-4.2000000000000171
31
0
0
LINE
5
332
100
AcDbEntity
8
0
100
AcDbLine
10
408.83333333333326
20
-4.1999999999999993
30
0
11
408.83333333333326
21
5.3290705182007514e-14
31
0
0
LINE
5
333
100
AcDbEntity
8
0
100
AcDbLine
10
433.33333333333337
20
0
30
0
11
433.33333333333326
21
-4.2000000000000171
31
0
0
LINE
5
334
100
AcDbEntity
8
0
100
AcDbLine
10
375.5
20
-4.1999999999999993
30
0
11
375.5
21
5.3290705182007514e-14
31
0
0
LINE
5
335
100
AcDbEntity
8
0
100
AcDbLine
10
304.20000000000005
20
-150.00000000000006
30
0
11
300
21
-150
31
0
0
LINE
5
336
100
AcDbEntity
8
0
100
AcDbLine
10
416.66666666666663
20
-4.2000000000000171
30
0
11
425.5
21
-4.1999999999999993
31
0
0
LINE
5
337
100
AcDbEntity
8
0
100
AcDbLine
10
304.20000000000005
20
-124.5
30
0
11
304.20000000000005
21
-133.33333333333343
31
0
0
LINE
5
338
100
AcDbEntity
8
0
100
AcDbLine
10
304.20000000000005
20
-133.33333333333343
30
0
11
300
21
-133.33333333333331
31
0
0
LINE
5
339
100
AcDbEntity
8
0
100
AcDbLine
10
316.66666666666663
20
-4.2000000000000171
30
0
11
325.5
21
-4.1999999999999993
31
0
0
LINE
5
340
100
AcDbEntity
8
0
100
AcDbLine
10
300
20
0
30
0
11
300
21
-4.2000000000000171
31
0
0
LINE
5
341
100
AcDbEntity
8
0
100
AcDbLine
10
300
20
-91.166666666666742
30
0
11
304.20000000000005
21
-91.166666666666629
31
0
0
LINE
5
342
100
AcDbEntity
8
0
100
AcDbLine
10
300
20
-133.33333333333337
30
0
11
300
21
-141.16666666666677
31
0
0
LINE
5
343
100
AcDbEntity
8
0
100
AcDbLine
10
300
20
-24.500000000000028
30
0
11
304.20000000000005
21
-24.499999999999993
31
0
0
LINE
5
344
100
AcDbEntity
8
0
100
AcDbLine
10
304.20000000000005
20
-91.166666666666629
30
0
11
304.20000000000005
21
-100.00000000000007
31
0
0
LINE
5
345
100
AcDbEntity
8
0
100
AcDbLine
10
333.33333333333326
20
-4.2000000000000171
30
0
11
342.16666666666669
21
-4.1999999999999993
31
0
0
LINE
5
346
100
AcDbEntity
8
0
100
AcDbLine
10
300
20
-74.500000000000028
30
0
11
304.20000000000005
21
-74.5
31
0
0
LINE
5
347
100
AcDbEntity
8
0
100
AcDbLine
10
300
20
-3.5527136788005009e-14
30
0
11
300
21
-150.00000000000003
31
0
6
DASHED
0
LINE
5
348
100
AcDbEntity
8
0
100
AcDbLine
10
304.20000000000005
20
-107.83333333333333
30
0
11
304.20000000000005
21
-116.66666666666674
31
0
0
LINE
5
349
100
AcDbEntity
8
0
100
AcDbLine
10
304.20000000000005
20
-24.499999999999993
30
0
11
304.20000000000005
21
-33.333333333333428
31
0
0
LINE
5
350
100
AcDbEntity
8
0
100
AcDbLine
10
304.20000000000005
20
-74.5
30
0
11
304.20000000000005
21
-83.333333333333428
31
0
0
LINE
5
351
100
AcDbEntity
8
0
100
AcDbLine
10
300
20
-50.000000000000036
30
0
11
300
21
-57.833333333333385
31
0
0
LINE
5
352
100
AcDbEntity
8
0
100
AcDbLine
10
300
20
-16.666666666666714
30
0
11
300
21
-24.500000000000028
31
0
0
LINE
5
353
100
AcDbEntity
8
0
100
AcDbLine
10
304.20000000000005
20
-141.16666666666663
30
0
11
304.20000000000005
21
-150.00000000000006
31
0
0
LINE
5
354
100
AcDbEntity
8
0
100
AcDbLine
10
300
20
-41.166666666666671
30
0
11
304.20000000000005
21
-41.166666666666636
31
0
0
LINE
5
355
100
AcDbEntity
8
0
100
AcDbLine
10
300
20
-7.8333333333333677
30
0
11
304.20000000000005
21
-7.8333333333333144
31
0
0
LINE
5
356
100
AcDbEntity
8
0
100
AcDbLine
10
304.20000000000005
20
-100.00000000000007
30
0
11
300
21
-100
31
0
0
LINE
5
357
100
AcDbEntity
8
0
100
AcDbLine
10
300
20
-57.833333333333385
30
0
11
304.20000000000005
21
-57.83333333333335
31
0
0
LINE
5
358
100
AcDbEntity
8
0
100
AcDbLine
10
308.83333333333331
20
5.3290705182007514e-14
30
0
11
316.66666666666703
21
3.5527136788005009e-14
31
0
0
LINE
5
359
100
AcDbEntity
8
0
100
AcDbLine
10
425.5
20
5.3290705182007514e-14
30
0
11
433.33333333333371
21
3.5527136788005009e-14
31
0
0
LINE
5
360
100
AcDbEntity
8
0
100
AcDbLine
10
342.16666666666669
20
5.3290705182007514e-14
30
0
11
350.00000000000045
21
3.5527136788005009e-14
31
0
0
LINE
5
361
100
AcDbEntity
8
0
100
AcDbLine
10
400
20
0
30
0
11
400
21
-4.2000000000000171
31
0
0
LINE
5
362
100
AcDbEntity
8
0
100
AcDbLine
10
300
20
-66.666666666666714
30
0
11
300
21
-74.500000000000028
31
0
0
LINE
5
363
100
AcDbEntity
8
0
100
AcDbLine
10
300
20
-100.00000000000003
30
0
11
300
21
-107.83333333333337
31
0
0
LINE
5
364
100
AcDbEntity
8
0
100
AcDbLine
10
300
20
-116.66666666666671
30
0
11
300
21
-124.50000000000003
31
0
0
LINE
5
365
100
AcDbEntity
8
0
100
AcDbLine
10
358.83333333333326
20
-4.1999999999999993
30
0
11
358.83333333333326
21
5.3290705182007514e-14
31
0
0
LINE
5
366
100
AcDbEntity
8
0
100
AcDbLine
10
392.16666666666669
20
-4.1999999999999993
30
0
11
392.16666666666669
21
5.3290705182007514e-14
31
0
0
LINE
5
367
100
AcDbEntity
8
0
100
AcDbLine
10
442.16666666666669
20
-4.1999999999999993
30
0
11
442.16666666666669
21
5.3290705182007514e-14
31
0
0
LINE
5
368
100
AcDbEntity
8
0
100
AcDbLine
10
308.83333333333331
20
-4.1999999999999993
30
0
11
308.83333333333331
21
5.3290705182007514e-14
31
0
0
LINE
5
369
100
AcDbEntity
8
0
100
AcDbLine
10
375.5
20
5.3290705182007514e-14
30
0
11
383.33333333333371
21
3.5527136788005009e-14
31
0
0
LINE
5
370
100
AcDbEntity
8
0
100
AcDbLine
10
342.16666666666669
20
-4.1999999999999993
30
0
11
342.16666666666669
21
5.3290705182007514e-14
31
0
0
LINE
5
371
100
AcDbEntity
8
0
100
AcDbLine
10
300
20
-33.333333333333357
30
0
11
300
21
-41.166666666666671
31
0
0
LINE
5
372
100
AcDbEntity
8
0
100
AcDbLine
10
366.66666666666663
20
-4.2000000000000171
30
0
11
375.5
21
-4.1999999999999993
31
0
0
LINE
5
373
100
AcDbEntity
8
0
100
AcDbLine
10
300
20
-4.2000000000000171
30
0
11
308.83333333333331
21
-4.1999999999999993
31
0
0
LINE
5
374
100
AcDbEntity
8
0
100
AcDbLine
10
350
20
-4.2000000000000171
30
0
11
358.83333333333326
21
-4.1999999999999993
31
0
0
LINE
5
375
100
AcDbEntity
8
0
100
AcDbLine
10
300
20
-3.5527136788005009e-14
30
0
11
300
21
-7.8333333333333677
31
0
0
LINE
5
376
100
AcDbEntity
8
0
100
AcDbLine
10
304.20000000000005
20
-83.333333333333428
30
0
11
300
21
-83.333333333333314
31
0
0
LINE
5
377
100
AcDbEntity
8
0
100
AcDbLine
10
304.20000000000005
20
-33.333333333333428
30
0
11
300
21
-33.333333333333321
31
0
0
LINE
5
378
100
AcDbEntity
8
0
100
AcDbLine
10
304.20000000000005
20
-7.8333333333333144
30
0
11
304.20000000000005
21
-16.66666666666675
31
0
0
LINE
5
379
100
AcDbEntity
8
0
100
AcDbLine
10
300
20
0
30
0
11
450
21
-7.1054273576010019e-14
31
0
6
DASHED
0
LINE
5
380
100
AcDbEntity
8
0
100
AcDbLine
10
0
20
75
30
0
11
300
21
75
31
0
6
DASHED
0
LINE
5
381
100
AcDbEntity
8
0
100
AcDbLine
10
-4.2000000000000153
20
-66.666666666666742
30
0
11
3.8378923610084515e-16
21
-66.666666666666657
31
0
0
LINE
5
382
100
AcDbEntity
8
0
100
AcDbLine
10
-4.2000000000000171
20
-41.166666666666636
30
0
11
-4.2000000000000153
21
-50.000000000000071
31
0
0
LINE
5
383
100
AcDbEntity
8
0
100
AcDbLine
10
-4.2000000000000171
20
-107.83333333333333
30
0
11
-4.2000000000000153
21
-116.66666666666674
31
0
0
LINE
5
384
100
AcDbEntity
8
0
100
AcDbLine
10
-4.2000000000000171
20
-91.166666666666629
30
0
11
-4.2000000000000153
21
-100.00000000000007
31
0
0
LINE
5
385
100
AcDbEntity
8
0
100
AcDbLine
10
-4.2000000000000171
20
-57.83333333333335
30
0
11
-4.2000000000000153
21
-66.666666666666742
31
0
0
LINE
5
386
100
AcDbEntity
8
0
100
AcDbLine
10
-4.2000000000000171
20
-7.8333333333333144
30
0
11
-4.2000000000000153
21
-16.66666666666675
31
0
0
LINE
5
387
100
AcDbEntity
8
0
100
AcDbLine
10
-4.2000000000000171
20
-124.5
30
0
11
-4.2000000000000153
21
-133.33333333333343
31
0
0
LINE
5
388
100
AcDbEntity
8
0
100
AcDbLine
10
0
20
-33.333333333333357
30
0
11
0
21
-41.166666666666671
31
0
0
LINE
5
389
100
AcDbEntity
8
0
100
AcDbLine
10
-4.2000000000000171
20
-74.5
30
0
11
-4.2000000000000153
21
-83.333333333333428
31
0
0
LINE
5
390
100
AcDbEntity
8
0
100
AcDbLine
10
-4.2000000000000171
20
-141.16666666666663
30
0
11
-4.2000000000000153
21
-150.00000000000006
31
0
0
LINE
5
391
100
AcDbEntity
8
0
100
AcDbLine
10
-4.2000000000000171
20
-24.499999999999993
30
0
11
-4.2000000000000153
21
-33.333333333333428
31
0
0
LINE
5
392
100
AcDbEntity
8
0
100
AcDbLine
10
-4.2000000000000153
20
-83.333333333333428
30
0
11
-1.6572887624805668e-15
21
-83.333333333333314
31
0
0
LINE
5
393
100
AcDbEntity
8
0
100
AcDbLine
10
0
20
-107.83333333333337
30
0
11
-4.2000000000000171
21
-107.83333333333333
31
0
0
LINE
5
394
100
AcDbEntity
8
0
100
AcDbLine
10
0
20
-7.8333333333333677
30
0
11
-4.2000000000000171
21
-7.8333333333333144
31
0
0
LINE
5
395
100
AcDbEntity
8
0
100
AcDbLine
10
0
20
-141.16666666666677
30
0
11
-4.2000000000000171
21
-141.16666666666663
31
0
0
LINE
5
396
100
AcDbEntity
8
0
100
AcDbLine
10
-4.2000000000000153
20
-16.66666666666675
30
0
11
6.5070232318373911e-15
21
-16.666666666666643
31
0
0
LINE
5
397
100
AcDbEntity
8
0
100
AcDbLine
10
-4.2000000000000153
20
-133.33333333333343
30
0
11
-7.7805227582150365e-15
21
-133.33333333333331
31
0
0
LINE
5
398
100
AcDbEntity
8
0
100
AcDbLine
10
-4.2000000000000153
20
-50.000000000000071
30
0
11
2.4248672346797308e-15
21
-49.999999999999964
31
0
0
LINE
5
399
100
AcDbEntity
8
0
100
AcDbLine
10
0
20
-83.333333333333357
30
0
11
0
21
-91.166666666666742
31
0
0
LINE
5
400
100
AcDbEntity
8
0
100
AcDbLine
10
0
20
-74.500000000000028
30
0
11
-4.2000000000000171
21
-74.5
31
0
0
LINE
5
401
100
AcDbEntity
8
0
100
AcDbLine
10
0
20
-66.666666666666714
30
0
11
0
21
-74.500000000000028
31
0
0
LINE
5
402
100
AcDbEntity
8
0
100
AcDbLine
10
0
20
-100.00000000000003
30
0
11
0
21
-107.83333333333337
31
0
0
LINE
5
403
100
AcDbEntity
8
0
100
AcDbLine
10
-4.2000000000000153
20
-116.66666666666674
30
0
11
-5.7394447596384169e-15
21
-116.66666666666664
31
0
0
LINE
5
404
100
AcDbEntity
8
0
100
AcDbLine
10
0
20
-116.66666666666671
30
0
11
0
21
-124.50000000000003
31
0
0
LINE
5
405
100
AcDbEntity
8
0
100
AcDbLine
10
0
20
-91.166666666666742
30
0
11
-4.2000000000000171
21
-91.166666666666629
31
0
0
LINE
5
406
100
AcDbEntity
8
0
100
AcDbLine
10
-4.2000000000000153
20
-33.333333333333428
30
0
11
4.4659452332585296e-15
21
-33.333333333333321
31
0
0
LINE
5
407
100
AcDbEntity
8
0
100
AcDbLine
10
0
20
-57.833333333333385
30
0
11
-4.2000000000000171
21
-57.83333333333335
31
0
0
LINE
5
408
100
AcDbEntity
8
0
100
AcDbLine
10
0
20
-50.000000000000036
30
0
11
0
21
-57.833333333333385
31
0
0
LINE
5
409
100
AcDbEntity
8
0
100
AcDbLine
10
0
20
-41.166666666666671
30
0
11
-4.2000000000000171
21
-41.166666666666636
31
0
0
LINE
5
410
100
AcDbEntity
8
0
100
AcDbLine
10
0
20
-133.33333333333337
30
0
11
0
21
-141.16666666666677
31
0
0
LINE
5
411
100
AcDbEntity
8
0
100
AcDbLine
10
0
20
-24.500000000000028
30
0
11
-4.2000000000000171
21
-24.499999999999993
31
0
0
LINE
5
412
100
AcDbEntity
8
0
100
AcDbLine
10
-4.2000000000000153
20
-100.00000000000007
30
0
11
-3.6983667610594938e-15
21
-100
31
0
0
LINE
5
413
100
AcDbEntity
8
0
100
AcDbLine
10
0
20
-16.666666666666714
30
0
11
0
21
-24.500000000000028
31
0
0
LINE
5
414
100
AcDbEntity
8
0
100
AcDbLine
10
-4.2000000000000153
20
-150.00000000000006
30
0
11
7.9419676372062376e-15
21
-150
31
0
0
LINE
5
415
100
AcDbEntity
8
0
100
AcDbLine
10
0
20
-124.50000000000003
30
0
11
-4.2000000000000171
21
-124.5
31
0
0
LINE
5
416
100
AcDbEntity
8
0
100
AcDbLine
10
0
20
-3.5527136788005009e-14
30
0
11
0
21
-7.8333333333333677
31
0
0
LINE
5
417
100
AcDbEntity
8
0
100
AcDbLine
10
442.16666666666669
20
5.3290705182007514e-14
30
0
11
450
21
-7.1054273576010019e-14
31
0
0
LWPOLYLINE
5
418
100
AcDbEntity
8
0
100
AcDbPolyline
90
80
70
1
43
0.0
10
241.76027059732175
20
194.99637475050645
10
240.05407629190185
20
195.20693198876731
10
238.2837386148999
20
195.6528107805764
10
236.51340093789796
20
196.09870572127062
10
234.55536476948157
20
196.89496687290227
10
232.59732860106521
20
197.69122802453393
10
230.65280097502767
20
198.88958026605013
10
228.70826527454756
20
200.08792443312362
10
226.17278534748448
20
202.58399300612166
10
223.63729734597905
20
205.08006965356228
10
222.53714647470218
20
206.77573488590272
10
221.43699560342532
20
208.47140819268577
10
220.70084060210291
20
210.06602177656842
10
219.96467752633791
20
211.66063536045107
10
219.48851957498292
20
213.11424495416043
10
219.01236162362792
20
214.56786262231225
10
218.6351640401115
20
216.51798987425522
10
218.25796645659508
20
218.46811308897691
10
218.26621853687669
20
221.41801781691265
10
218.2744706171583
20
224.36792254484843
10
218.76281290231447
20
226.70389510827414
10
219.25115518747072
20
229.0398595972573
10
219.94374857125985
20
230.78838013050108
10
220.63634195504881
20
232.53690066374489
10
221.44878428954186
20
234.0118510091022
10
222.26123469847744
20
235.48680135445943
10
223.35719493407311
20
236.97767046329531
10
224.45315516966878
20
238.468551683795
10
226.45250826059083
20
240.38659917550439
10
228.45186135151289
20
242.30464666721383
10
229.93056631265381
20
243.27567912774435
10
231.40927127379479
20
244.24669947661116
10
233.22921025135415
20
245.12607893980692
10
235.04914922891359
20
246.00545436578145
10
236.50645691730881
20
246.47506798145321
10
237.96377268014652
20
246.94468159712505
10
239.91885360259118
20
247.3235748135761
10
241.87393452503585
20
247.7024801416909
10
244.71759170073574
20
247.7024801416909
10
247.56124887643557
20
247.7024801416909
10
249.55746908364995
20
247.31589198149402
10
251.55368929086427
20
246.92930382129703
10
253.53858912962977
20
246.23782471057922
10
255.52348896839527
20
245.54635367430399
10
257.22968327381511
20
244.62828551965112
10
258.93586950479255
20
243.71022543944071
10
260.43054571328861
20
242.61391800281558
10
261.92520577289963
20
241.51762267785421
10
263.84639018553798
20
239.52333226240825
10
265.76757459817634
20
237.52904588418352
10
266.88291349588133
20
235.83337257740055
10
267.99825239358648
20
234.13771138228134
10
268.73441546935146
20
232.54309779839866
10
269.47057854511638
20
230.94848017729475
10
269.9467284220288
20
229.49486250914291
10
270.42287829894127
20
228.04125291543357
10
270.79874359943773
20
226.09112566349063
10
271.17460889993419
20
224.14100244876892
10
271.17460889993413
20
221.30455171304101
10
271.17460889993413
20
218.46810905175559
10
270.79102443236411
20
216.47694344557479
10
270.40743996479415
20
214.48578591383651
10
269.70757958271406
20
212.50591645277694
10
269.00770305174888
20
210.52604699171741
10
268.43212448933025
20
209.39145862298372
10
267.85652977802664
20
208.25688640313498
10
266.81109940388103
20
206.66846591668485
10
265.76565288085044
20
205.08006157911976
10
263.94320275165933
20
203.1720304333881
10
262.12076877135337
20
201.26399928765647
10
260.38578100381591
20
199.97381641106966
10
258.6507932362785
20
198.68363353448271
10
256.51841370441809
20
197.64031058984156
10
254.38603417255774
20
196.59699571964299
10
252.93844811298743
20
196.13389414188421
10
251.4908620534172
20
195.67080063856795
10
249.74342349547445
20
195.34015221632674
10
247.99598493753177
20
195.00950379408553
10
245.73118454792404
20
194.8976566159443
10
243.46638415831623
20
194.78580136336046
0
LWPOLYLINE
5
419
100
AcDbEntity
8
0
100
AcDbPolyline
90
86
70
1
43
0.0
10
250.93121436614095
20
196.20271261570014
10
253.16364431558353
20
196.77876757022898
10
254.98480253396733
20
197.56413629886663
10
256.80596882679362
20
198.34949695306176
10
258.06104402719239
20
199.10524862644235
10
259.31612730203375
20
199.86099222538033
10
261.12414032795323
20
201.30120631890651
10
262.93215335387282
20
202.74142041243269
10
264.30798991698327
20
204.36456907627144
10
265.68382648009361
20
205.98771774011016
10
266.79821259357828
20
207.78599298831975
10
267.91258255817786
20
209.58425208764427
10
268.62300431110759
20
211.28644146956159
10
269.33342606403727
20
212.98863085147894
10
269.8908532796134
20
215.16107173002916
10
270.44829664407473
20
217.3335126085793
10
270.58259077249267
20
220.06991292672501
10
270.71688490091071
20
222.80630920764958
10
270.43925326842373
20
224.70020200448388
10
270.16163778482178
20
226.5940786524331
10
269.59539327798586
20
228.54311585463245
10
269.02914877114995
20
230.49214498238911
10
268.15147301533125
20
232.36033279137956
10
267.27378111062751
20
234.22852060037008
10
266.06229175108973
20
235.98396093087544
10
264.85080239155195
20
237.73939318693829
10
263.14459193724696
20
239.46319785155012
10
261.43839763182706
20
241.18699444171938
10
259.73218717752206
20
242.38539916711204
10
258.02600094654463
20
243.5838200413898
10
256.54729598540371
20
244.3287600362018
10
255.06859102426276
20
245.0737000310138
10
253.44880940296554
20
245.65399406787913
10
251.82901970722583
20
246.23428810474428
10
250.15188532052741
20
246.58053231276227
10
248.47474285938645
20
246.92677652078027
10
248.30392802733485
20
246.75638155974104
10
248.13310512084072
20
246.5859946731444
10
250.00841055093508
20
245.71365208662706
10
251.88370790658695
20
244.84130950010973
10
253.61339076537192
20
243.11395611799909
10
255.34306554971437
20
241.3866067731098
10
256.15061477202471
20
239.68473229445175
10
256.95817206877769
20
237.9828699274575
10
257.20772079009117
20
236.78039164580065
10
257.45727758584724
20
235.57790932692242
10
257.45727758584724
20
234.04834345218688
10
257.45727758584724
20
232.51877757745135
10
257.11111008503337
20
231.16634074883814
10
256.76495873310466
20
229.81389584578233
10
256.04938548583095
20
228.33894146320375
10
255.33381223855713
20
226.86399111784652
10
253.72250878193279
20
225.25044700341573
10
252.11119725086598
20
223.63690692620628
10
250.74624503630696
20
222.95007061995221
10
249.38129282174805
20
222.26324238814072
10
248.20898065744137
20
221.91610999144274
10
247.03666849313478
20
221.56898163196593
10
244.91033671874106
20
221.41874047952044
10
242.78401301878986
20
221.26850336429635
10
241.48168618061442
20
220.95232030587545
10
240.17936741688152
20
220.63613724745466
10
238.75177367705405
20
219.91835564014465
10
237.32417993722657
20
219.20056595839213
10
235.60079514362718
20
217.47283711470317
10
233.87741842447019
20
215.74511230823546
10
233.16865193226243
20
214.317385340106
10
232.45988544005456
20
212.88967048364043
10
232.07409664966968
20
211.16001184818305
10
231.68830785928469
20
209.43035321272572
10
231.82179454344811
20
207.5955814842101
10
231.95528930205404
20
205.76080975569442
10
232.42274300434488
20
204.41744860050238
10
232.89019670663566
20
203.07408744531034
10
233.49722522276937
20
202.03483401971224
10
234.10424566446042
20
200.99558059411405
10
234.80424331206376
20
200.12126380639432
10
235.50424095966707
20
199.24694701867463
10
236.8691931742261
20
198.21676119205509
10
238.2341534632275
20
197.18656729099311
10
239.46890529173916
20
196.63676234917997
10
240.7036651946932
20
196.08694933292429
10
241.85758377888104
20
195.76087104516378
10
243.01150236306884
20
195.43478468296084
10
245.85515953876876
20
195.5307252092874
10
248.69882478891117
20
195.6266657356139
0
LWPOLYLINE
5
420
100
AcDbEntity
8
0
100
AcDbPolyline
90
80
70
1
43
0.0
10
242.21525736032231
20
196.24398916599307
10
240.73655239918136
20
196.56191226678249
10
239.05433111367915
20
197.38913890557643
10
237.37210982817712
20
198.21636554437038
10
235.95228370207846
20
199.63258239465117
10
234.53245757597981
20
201.04879924493193
10
233.59230178374349
20
202.95097641981801
10
232.65214599150724
20
204.85315359470403
10
232.38521299539309
20
206.70688411431667
10
232.11828807372149
20
208.5606146339293
10
232.38854774016446
20
210.33754105604845
10
232.65880740660734
20
212.11445940372499
10
233.55603946227134
20
213.93694183068624
10
234.45327151793543
20
215.75942022042625
10
235.56291793364585
20
216.9138192339455
10
236.67256434935632
20
218.06822228468604
10
237.90832548318605
20
218.88565866189353
10
239.14409469145838
20
219.70308696465844
10
240.50904690601732
20
220.18017347690616
10
241.87399912057623
20
220.65725998915389
10
244.26266953327564
20
220.86570979791043
10
246.65133994597497
20
221.07414749500307
10
247.7888028162549
20
221.32624774016094
10
248.92626568653483
20
221.57834394809754
10
250.63245999195473
20
222.4027445320005
10
252.3386462229322
20
223.22714511590357
10
253.94252119241457
20
224.81866215106999
10
255.54639616189695
20
226.41016303735128
10
256.38291648406096
20
228.02197922107729
10
257.21943680622479
20
229.63379540480332
10
257.56247142333098
20
231.08535005288479
10
257.90548989155195
20
232.53690873818749
10
257.90548989155195
20
234.12531711297385
10
257.90548989155195
20
235.71372145053891
10
257.55979878284836
20
237.17667721149482
10
257.21410767414466
20
238.63963297245056
10
256.4825793284009
20
240.12324719465923
10
255.751034833772
20
241.60686545408913
10
254.15859327493408
20
243.21604533232409
10
252.56614364165364
20
244.82522521055893
10
251.99741220651367
20
245.21577792204573
10
251.42868077137371
20
245.60633467075382
10
252.13659137267172
20
245.49393439329819
10
252.84451812285482
20
245.38153815306379
10
254.88818375446698
20
244.50269967751859
10
256.93186553496423
20
243.62385312753071
10
258.61639611103442
20
242.52052900033348
10
260.30090246377699
20
241.4172048731362
10
262.59116964517341
20
239.13275129037254
10
264.88142067768479
20
236.84830578205137
10
265.98753856200284
20
235.16805466053043
10
267.09367259520599
20
233.48780757623069
10
267.95318085529709
20
231.49919349389427
10
268.81268911538825
20
229.51058344877913
10
269.27504784443283
20
227.70432257689194
10
269.73739042459226
20
225.89804959334089
10
269.99921229857506
20
223.6013147834654
10
270.26105032144289
20
221.3045678619261
10
269.99921229857506
20
219.00782094038681
10
269.73739042459226
20
216.71107805606874
10
269.29287621357338
20
214.9745278838987
10
268.84837815143965
20
213.2379696372862
10
268.17529262084071
20
211.60987941460959
10
267.50222323912681
20
209.98179726637557
10
266.67582019347253
20
208.57531819380472
10
265.8494171478182
20
207.16885527011908
10
264.86759723204671
20
205.89755044020367
10
263.88577731627521
20
204.62624561028829
10
262.09334796446859
20
202.9213593645608
10
260.30090246377688
20
201.21647311883325
10
258.61639611103431
20
200.10086776452414
10
256.93187360940681
20
198.98527855910015
10
254.93821300047929
20
198.12793424961126
10
252.94454431710935
20
197.27059801456488
10
251.16290242054359
20
196.81918015516953
10
249.38126859842041
20
196.36775422133167
10
247.45354388732014
20
196.12887183862088
10
245.52582725066242
20
195.88998138146761
10
244.60988671162025
20
195.90797123945907
10
243.69394617257808
20
195.92596109745062
0
LWPOLYLINE
5
421
100
AcDbEntity
8
0
100
AcDbPolyline
90
30
70
1
43
0.0
10
245.90494655150479
20
204.29584749576603
10
246.75097856698733
20
204.53022433953637
10
247.45049982248048
20
205.1173412803526
10
248.15001300353111
20
205.70445014672632
10
248.59501975554531
20
206.57452785210961
10
249.04003458200202
20
207.44460555749288
10
249.03527066090015
20
208.4180361274596
10
249.0305067397982
20
209.39146669742624
10
248.60528237202067
20
210.32546976444283
10
248.18005800424316
20
211.25948090590197
10
247.4113872227897
20
211.8442885561501
10
246.64271644133629
20
212.4290962063983
10
245.68042860208251
20
212.64475649234805
10
244.71814076282874
20
212.86043292718284
10
243.75585292357505
20
212.64475649234805
10
242.79357315876388
20
212.42909620639836
10
242.02489430286789
20
211.84428855615016
10
241.25622352141443
20
211.25948090590197
10
240.8309991536369
20
210.32546976444283
10
240.40577478585936
20
209.39146669742624
10
240.40101086475758
20
208.4180361274596
10
240.39624694365563
20
207.44460555749296
10
240.82909358519615
20
206.60271573103626
10
241.26194022673667
20
205.76082590457955
10
241.83123687285487
20
205.23091638919868
10
242.4005415934156
20
204.70102302270294
10
243.27520558216469
20
204.38994704919213
10
244.14986957091395
20
204.07887915012392
10
244.60485633391443
20
204.07019912438753
10
245.0598430969149
20
204.06151909865099
0
LWPOLYLINE
5
422
100
AcDbEntity
8
0
100
AcDbPolyline
90
30
70
1
43
0.0
10
243.22956075845462
20
204.93930789666533
10
242.31018050688803
20
205.35586838759141
10
241.70303894855877
20
206.07557574944852
10
241.09589739022951
20
206.79529926019069
10
240.94539785562256
20
207.59550881422714
10
240.79489832101564
20
208.39571836826363
10
240.93040361581544
20
209.2286536379373
10
241.06590891061524
20
210.06158890761097
10
241.48401969451015
20
210.62017076847116
10
241.90212240396249
20
211.17876070377389
10
242.47440659382244
20
211.60495400465686
10
243.04669078368249
20
212.0311392310972
10
243.88217757720057
20
212.21909610467307
10
244.71766437071864
20
212.40704490380637
10
245.55315116423671
20
212.21909610467307
10
246.38863795775478
20
212.03113923109726
10
246.96091407317226
20
211.60495400465686
10
247.53319826303226
20
211.1787607037738
10
247.95130904692712
20
210.62017076847116
10
248.36941175637946
20
210.06158890761097
10
248.50491705117923
20
209.2286536379373
10
248.64043042042164
20
208.39571836826363
10
248.48992281137208
20
207.59550881422714
10
248.33942327676516
20
206.79529926019069
10
247.7322817184359
20
206.07557574944852
10
247.12514016010664
20
205.35586838759141
10
246.20575990854007
20
204.93930789666533
10
245.28637158253099
20
204.52273933129663
10
244.71764822183354
20
204.52273933129663
10
244.14891678669358
20
204.52273933129663
0
LWPOLYLINE
5
423
100
AcDbEntity
8
0
100
AcDbPolyline
90
26
70
1
43
0.0
10
246.56868995207844
20
205.32301348087347
10
247.18422085621256
20
205.64050863620795
10
247.69333060759601
20
206.35367569960312
10
248.20244035897952
20
207.06684276299828
10
248.30509074706134
20
208.13241887129496
10
248.40774113514328
20
209.19799497959173
10
247.93474029082361
20
210.12280933099146
10
247.46173137206142
20
211.04761560794867
10
246.6459865905673
20
211.55049996412947
10
245.83024180907307
20
212.05337624586775
10
244.71768051960368
20
212.05337624586775
10
243.60511923013428
20
212.05337624586775
10
242.78937444864022
20
211.55049996412947
10
241.97362966714599
20
211.04761560794867
10
241.5257161158155
20
210.17185349501329
10
241.07780256448493
20
209.29609945652044
10
241.07780256448493
20
208.47042311069526
10
241.07780256448493
20
207.64474676487009
10
241.43514509378178
20
206.893605598183
10
241.79248762307864
20
206.14246443149599
10
242.21629896341071
20
205.75988926924421
10
242.64011837818529
20
205.37730603254997
10
243.50828244068532
20
205.06106241580997
10
244.37643842874266
20
204.74481879907006
10
245.16480277556482
20
204.87518067396832
10
245.9531671223869
20
205.00553447442411
0
LWPOLYLINE
5
424
100
AcDbEntity
8
0
100
AcDbPolyline
90
84
70
1
43
0.0
10
239.48534485676188
20
196.20868770318384
10
239.48534485676188
20
196.30048604048443
10
238.17726094105143
20
197.03656837182396
10
236.869177025341
20
197.77265877760601
10
235.36737108407718
20
199.27066165643086
10
233.86556514281335
20
200.76867260969837
10
232.93450924732585
20
202.6974550727721
10
232.0034533518384
20
204.62623753584583
10
231.73273344217046
20
206.19906627374053
10
231.462021606945
20
207.77189501163517
10
231.59625113982258
20
209.50811816888208
10
231.73047259825765
20
211.24434940057154
10
232.27025715687176
20
212.72764871952086
10
232.81004171548588
20
214.21096418735539
10
233.45578718362555
20
215.31841031747211
10
234.10153265176518
20
216.4258564475889
10
235.48890759327315
20
217.78734876351712
10
236.8762906092237
20
219.14884511666651
10
238.27653621214927
20
219.89003857013734
10
239.67678181507489
20
220.63123202360822
10
240.66165387012859
20
220.9790063384886
10
241.64653399962481
20
221.32676450448386
10
244.14894908446377
20
221.55265107191752
10
246.65136416930261
20
221.77854571379379
10
247.99063965656657
20
222.11211304701521
10
249.32990706938801
20
222.44567230579412
10
250.62084894357426
20
223.13199588494649
10
251.9117908177605
20
223.81831542687769
10
253.06725162047442
20
224.82652665810932
10
254.22271242318851
20
225.83473788934106
10
255.05138438719811
20
227.08001475371077
10
255.88005635120771
20
228.32529161808048
10
256.46177956440351
20
229.86380397515646
10
257.04349470315674
20
231.40230825778991
10
257.16554797667561
20
233.44454875029277
10
257.28760125019448
20
235.48679328001691
10
256.91362536925385
20
236.96174362537414
10
256.53965756275556
20
238.43669397073143
10
255.83094759164553
20
239.88691229857159
10
255.12224569497803
20
241.33714273807556
10
253.61670936125813
20
242.86326486306535
10
252.11118110198086
20
244.38940313694033
10
250.74622888742192
20
245.0715320431903
10
249.38127667286295
20
245.7536609494403
10
247.67508236744305
20
246.3211933298623
10
245.96888806202315
20
246.88872571028426
10
245.01842120665614
20
247.04803042448717
10
244.06795435128913
20
247.20733513868998
10
241.84403486428963
20
246.94247323708885
10
239.62012345173264
20
246.67761940993023
10
237.6759268778394
20
246.12931631443053
10
235.73173030394614
20
245.58100918170959
10
233.22931521910726
20
244.34338285165188
10
230.72690013426842
20
243.10575652159406
10
229.23657605030442
20
241.97826558785792
10
227.74625196634042
20
240.85077465412178
10
226.02996460773846
20
239.05892262495706
10
224.31367724913656
20
237.26706252134994
10
223.35545892892577
20
235.85960644123105
10
222.39724060871504
20
234.45215036111227
10
221.39324019927088
20
232.35993714369494
10
220.38923978982672
20
230.26772796349874
10
219.82037108916344
20
228.27921481169412
10
219.25150238850023
20
226.29068954822571
10
218.9804191289177
20
223.79762870507591
10
218.70933586933518
20
221.30455171304101
10
218.9804191289177
20
218.81147875822734
10
219.25150238850023
20
216.31840984063496
10
219.82037108916344
20
214.32989265160913
10
220.38923978982666
20
212.34138353702576
10
221.39324019927079
20
210.24917435682968
10
222.39724060871504
20
208.156957102191
10
223.35545892892583
20
206.74950102207217
10
224.31367724913662
20
205.34204494195339
10
226.02996460773846
20
203.5501888755675
10
227.74625196634031
20
201.75833280918158
10
229.23657605030431
20
200.63849644697865
10
230.72690013426839
20
199.51866008477563
10
232.77432845610679
20
198.45733920770041
10
234.82176485238764
20
197.39601833062525
10
236.75544850208664
20
196.76513791121198
10
238.68913215178549
20
196.13425749179871
10
239.08724254149493
20
196.12557746606231
10
239.4853529312044
20
196.11689744032577
0
LWPOLYLINE
5
425
100
AcDbEntity
8
0
100
AcDbPolyline
90
26
70
1
43
0.0
10
242.40632289427822
20
230.58237284061462
10
241.37084830779139
20
231.23738776879662
10
240.88308738249845
20
232.24242978132921
10
240.39531838276281
20
233.24747179386173
10
240.40008230386476
20
234.140222533913
10
240.40484622496663
20
235.03296923674299
10
240.83007059274416
20
235.96697634098086
10
241.25529496052167
20
236.90098748243997
10
242.01940368193689
20
237.47774895069148
10
242.78351240335212
20
238.0545104189431
10
243.75035422820156
20
238.31108794249246
10
244.71719605305097
20
238.56766546604183
10
245.68403787790038
20
238.31108794249252
10
246.65087970274988
20
238.0545104189431
10
247.41498842416513
20
237.47774895069156
10
248.17909714558027
20
236.90098748244003
10
248.60432151335777
20
235.96697634098086
10
249.02954588113531
20
235.03296923674299
10
249.03430980223717
20
234.140222533913
10
249.03907372333904
20
233.24747179386173
10
248.55130472360349
20
232.24242978132912
10
248.06353572386803
20
231.23738776879657
10
247.02806921182378
20
230.58237284061462
10
245.99259462533689
20
229.9273659868752
10
244.71671158649826
20
229.9273659868752
10
243.4408366221021
20
229.9273659868752
0
LWPOLYLINE
5
426
100
AcDbEntity
8
0
100
AcDbPolyline
90
26
70
1
43
0.0
10
246.68188556212485
20
230.58925226566345
10
247.39488306222654
20
231.02291442590109
10
248.01807661233647
20
231.83788809813208
10
248.64126208800377
20
232.6528577331419
10
248.75344839273197
20
233.64562659300518
10
248.86563469746017
20
234.63839141564719
10
248.59891163685228
20
235.44453568495464
10
248.33218050180179
20
236.25067995426207
10
247.44779488422773
20
237.04764761961655
10
246.56340926665365
20
237.8446112477497
10
245.6405408559074
20
238.09248452223494
10
244.71768051960368
20
238.34036183394147
10
243.79481210885743
20
238.09248452223494
10
242.8719517725537
20
237.84461124774964
10
241.9875580805371
20
237.0476476196165
10
241.10317246296313
20
236.25067995426213
10
240.83644940235516
20
235.4445356849547
10
240.56972634174727
20
234.63839141564719
10
240.68191264647544
20
233.64562659300518
10
240.79409895120364
20
232.6528577331419
10
241.41728442687096
20
231.83788809813217
10
242.04046990253829
20
231.02291442590115
10
242.75346740263998
20
230.58925226566345
10
243.46647297718425
20
230.1555901054258
10
244.71768051960368
20
230.1555901054258
10
245.9688880620231
20
230.1555901054258
0
LWPOLYLINE
5
427
100
AcDbEntity
8
0
100
AcDbPolyline
90
24
70
1
43
0.0
10
242.89542417703373
20
231.11828166680687
10
242.14334637501145
20
231.62884481784857
10
241.71838038939535
20
232.20145198541042
10
241.29341440377937
20
232.77406722741483
10
241.15550292510093
20
233.62177065250427
10
241.01758337197998
20
234.46947407759382
10
241.41245591022866
20
235.50081454949725
10
241.80732844847739
20
236.5321550214008
10
242.68775758920412
20
237.11332109806094
10
243.56817865548834
20
237.69447910027856
10
244.71768051960373
20
237.69447910027856
10
245.86717430927649
20
237.69447910027856
10
246.74760345000328
20
237.11332109806094
10
247.6280245162875
20
236.5321550214008
10
248.02289705453609
20
235.50081454949733
10
248.41776959278485
20
234.46947407759387
10
248.2798581141065
20
233.62177065250427
10
248.14193856098555
20
232.77406722741475
10
247.71697257536948
20
232.20145198541033
10
247.29200658975344
20
231.62884481784857
10
246.5399368621737
20
231.11828166680687
10
245.78785906015142
20
230.60772659020779
10
244.71768051960373
20
230.60772659020779
10
243.64750197905602
20
230.60772659020779
0
LINE
5
428
100
AcDbEntity
8
0
100
AcDbLine
10
33.74271085451138
20
221.7703541695883
30
0
11
193.45950772951088
21
221.7703541695883
31
0
6
DASHED
0
LINE
5
429
100
AcDbEntity
8
0
100
AcDbLine
10
193.45950772951088
20
221.7703541695883
30
0
11
193.45950772951088
21
246.77035416958824
31
0
6
DASHED
0
LINE
5
430
100
AcDbEntity
8
0
100
AcDbLine
10
193.45950772951088
20
246.77035416958824
30
0
11
33.74271085451138
21
246.77035416958824
31
0
6
DASHED
0
LINE
5
431
100
AcDbEntity
8
0
100
AcDbLine
10
33.74271085451138
20
246.77035416958824
30
0
11
33.74271085451138
21
221.7703541695883
31
0
6
DASHED
0
LINE
5
432
100
AcDbEntity
8
0
100
AcDbLine
10
81.240063016061086
20
197.8540614957991
30
0
11
147.11115867340948
21
197.8540614957991
31
0
6
DASHED
0
LINE
5
433
100
AcDbEntity
8
0
100
AcDbLine
10
147.11115867340948
20
197.8540614957991
30
0
11
147.11115867340948
21
221.85406149579902
31
0
6
DASHED
0
LINE
5
434
100
AcDbEntity
8
0
100
AcDbLine
10
147.11115867340948
20
221.85406149579902
30
0
11
81.240063016061086
21
221.85406149579902
31
0
6
DASHED
0
LINE
5
435
100
AcDbEntity
8
0
100
AcDbLine
10
81.240063016061086
20
221.85406149579902
30
0
11
81.240063016061086
21
197.8540614957991
31
0
6
DASHED
0
LINE
5
436
100
AcDbEntity
8
0
100
AcDbLine
10
33.752710854511378
20
244.44660416958828
30
0
11
39.856607911985037
21
244.44660416958828
31
0
0
LINE
5
437
100
AcDbEntity
8
0
100
AcDbLine
10
39.856607911985037
20
244.44660416958828
30
0
11
39.856607911985037
21
243.42121354458828
31
0
0
LINE
5
438
100
AcDbEntity
8
0
100
AcDbLine
10
39.856607911985037
20
243.42121354458828
30
0
11
39.209635255735037
21
243.42121354458828
31
0
0
SPLINE
5
439
100
AcDbEntity
8
0
100
AcDbSpline
70
0
71
3
72
9
73
5
74
0
42
0.000000001
43
0.0000000001
44
0.0000000001
40
0
40
0
40
0
40
0
40
0.053494249205802764
40
0.088014361762025595
40
0.088014361762025595
40
0.088014361762025595
40
0.088014361762025595
10
39.209635255735037
20
243.42121354458828
30
0
10
39.029734124642836
20
243.42233000578926
30
0
10
38.733741873729457
20
243.42416692511225
30
0
10
38.453032901945733
20
243.33367959373376
30
0
10
38.342936036985037
20
243.29818955777188
30
0
0
SPLINE
5
440
100
AcDbEntity
8
0
100
AcDbSpline
70
0
71
3
72
9
73
5
74
0
42
0.000000001
43
0.0000000001
44
0.0000000001
40
0
40
0
40
0
40
0
40
0.036195020142540293
40
0.071746604764711036
40
0.071746604764711036
40
0.071746604764711036
40
0.071746604764711036
10
38.342936036985037
20
243.29818955777188
30
0
10
38.239687291785678
20
243.22498056898755
30
0
10
38.035025244766551
20
243.07986402083128
30
0
10
38.004204366486213
20
242.83112118848268
30
0
10
37.988932130735037
20
242.70786515591641
30
0
0
SPLINE
5
441
100
AcDbEntity
8
0
100
AcDbSpline
70
0
71
3
72
9
73
5
74
0
42
0.000000001
43
0.0000000001
44
0.0000000001
40
0
40
0
40
0
40
0
40
0.036926274457253369
40
0.092102230960454917
40
0.092102230960454917
40
0.092102230960454917
40
0.092102230960454917
10
37.988932130735037
20
242.70786515591641
30
0
10
38.001920175087129
20
242.58518963899664
30
0
10
38.034315207573421
20
242.27920998200153
30
0
10
38.128075421476154
20
241.98571207856307
30
0
10
38.184244630735037
20
241.80988541958828
30
0
0
LINE
5
442
100
AcDbEntity
8
0
100
AcDbLine
10
38.184244630735037
20
241.80988541958828
30
0
11
41.678125856320975
21
230.45734635708828
31
0
0
LINE
5
443
100
AcDbEntity
8
0
100
AcDbLine
10
41.678125856320975
20
230.45734635708828
30
0
11
44.713480470578787
21
239.80812302945156
31
0
0
LINE
5
444
100
AcDbEntity
8
0
100
AcDbLine
10
44.713480470578787
20
239.80812302945156
30
0
11
43.997461793820975
21
242.04181901333828
31
0
0
SPLINE
5
445
100
AcDbEntity
8
0
100
AcDbSpline
70
0
71
3
72
9
73
5
74
0
42
0.000000001
43
0.0000000001
44
0.0000000001
40
0
40
0
40
0
40
0
40
0.077017633076869943
40
0.14269922710051958
40
0.14269922710051958
40
0.14269922710051958
40
0.14269922710051958
10
43.997461793820975
20
242.04181901333828
30
0
10
43.908818549027579
20
242.28799191066727
30
0
10
43.744579244152092
20
242.74410411223127
30
0
10
43.382753110726917
20
243.06437321572375
30
0
10
43.216211793820975
20
243.21178666470547
30
0
0
SPLINE
5
446
100
AcDbEntity
8
0
100
AcDbSpline
70
0
71
3
72
9
73
5
74
0
42
0.000000001
43
0.0000000001
44
0.0000000001
40
0
40
0
40
0
40
0
40
0.046380727508086243
40
0.11402749275181659
40
0.11402749275181659
40
0.11402749275181659
40
0.11402749275181659
10
43.216211793820975
20
243.21178666470547
30
0
10
43.072508249052646
20
243.27235789619431
30
0
10
42.71921161508709
20
243.42127288805926
30
0
10
42.33393634975414
20
243.42123564124577
30
0
10
42.105371950070975
20
243.42121354458828
30
0
0
LINE
5
447
100
AcDbEntity
8
0
100
AcDbLine
10
42.105371950070975
20
243.42121354458828
30
0
11
42.105371950070975
21
244.44660416958828
31
0
0
LINE
5
448
100
AcDbEntity
8
0
100
AcDbLine
10
42.105371950070975
20
244.44660416958828
30
0
11
48.160059450070975
21
244.44660416958828
31
0
0
LINE
5
449
100
AcDbEntity
8
0
100
AcDbLine
10
48.160059450070975
20
244.44660416958828
30
0
11
48.160059450070975
21
243.42121354458828
31
0
0
LINE
5
450
100
AcDbEntity
8
0
100
AcDbLine
10
48.160059450070975
20
243.42121354458828
30
0
11
47.586328981320975
21
243.42121354458828
31
0
0
SPLINE
5
451
100
AcDbEntity
8
0
100
AcDbSpline
70
0
71
3
72
9
73
5
74
0
42
0.000000001
43
0.0000000001
44
0.0000000001
40
0
40
0
40
0
40
0
40
0.062426560705505681
40
0.10271989372369192
40
0.10271989372369192
40
0.10271989372369192
40
0.10271989372369192
10
47.586328981320975
20
243.42121354458828
30
0
10
47.375135211181814
20
243.42288178123954
30
0
10
47.027626051961263
20
243.42562678416118
30
0
10
46.709961024551191
20
243.28991315669509
30
0
10
46.585352418820975
20
243.23667756436367
30
0
0
SPLINE
5
452
100
AcDbEntity
8
0
100
AcDbSpline
70
0
71
3
72
9
73
5
74
0
42
0.000000001
43
0.0000000001
44
0.0000000001
40
0
40
0
40
0
40
0
40
0.029090852276113237
40
0.058389132084328554
40
0.058389132084328554
40
0.058389132084328554
40
0.058389132084328554
10
46.585352418820975
20
243.23667756436367
30
0
10
46.510584621058499
20
243.16934684487589
30
0
10
46.360515906062723
20
243.03420531529156
30
0
10
46.339533323959344
20
242.83328632901092
30
0
10
46.329004762570975
20
242.73246995327969
30
0
0
SPLINE
5
453
100
AcDbEntity
8
0
100
AcDbSpline
70
0
71
3
72
9
73
5
74
0
42
0.000000001
43
0.0000000001
44
0.0000000001
40
0
40
0
40
0
40
0
40
0.036921547962717245
40
0.09447800781789116
40
0.09447800781789116
40
0.09447800781789116
40
0.09447800781789116
10
46.329004762570975
20
242.73246995327969
30
0
10
46.342340770363606
20
242.60989846898883
30
0
10
46.37646608520047
20
242.29625209471507
30
0
10
46.4683444921518
20
241.99401171963248
30
0
10
46.524317262570975
20
241.80988541958828
30
0
0
LINE
5
454
100
AcDbEntity
8
0
100
AcDbLine
10
46.524317262570975
20
241.80988541958828
30
0
11
50.027735231320975
21
230.38410416958828
31
0
0
LINE
5
455
100
AcDbEntity
8
0
100
AcDbLine
10
50.027735231320975
20
230.38410416958828
30
0
11
53.558619020383475
21
241.80988541958828
31
0
0
SPLINE
5
456
100
AcDbEntity
8
0
100
AcDbSpline
70
0
71
3
72
9
73
5
74
0
42
0.000000001
43
0.0000000001
44
0.0000000001
40
0
40
0
40
0
40
0
40
0.054644553024170192
40
0.093046264614157659
40
0.093046264614157659
40
0.093046264614157659
40
0.093046264614157659
10
53.558619020383475
20
241.80988541958828
30
0
10
53.611461449925031
20
241.98485277503093
30
0
10
53.701439140470043
20
242.2827792462412
30
0
10
53.729955374192727
20
242.59231976462877
30
0
10
53.741724489133475
20
242.72007218716641
30
0
0
SPLINE
5
457
100
AcDbEntity
8
0
100
AcDbSpline
70
0
71
3
72
9
73
5
74
0
42
0.000000001
43
0.0000000001
44
0.0000000001
40
0
40
0
40
0
40
0
40
0.031650484032039385
40
0.060146378330498858
40
0.060146378330498858
40
0.060146378330498858
40
0.060146378330498858
10
53.741724489133475
20
242.72007218716641
30
0
10
53.733863291631309
20
242.82956170088656
30
0
10
53.718924418702315
20
243.0376279569592
30
0
10
53.568738369313607
20
243.18103648363558
30
0
10
53.497583864133475
20
243.24897996304531
30
0
0
SPLINE
5
458
100
AcDbEntity
8
0
100
AcDbSpline
70
0
71
3
72
9
73
5
74
0
42
0.000000001
43
0.0000000001
44
0.0000000001
40
0
40
0
40
0
40
0
40
0.038544885329969795
40
0.098818511684762481
40
0.098818511684762481
40
0.098818511684762481
40
0.098818511684762481
10
53.497583864133475
20
243.24897996304531
30
0
10
53.377915823883164
20
243.29864589151694
30
0
10
53.071119798093122
20
243.42597570689946
30
0
10
52.737013861000364
20
243.42301773677099
30
0
10
52.533228395383475
20
243.42121354458828
30
0
0
LINE
5
459
100
AcDbEntity
8
0
100
AcDbLine
10
52.533228395383475
20
243.42121354458828
30
0
11
51.922876832883475
21
243.42121354458828
31
0
0
LINE
5
460
100
AcDbEntity
8
0
100
AcDbLine
10
51.922876832883475
20
243.42121354458828
30
0
11
51.922876832883475
21
244.44660416958828
31
0
0
LINE
5
461
100
AcDbEntity
8
0
100
AcDbLine
10
51.922876832883475
20
244.44660416958828
30
0
11
57.122881410520193
21
244.44660416958828
31
0
0
LINE
5
462
100
AcDbEntity
8
0
100
AcDbLine
10
57.122881410520193
20
244.44660416958828
30
0
11
57.122881410520193
21
243.42121354458828
31
0
0
SPLINE
5
463
100
AcDbEntity
8
0
100
AcDbSpline
70
0
71
3
72
9
73
5
74
0
42
0.000000001
43
0.0000000001
44
0.0000000001
40
0
40
0
40
0
40
0
40
0.057585169275633029
40
0.09960673082287258
40
0.09960673082287258
40
0.09960673082287258
40
0.09960673082287258
10
57.122881410520193
20
243.42121354458828
30
0
10
56.929495747100276
20
243.42355854851237
30
0
10
56.594990978536188
20
243.42761476954257
30
0
10
56.275148746546513
20
243.33229784350641
30
0
10
56.140215394895193
20
243.29208604214688
30
0
0
SPLINE
5
464
100
AcDbEntity
8
0
100
AcDbSpline
70
0
71
3
72
9
73
5
74
0
42
0.000000001
43
0.0000000001
44
0.0000000001
40
0
40
0
40
0
40
0
40
0.034110180824911795
40
0.067357906083986757
40
0.067357906083986757
40
0.067357906083986757
40
0.067357906083986757
10
56.140215394895193
20
243.29208604214688
30
0
10
56.037674510464157
20
243.24042184111863
30
0
10
55.835185426670435
20
243.13839973755293
30
0
10
55.683889096135616
20
242.9696112662094
30
0
10
55.609209535520193
20
242.88629762051602
30
0
0
SPLINE
5
465
100
AcDbEntity
8
0
100
AcDbSpline
70
0
71
3
72
9
73
5
74
0
42
0.000000001
43
0.0000000001
44
0.0000000001
40
0
40
0
40
0
40
0
40
0.045600131217535235
40
0.11705416525371898
40
0.11705416525371898
40
0.11705416525371898
40
0.11705416525371898
10
55.609209535520193
20
242.88629762051602
30
0
10
55.532653087569052
20
242.75446180078146
30
0
10
55.336134988378461
20
242.4160432169412
30
0
10
55.225242255440378
20
242.03988640982152
30
0
10
55.157549379270193
20
241.81026688931485
30
0
0
LINE
5
466
100
AcDbEntity
8
0
100
AcDbLine
10
55.157549379270193
20
241.81026688931485
30
0
11
50.454790590207693
21
227.41779557583828
31
0
0
LINE
5
467
100
AcDbEntity
8
0
100
AcDbLine
10
50.454790590207693
20
227.41779557583828
30
0
11
48.684961793820975
21
227.41779557583828
31
0
0
LINE
5
468
100
AcDbEntity
8
0
100
AcDbLine
10
48.684961793820975
20
227.41779557583828
30
0
11
45.40966272155535
21
237.63603440640469
31
0
0
LINE
5
469
100
AcDbEntity
8
0
100
AcDbLine
10
45.40966272155535
20
237.63603440640469
30
0
11
42.105371950070975
21
227.41779557583828
31
0
0
LINE
5
470
100
AcDbEntity
8
0
100
AcDbLine
10
42.105371950070975
20
227.41779557583828
30
0
11
40.346605775754568
21
227.41779557583828
31
0
0
LINE
5
471
100
AcDbEntity
8
0
100
AcDbLine
10
40.346605775754568
20
227.41779557583828
30
0
11
35.730249879758475
21
241.81026688931485
31
0
0
SPLINE
5
472
100
AcDbEntity
8
0
100
AcDbSpline
70
0
71
3
72
9
73
5
74
0
42
0.000000001
43
0.0000000001
44
0.0000000001
40
0
40
0
40
0
40
0
40
0.094230345704938226
40
0.16218000431533011
40
0.16218000431533011
40
0.16218000431533011
40
0.16218000431533011
10
35.730249879758475
20
241.81026688931485
30
0
10
35.631647856229705
20
242.11466150627598
30
0
10
35.461943749959431
20
242.63855558650036
30
0
10
35.07464709688135
20
243.02545955283114
30
0
10
34.912378786008475
20
243.18756333706875
30
0
0
SPLINE
5
473
100
AcDbEntity
8
0
100
AcDbSpline
70
0
71
3
72
9
73
5
74
0
42
0.000000001
43
0.0000000001
44
0.0000000001
40
0
40
0
40
0
40
0
40
0.050443878172227077
40
0.11935643352008299
40
0.11935643352008299
40
0.11935643352008299
40
0.11935643352008299
10
34.912378786008475
20
243.18756333706875
30
0
10
34.756789681820173
20
243.25530759234934
30
0
10
34.388646683236736
20
243.41559885057012
30
0
10
33.985483990747113
20
243.41915838449734
30
0
10
33.752710854511378
20
243.42121354458828
30
0
0
LINE
5
474
100
AcDbEntity
8
0
100
AcDbLine
10
33.752710854511378
20
243.42121354458828
30
0
11
33.752710854511378
21
244.44660416958828
31
0
0
SPLINE
5
475
100
AcDbEntity
8
0
100
AcDbSpline
70
0
71
3
72
9
73
5
74
0
42
0.000000001
43
0.0000000001
44
0.0000000001
40
0
40
0
40
0
40
0
40
0.055274950215698108
40
0.11037608338291006
40
0.11037608338291006
40
0.11037608338291006
40
0.11037608338291006
10
61.337549684445975
20
244.99592057583828
30
0
10
61.525632105307686
20
244.97898917861775
30
0
10
61.90120550495584
20
244.94517962647683
30
0
10
62.192905786658116
20
244.70625781242464
30
0
10
62.338526246945975
20
244.58698502896328
30
0
0
SPLINE
5
476
100
AcDbEntity
8
0
100
AcDbSpline
70
0
71
3
72
9
73
5
74
0
42
0.000000001
43
0.0000000001
44
0.0000000001
40
0
40
0
40
0
40
0
40
0.054979303662708957
40
0.11013280832264369
40
0.11013280832264369
40
0.11013280832264369
40
0.11013280832264369
10
62.338526246945975
20
244.58698502896328
30
0
10
62.459579220446699
20
244.44314408327884
30
0
10
62.702068721754856
20
244.15500643429732
30
0
10
62.736381688866985
20
243.77994121750862
30
0
10
62.753565309445975
20
243.59211198208828
30
0
0
SPLINE
5
477
100
AcDbEntity
8
0
100
AcDbSpline
70
0
71
3
72
9
73
5
74
0
42
0.000000001
43
0.0000000001
44
0.0000000001
40
0
40
0
40
0
40
0
40
0.055303375439815894
40
0.110660613444568
40
0.110660613444568
40
0.110660613444568
40
0.110660613444568
10
62.753565309445975
20
243.59211198208828
30
0
10
62.736238370631767
20
243.40388661733644
30
0
10
62.701567617480677
20
243.02725256627508
30
0
10
62.459579298643824
20
242.73655496619932
30
0
10
62.338526246945975
20
242.59113541958828
30
0
0
SPLINE
5
478
100
AcDbEntity
8
0
100
AcDbSpline
70
0
71
3
72
9
73
5
74
0
42
0.000000001
43
0.0000000001
44
0.0000000001
40
0
40
0
40
0
40
0
40
0.055357238004752105
40
0.110660613444568
40
0.110660613444568
40
0.110660613444568
40
0.110660613444568
10
62.338526246945975
20
242.59113541958828
30
0
10
62.193106700334972
20
242.47008236789043
30
0
10
61.902409100259206
20
242.2280940490536
30
0
10
61.525775049197819
20
242.19342329590251
30
0
10
61.337549684445975
20
242.17609635708828
30
0
0
SPLINE
5
479
100
AcDbEntity
8
0
100
AcDbSpline
70
0
71
3
72
9
73
5
74
0
42
0.000000001
43
0.0000000001
44
0.0000000001
40
0
40
0
40
0
40
0
40
0.055303375439815894
40
0.110660613444568
40
0.110660613444568
40
0.110660613444568
40
0.110660613444568
10
61.337549684445975
20
242.17609635708828
30
0
10
61.149324319694131
20
242.19342329590251
30
0
10
60.772690268632758
20
242.2280940490536
30
0
10
60.481992668556984
20
242.47008236789043
30
0
10
60.336573121945975
20
242.59113541958828
30
0
0
SPLINE
5
480
100
AcDbEntity
8
0
100
AcDbSpline
70
0
71
3
72
9
73
5
74
0
42
0.000000001
43
0.0000000001
44
0.0000000001
40
0
40
0
40
0
40
0
40
0.055357238004752105
40
0.110660613444568
40
0.110660613444568
40
0.110660613444568
40
0.110660613444568
10
60.336573121945975
20
242.59113541958828
30
0
10
60.215520070248125
20
242.73655496619932
30
0
10
59.973531751411286
20
243.02725256627508
30
0
10
59.938860998260182
20
243.40388661733644
30
0
10
59.921534059445975
20
243.59211198208828
30
0
0
SPLINE
5
481
100
AcDbEntity
8
0
100
AcDbSpline
70
0
71
3
72
9
73
5
74
0
42
0.000000001
43
0.0000000001
44
0.0000000001
40
0
40
0
40
0
40
0
40
0.055153504659934724
40
0.11013280832264369
40
0.11013280832264369
40
0.11013280832264369
40
0.11013280832264369
10
59.921534059445975
20
243.59211198208828
30
0
10
59.938717680024958
20
243.77994121750862
30
0
10
59.973030647137087
20
244.15500643429732
30
0
10
60.21552014844525
20
244.44314408327884
30
0
10
60.336573121945975
20
244.58698502896328
30
0
0
SPLINE
5
482
100
AcDbEntity
8
0
100
AcDbSpline
70
0
71
3
72
9
73
5
74
0
42
0.000000001
43
0.0000000001
44
0.0000000001
40
0
40
0
40
0
40
0
40
0.055101133167211956
40
0.11037608338291006
40
0.11037608338291006
40
0.11037608338291006
40
0.11037608338291006
10
60.336573121945975
20
244.58698502896328
30
0
10
60.48219358223384
20
244.70625781242464
30
0
10
60.773893863936124
20
244.94517962647683
30
0
10
61.149467263584263
20
244.97898917861775
30
0
10
61.337549684445975
20
244.99592057583828
30
0
0
LINE
5
483
100
AcDbEntity
8
0
100
AcDbLine
10
58.236963746945975
20
237.45197526333828
30
0
11
58.236963746945975
21
238.46515885708828
31
0
0
SPLINE
5
484
100
AcDbEntity
8
0
100
AcDbSpline
70
0
71
3
72
9
73
5
74
0
42
0.000000001
43
0.0000000001
44
0.0000000001
40
0
40
0
40
0
40
0
40
0.094347373456196065
40
0.17378447355019716
40
0.17378447355019716
40
0.17378447355019716
40
0.17378447355019716
10
58.236963746945975
20
238.46515885708828
30
0
10
58.549282409475452
20
238.50574244203742
30
0
10
59.124562169359685
20
238.58049594801008
30
0
10
59.684085700720082
20
238.73309960854124
30
0
10
59.939844606320975
20
238.80285493252774
30
0
0
SPLINE
5
485
100
AcDbEntity
8
0
100
AcDbSpline
70
0
71
3
72
9
73
5
74
0
42
0.000000001
43
0.0000000001
44
0.0000000001
40
0
40
0
40
0
40
0
40
0.07885735389851449
40
0.17145179550539574
40
0.17145179550539574
40
0.17145179550539574
40
0.17145179550539574
10
59.939844606320975
20
238.80285493252774
30
0
10
60.18771653799233
20
238.89127356502431
30
0
10
60.726640121392528
20
239.08351350902728
30
0
10
61.234287520201605
20
239.3478120999855
30
0
10
61.508448121945975
20
239.49054948208828
30
0
0
LINE
5
486
100
AcDbEntity
8
0
100
AcDbLine
10
61.508448121945975
20
239.49054948208828
30
0
11
62.399561403195975
21
239.49054948208828
31
0
0
LINE
5
487
100
AcDbEntity
8
0
100
AcDbLine
10
62.399561403195975
20
239.49054948208828
30
0
11
62.399561403195975
21
229.70051041958828
31
0
0
SPLINE
5
488
100
AcDbEntity
8
0
100
AcDbSpline
70
0
71
3
72
9
73
5
74
0
42
0.000000001
43
0.0000000001
44
0.0000000001
40
0
40
0
40
0
40
0
40
0.045010065502741163
40
0.07888457722149117
40
0.07888457722149117
40
0.07888457722149117
40
0.07888457722149117
10
62.399561403195975
20
229.70051041958828
30
0
10
62.401368877101788
20
229.54880251084734
30
0
10
62.404536653315965
20
229.28291944428182
30
0
10
62.5035343269763
20
229.03704887032626
30
0
10
62.546045778195975
20
228.93146745083828
30
0
0
SPLINE
5
489
100
AcDbEntity
8
0
100
AcDbSpline
70
0
71
3
72
9
73
5
74
0
42
0.000000001
43
0.0000000001
44
0.0000000001
40
0
40
0
40
0
40
0
40
0.028239067876162333
40
0.056046091585550961
40
0.056046091585550961
40
0.056046091585550961
40
0.056046091585550961
10
62.546045778195975
20
228.93146745083828
30
0
10
62.599363998547979
20
228.8520194428506
30
0
10
62.705184696105398
20
228.69433894321469
30
0
10
62.872144798846044
20
228.60398280252747
30
0
10
62.954981325070975
20
228.55915299771328
30
0
0
SPLINE
5
490
100
AcDbEntity
8
0
100
AcDbSpline
70
0
71
3
72
9
73
5
74
0
42
0.000000001
43
0.0000000001
44
0.0000000001
40
0
40
0
40
0
40
0
40
0.038085277258211959
40
0.096903109603474286
40
0.096903109603474286
40
0.096903109603474286
40
0.096903109603474286
10
62.954981325070975
20
228.55915299771328
30
0
10
63.077948594865809
20
228.52569375112415
30
0
10
63.390823061862122
20
228.44056098400543
30
0
10
63.715912120648056
20
228.44219462217444
30
0
10
63.913233278195975
20
228.44318620083828
30
0
0
LINE
5
491
100
AcDbEntity
8
0
100
AcDbLine
10
63.913233278195975
20
228.44318620083828
30
0
11
64.486963746945975
21
228.44318620083828
31
0
0
LINE
5
492
100
AcDbEntity
8
0
100
AcDbLine
10
64.486963746945975
20
228.44318620083828
30
0
11
64.486963746945975
21
227.41779557583828
31
0
0
LINE
5
493
100
AcDbEntity
8
0
100
AcDbLine
10
64.486963746945975
20
227.41779557583828
30
0
11
58.236963746945975
21
227.41779557583828
31
0
0
LINE
5
494
100
AcDbEntity
8
0
100
AcDbLine
10
58.236963746945975
20
227.41779557583828
30
0
11
58.236963746945975
21
228.44318620083828
31
0
0
LINE
5
495
100
AcDbEntity
8
0
100
AcDbLine
10
58.236963746945975
20
228.44318620083828
30
0
11
58.737452028195975
21
228.44318620083828
31
0
0
SPLINE
5
496
100
AcDbEntity
8
0
100
AcDbSpline
70
0
71
3
72
9
73
5
74
0
42
0.000000001
43
0.0000000001
44
0.0000000001
40
0
40
0
40
0
40
0
40
0.068457396937548598
40
0.11139075971847871
40
0.11139075971847871
40
0.11139075971847871
40
0.11139075971847871
10
58.737452028195975
20
228.44318620083828
30
0
10
58.96755083035454
20
228.44120114664128
30
0
10
59.341957125793101
20
228.4379711568231
30
0
10
59.698617255587116
20
228.54746741223204
30
0
10
59.836084840695975
20
228.58967057583828
30
0
0
SPLINE
5
497
100
AcDbEntity
8
0
100
AcDbSpline
70
0
71
3
72
9
73
5
74
0
42
0.000000001
43
0.0000000001
44
0.0000000001
40
0
40
0
40
0
40
0
40
0.029785922306402906
40
0.058310064436332902
40
0.058310064436332902
40
0.058310064436332902
40
0.058310064436332902
10
59.836084840695975
20
228.58967057583828
30
0
10
59.922362314430309
20
228.64257843910127
30
0
10
60.091262407605242
20
228.74615290237685
30
0
10
60.186315328188336
20
228.91977641470612
30
0
10
60.232813356320975
20
229.00470963833828
30
0
0
SPLINE
5
498
100
AcDbEntity
8
0
100
AcDbSpline
70
0
71
3
72
9
73
5
74
0
42
0.000000001
43
0.0000000001
44
0.0000000001
40
0
40
0
40
0
40
0
40
0.045696188326924271
40
0.12661971992604013
40
0.12661971992604013
40
0.12661971992604013
40
0.12661971992604013
10
60.232813356320975
20
229.00470963833828
30
0
10
60.266051803106592
20
229.15376096329629
30
0
10
60.358152325641669
20
229.56676777440646
30
0
10
60.352434472416128
20
229.99094151176635
30
0
10
60.348780153195975
20
230.26203385708828
30
0
0
LINE
5
499
100
AcDbEntity
8
0
100
AcDbLine
10
60.348780153195975
20
230.26203385708828
30
0
11
60.348780153195975
21
237.45197526333828
31
0
0
LINE
5
500
100
AcDbEntity
8
0
100
AcDbLine
10
60.348780153195975
20
237.45197526333828
30
0
11
58.236963746945975
21
237.45197526333828
31
0
0
LINE
5
501
100
AcDbEntity
8
0
100
AcDbLine
10
65.695459840695975
20
243.28693620083828
30
0
11
65.695459840695975
21
244.30011979458828
31
0
0
SPLINE
5
502
100
AcDbEntity
8
0
100
AcDbSpline
70
0
71
3
72
9
73
5
74
0
42
0.000000001
43
0.0000000001
44
0.0000000001
40
0
40
0
40
0
40
0
40
0.16692445731118372
40
0.34153008115191252
40
0.34153008115191252
40
0.34153008115191252
40
0.34153008115191252
10
65.695459840695975
20
244.30011979458828
30
0
10
66.250924330252801
20
244.37663124683957
30
0
10
67.387413465824437
20
244.53317488889994
30
0
10
68.408366007894301
20
245.05746804567622
30
0
10
68.930323121945975
20
245.32551041958828
30
0
0
LINE
5
503
100
AcDbEntity
8
0
100
AcDbLine
10
68.930323121945975
20
245.32551041958828
30
0
11
69.833643434445975
21
245.32551041958828
31
0
0
LINE
5
504
100
AcDbEntity
8
0
100
AcDbLine
10
69.833643434445975
20
245.32551041958828
30
0
11
69.833643434445975
21
230.29865495083828
31
0
0
SPLINE
5
505
100
AcDbEntity
8
0
100
AcDbSpline
70
0
71
3
72
9
73
5
74
0
42
0.000000001
43
0.0000000001
44
0.0000000001
40
0
40
0
40
0
40
0
40
0.077574699149499618
40
0.12067260794810736
40
0.12067260794810736
40
0.12067260794810736
40
0.12067260794810736
10
69.833643434445975
20
230.29865495083828
30
0
10
69.829429553763219
20
230.03844013878449
30
0
10
69.822874581882601
20
229.63365867857223
30
0
10
69.920755743915194
20
229.24218109240383
30
0
10
69.955713746945975
20
229.10236588833828
30
0
0
SPLINE
5
506
100
AcDbEntity
8
0
100
AcDbSpline
70
0
71
3
72
9
73
5
74
0
42
0.000000001
43
0.0000000001
44
0.0000000001
40
0
40
0
40
0
40
0
40
0.035464787282855702
40
0.069218111645459074
40
0.069218111645459074
40
0.069218111645459074
40
0.069218111645459074
10
69.955713746945975
20
229.10236588833828
30
0
10
70.013400671152169
20
228.99675967331547
30
0
10
70.125990658745792
20
228.79064359756961
30
0
10
70.323344073141655
20
228.66375379287678
30
0
10
70.419580934445975
20
228.60187760708828
30
0
0
SPLINE
5
507
100
AcDbEntity
8
0
100
AcDbSpline
70
0
71
3
72
9
73
5
74
0
42
0.000000001
43
0.0000000001
44
0.0000000001
40
0
40
0
40
0
40
0
40
0.046117907190692947
40
0.11885801265640504
40
0.11885801265640504
40
0.11885801265640504
40
0.11885801265640504
10
70.419580934445975
20
228.60187760708828
30
0
10
70.567133932908163
20
228.55613464893929
30
0
10
70.947416934176871
20
228.43824297887423
30
0
10
71.346946931629219
20
228.44130950971766
30
0
10
71.591455934445975
20
228.44318620083828
30
0
0
LINE
5
508
100
AcDbEntity
8
0
100
AcDbLine
10
71.591455934445975
20
228.44318620083828
30
0
11
71.982080934445975
21
228.44318620083828
31
0
0
LINE
5
509
100
AcDbEntity
8
0
100
AcDbLine
10
71.982080934445975
20
228.44318620083828
30
0
11
71.982080934445975
21
227.41779557583828
31
0
0
LINE
5
510
100
AcDbEntity
8
0
100
AcDbLine
10
71.982080934445975
20
227.41779557583828
30
0
11
65.695459840695975
21
227.41779557583828
31
0
0
LINE
5
511
100
AcDbEntity
8
0
100
AcDbLine
10
65.695459840695975
20
227.41779557583828
30
0
11
65.695459840695975
21
228.44318620083828
31
0
0
LINE
5
512
100
AcDbEntity
8
0
100
AcDbLine
10
65.695459840695975
20
228.44318620083828
30
0
11
66.330225465695975
21
228.44318620083828
31
0
0
SPLINE
5
513
100
AcDbEntity
8
0
100
AcDbSpline
70
0
71
3
72
9
73
5
74
0
42
0.000000001
43
0.0000000001
44
0.0000000001
40
0
40
0
40
0
40
0
40
0.052534968178570167
40
0.092332062501297746
40
0.092332062501297746
40
0.092332062501297746
40
0.092332062501297746
10
66.330225465695975
20
228.44318620083828
30
0
10
66.507517885147962
20
228.44557977025693
30
0
10
66.819115575627293
20
228.44978655306892
30
0
10
67.104454906370506
20
228.57232889103241
30
0
10
67.227442262570975
20
228.6251472604086
30
0
0
SPLINE
5
514
100
AcDbEntity
8
0
100
AcDbSpline
70
0
71
3
72
9
73
5
74
0
42
0.000000001
43
0.0000000001
44
0.0000000001
40
0
40
0
40
0
40
0
40
0.033477607842350564
40
0.066454048944077485
40
0.066454048944077485
40
0.066454048944077485
40
0.066454048944077485
10
67.227442262570975
20
228.6251472604086
30
0
10
67.319847880023616
20
228.69095827681437
30
0
10
67.503275783648675
20
228.82159510504545
30
0
10
67.604471890702754
20
229.02269618411538
30
0
10
67.654688356320975
20
229.12248841641446
30
0
0
SPLINE
5
515
100
AcDbEntity
8
0
100
AcDbSpline
70
0
71
3
72
9
73
5
74
0
42
0.000000001
43
0.0000000001
44
0.0000000001
40
0
40
0
40
0
40
0
40
0.048276181323682839
40
0.12719343923595558
40
0.12719343923595558
40
0.12719343923595558
40
0.12719343923595558
10
67.654688356320975
20
229.12248841641446
30
0
10
67.691572861960594
20
229.2796000269573
30
0
10
67.788752609782094
20
229.69354258705451
30
0
10
67.785117556058879
20
230.11969660963553
30
0
10
67.782862184445975
20
230.38410416958828
30
0
0
LINE
5
516
100
AcDbEntity
8
0
100
AcDbLine
10
67.782862184445975
20
230.38410416958828
30
0
11
67.782862184445975
21
243.28693620083828
31
0
0
LINE
5
517
100
AcDbEntity
8
0
100
AcDbLine
10
67.782862184445975
20
243.28693620083828
30
0
11
65.695459840695975
21
243.28693620083828
31
0
0
LINE
5
518
100
AcDbEntity
8
0
100
AcDbLine
10
73.190577028195975
20
243.28693620083828
30
0
11
73.190577028195975
21
244.30011979458828
31
0
0
SPLINE
5
519
100
AcDbEntity
8
0
100
AcDbSpline
70
0
71
3
72
9
73
5
74
0
42
0.000000001
43
0.0000000001
44
0.0000000001
40
0
40
0
40
0
40
0
40
0.16692445731118372
40
0.34153008115191252
40
0.34153008115191252
40
0.34153008115191252
40
0.34153008115191252
10
73.190577028195975
20
244.30011979458828
30
0
10
73.746041517752801
20
244.37663124683957
30
0
10
74.882530653324437
20
244.53317488889994
30
0
10
75.903483195394301
20
245.05746804567622
30
0
10
76.425440309445975
20
245.32551041958828
30
0
0
LINE
5
520
100
AcDbEntity
8
0
100
AcDbLine
10
76.425440309445975
20
245.32551041958828
30
0
11
77.328760621945975
21
245.32551041958828
31
0
0
LINE
5
521
100
AcDbEntity
8
0
100
AcDbLine
10
77.328760621945975
20
245.32551041958828
30
0
11
77.328760621945975
21
230.29865495083828
31
0
0
SPLINE
5
522
100
AcDbEntity
8
0
100
AcDbSpline
70
0
71
3
72
9
73
5
74
0
42
0.000000001
43
0.0000000001
44
0.0000000001
40
0
40
0
40
0
40
0
40
0.077574699149499618
40
0.12067260794810736
40
0.12067260794810736
40
0.12067260794810736
40
0.12067260794810736
10
77.328760621945975
20
230.29865495083828
30
0
10
77.324546741263219
20
230.03844013878449
30
0
10
77.317991769382601
20
229.63365867857223
30
0
10
77.415872931415194
20
229.24218109240383
30
0
10
77.450830934445975
20
229.10236588833828
30
0
0
SPLINE
5
523
100
AcDbEntity
8
0
100
AcDbSpline
70
0
71
3
72
9
73
5
74
0
42
0.000000001
43
0.0000000001
44
0.0000000001
40
0
40
0
40
0
40
0
40
0.035464787282855702
40
0.069218111645459074
40
0.069218111645459074
40
0.069218111645459074
40
0.069218111645459074
10
77.450830934445975
20
229.10236588833828
30
0
10
77.508517858652155
20
228.99675967331547
30
0
10
77.621107846245792
20
228.79064359756961
30
0
10
77.818461260641669
20
228.66375379287678
30
0
10
77.914698121945975
20
228.60187760708828
30
0
0
SPLINE
5
524
100
AcDbEntity
8
0
100
AcDbSpline
70
0
71
3
72
9
73
5
74
0
42
0.000000001
43
0.0000000001
44
0.0000000001
40
0
40
0
40
0
40
0
40
0.046117907190692947
40
0.11885801265640504
40
0.11885801265640504
40
0.11885801265640504
40
0.11885801265640504
10
77.914698121945975
20
228.60187760708828
30
0
10
78.062251120408149
20
228.55613464893929
30
0
10
78.442534121676871
20
228.43824297887423
30
0
10
78.842064119129205
20
228.44130950971766
30
0
10
79.086573121945975
20
228.44318620083828
30
0
0
LINE
5
525
100
AcDbEntity
8
0
100
AcDbLine
10
79.086573121945975
20
228.44318620083828
30
0
11
79.477198121945975
21
228.44318620083828
31
0
0
LINE
5
526
100
AcDbEntity
8
0
100
AcDbLine
10
79.477198121945975
20
228.44318620083828
30
0
11
79.477198121945975
21
227.41779557583828
31
0
0
LINE
5
527
100
AcDbEntity
8
0
100
AcDbLine
10
79.477198121945975
20
227.41779557583828
30
0
11
73.190577028195975
21
227.41779557583828
31
0
0
LINE
5
528
100
AcDbEntity
8
0
100
AcDbLine
10
73.190577028195975
20
227.41779557583828
30
0
11
73.190577028195975
21
228.44318620083828
31
0
0
LINE
5
529
100
AcDbEntity
8
0
100
AcDbLine
10
73.190577028195975
20
228.44318620083828
30
0
11
73.825342653195975
21
228.44318620083828
31
0
0
SPLINE
5
530
100
AcDbEntity
8
0
100
AcDbSpline
70
0
71
3
72
9
73
5
74
0
42
0.000000001
43
0.0000000001
44
0.0000000001
40
0
40
0
40
0
40
0
40
0.052534968178570167
40
0.092332062501297746
40
0.092332062501297746
40
0.092332062501297746
40
0.092332062501297746
10
73.825342653195975
20
228.44318620083828
30
0
10
74.002635072647962
20
228.44557977025693
30
0
10
74.314232763127293
20
228.44978655306892
30
0
10
74.599572093870506
20
228.57232889103241
30
0
10
74.722559450070975
20
228.6251472604086
30
0
0
SPLINE
5
531
100
AcDbEntity
8
0
100
AcDbSpline
70
0
71
3
72
9
73
5
74
0
42
0.000000001
43
0.0000000001
44
0.0000000001
40
0
40
0
40
0
40
0
40
0.033477607842350564
40
0.066454048944077485
40
0.066454048944077485
40
0.066454048944077485
40
0.066454048944077485
10
74.722559450070975
20
228.6251472604086
30
0
10
74.814965067523616
20
228.69095827681437
30
0
10
74.998392971148675
20
228.82159510504545
30
0
10
75.099589078202754
20
229.02269618411538
30
0
10
75.149805543820975
20
229.12248841641446
30
0
0
SPLINE
5
532
100
AcDbEntity
8
0
100
AcDbSpline
70
0
71
3
72
9
73
5
74
0
42
0.000000001
43
0.0000000001
44
0.0000000001
40
0
40
0
40
0
40
0
40
0.048276181323682839
40
0.12719343923595558
40
0.12719343923595558
40
0.12719343923595558
40
0.12719343923595558
10
75.149805543820975
20
229.12248841641446
30
0
10
75.186690049460594
20
229.2796000269573
30
0
10
75.283869797282094
20
229.69354258705451
30
0
10
75.280234743558893
20
230.11969660963553
30
0
10
75.277979371945975
20
230.38410416958828
30
0
0
LINE
5
533
100
AcDbEntity
8
0
100
AcDbLine
10
75.277979371945975
20
230.38410416958828
30
0
11
75.277979371945975
21
243.28693620083828
31
0
0
LINE
5
534
100
AcDbEntity
8
0
100
AcDbLine
10
75.277979371945975
20
243.28693620083828
30
0
11
73.190577028195975
21
243.28693620083828
31
0
0
SPLINE
5
535
100
AcDbEntity
8
0
100
AcDbSpline
70
0
71
3
72
9
73
5
74
0
42
0.000000001
43
0.0000000001
44
0.0000000001
40
0
40
0
40
0
40
0
40
0.055274950215698108
40
0.11037608338291006
40
0.11037608338291006
40
0.11037608338291006
40
0.11037608338291006
10
83.822901246945975
20
244.99592057583828
30
0
10
84.010983667807693
20
244.97898917861775
30
0
10
84.38655706745584
20
244.94517962647683
30
0
10
84.678257349158116
20
244.70625781242464
30
0
10
84.823877809445975
20
244.58698502896328
30
0
0
SPLINE
5
536
100
AcDbEntity
8
0
100
AcDbSpline
70
0
71
3
72
9
73
5
74
0
42
0.000000001
43
0.0000000001
44
0.0000000001
40
0
40
0
40
0
40
0
40
0.054979303662708957
40
0.11013280832264369
40
0.11013280832264369
40
0.11013280832264369
40
0.11013280832264369
10
84.823877809445975
20
244.58698502896328
30
0
10
84.944930782946699
20
244.44314408327884
30
0
10
85.187420284254856
20
244.15500643429732
30
0
10
85.221733251366985
20
243.77994121750862
30
0
10
85.238916871945975
20
243.59211198208828
30
0
0
SPLINE
5
537
100
AcDbEntity
8
0
100
AcDbSpline
70
0
71
3
72
9
73
5
74
0
42
0.000000001
43
0.0000000001
44
0.0000000001
40
0
40
0
40
0
40
0
40
0.055303375439815894
40
0.110660613444568
40
0.110660613444568
40
0.110660613444568
40
0.110660613444568
10
85.238916871945975
20
243.59211198208828
30
0
10
85.221589933131767
20
243.40388661733644
30
0
10
85.186919179980663
20
243.02725256627508
30
0
10
84.944930861143817
20
242.73655496619932
30
0
10
84.823877809445975
20
242.59113541958828
30
0
0
SPLINE
5
538
100
AcDbEntity
8
0
100
AcDbSpline
70
0
71
3
72
9
73
5
74
0
42
0.000000001
43
0.0000000001
44
0.0000000001
40
0
40
0
40
0
40
0
40
0.055357238004752105
40
0.110660613444568
40
0.110660613444568
40
0.110660613444568
40
0.110660613444568
10
84.823877809445975
20
242.59113541958828
30
0
10
84.678458262834965
20
242.47008236789043
30
0
10
84.387760662759206
20
242.2280940490536
30
0
10
84.011126611697819
20
242.19342329590251
30
0
10
83.822901246945975
20
242.17609635708828
30
0
0
SPLINE
5
539
100
AcDbEntity
8
0
100
AcDbSpline
70
0
71
3
72
9
73
5
74
0
42
0.000000001
43
0.0000000001
44
0.0000000001
40
0
40
0
40
0
40
0
40
0.055303375439815894
40
0.110660613444568
40
0.110660613444568
40
0.110660613444568
40
0.110660613444568
10
83.822901246945975
20
242.17609635708828
30
0
10
83.634675882194131
20
242.19342329590251
30
0
10
83.258041831132758
20
242.2280940490536
30
0
10
82.967344231056984
20
242.47008236789043
30
0
10
82.821924684445975
20
242.59113541958828
30
0
0
SPLINE
5
540
100
AcDbEntity
8
0
100
AcDbSpline
70
0
71
3
72
9
73
5
74
0
42
0.000000001
43
0.0000000001
44
0.0000000001
40
0
40
0
40
0
40
0
40
0.055357238004752105
40
0.110660613444568
40
0.110660613444568
40
0.110660613444568
40
0.110660613444568
10
82.821924684445975
20
242.59113541958828
30
0
10
82.700871632748118
20
242.73655496619932
30
0
10
82.458883313911286
20
243.02725256627508
30
0
10
82.424212560760168
20
243.40388661733644
30
0
10
82.406885621945975
20
243.59211198208828
30
0
0
SPLINE
5
541
100
AcDbEntity
8
0
100
AcDbSpline
70
0
71
3
72
9
73
5
74
0
42
0.000000001
43
0.0000000001
44
0.0000000001
40
0
40
0
40
0
40
0
40
0.055153504659934724
40
0.11013280832264369
40
0.11013280832264369
40
0.11013280832264369
40
0.11013280832264369
10
82.406885621945975
20
243.59211198208828
30
0
10
82.424069242524951
20
243.77994121750862
30
0
10
82.458382209637065
20
244.15500643429732
30
0
10
82.70087171094525
20
244.44314408327884
30
0
10
82.821924684445975
20
244.58698502896328
30
0
0
SPLINE
5
542
100
AcDbEntity
8
0
100
AcDbSpline
70
0
71
3
72
9
73
5
74
0
42
0.000000001
43
0.0000000001
44
0.0000000001
40
0
40
0
40
0
40
0
40
0.055101133167211956
40
0.11037608338291006
40
0.11037608338291006
40
0.11037608338291006
40
0.11037608338291006
10
82.821924684445975
20
244.58698502896328
30
0
10
82.967545144733833
20
244.70625781242464
30
0
10
83.259245426436109
20
244.94517962647683
30
0
10
83.634818826084256
20
244.97898917861775
30
0
10
83.822901246945975
20
244.99592057583828
30
0
0
LINE
5
543
100
AcDbEntity
8
0
100
AcDbLine
10
80.722315309445975
20
237.45197526333828
30
0
11
80.722315309445975
21
238.46515885708828
31
0
0
SPLINE
5
544
100
AcDbEntity
8
0
100
AcDbSpline
70
0
71
3
72
9
73
5
74
0
42
0.000000001
43
0.0000000001
44
0.0000000001
40
0
40
0
40
0
40
0
40
0.094347373456196065
40
0.17378447355019716
40
0.17378447355019716
40
0.17378447355019716
40
0.17378447355019716
10
80.722315309445975
20
238.46515885708828
30
0
10
81.034633971975452
20
238.50574244203742
30
0
10
81.609913731859663
20
238.58049594801008
30
0
10
82.16943726322009
20
238.73309960854124
30
0
10
82.425196168820975
20
238.80285493252774
30
0
0
SPLINE
5
545
100
AcDbEntity
8
0
100
AcDbSpline
70
0
71
3
72
9
73
5
74
0
42
0.000000001
43
0.0000000001
44
0.0000000001
40
0
40
0
40
0
40
0
40
0.07885735389851449
40
0.17145179550539574
40
0.17145179550539574
40
0.17145179550539574
40
0.17145179550539574
10
82.425196168820975
20
238.80285493252774
30
0
10
82.673068100492344
20
238.89127356502431
30
0
10
83.211991683892549
20
239.08351350902728
30
0
10
83.719639082701605
20
239.3478120999855
30
0
10
83.993799684445975
20
239.49054948208828
30
0
0
LINE
5
546
100
AcDbEntity
8
0
100
AcDbLine
10
83.993799684445975
20
239.49054948208828
30
0
11
84.884912965695975
21
239.49054948208828
31
0
0
LINE
5
547
100
AcDbEntity
8
0
100
AcDbLine
10
84.884912965695975
20
239.49054948208828
30
0
11
84.884912965695975
21
229.70051041958828
31
0
0
SPLINE
5
548
100
AcDbEntity
8
0
100
AcDbSpline
70
0
71
3
72
9
73
5
74
0
42
0.000000001
43
0.0000000001
44
0.0000000001
40
0
40
0
40
0
40
0
40
0.045010065502741163
40
0.07888457722149117
40
0.07888457722149117
40
0.07888457722149117
40
0.07888457722149117
10
84.884912965695975
20
229.70051041958828
30
0
10
84.886720439601788
20
229.54880251084734
30
0
10
84.889888215815986
20
229.28291944428182
30
0
10
84.988885889476308
20
229.03704887032626
30
0
10
85.031397340695975
20
228.93146745083828
30
0
0
SPLINE
5
549
100
AcDbEntity
8
0
100
AcDbSpline
70
0
71
3
72
9
73
5
74
0
42
0.000000001
43
0.0000000001
44
0.0000000001
40
0
40
0
40
0
40
0
40
0.028239067876162333
40
0.056046091585550961
40
0.056046091585550961
40
0.056046091585550961
40
0.056046091585550961
10
85.031397340695975
20
228.93146745083828
30
0
10
85.084715561047972
20
228.8520194428506
30
0
10
85.190536258605391
20
228.69433894321469
30
0
10
85.357496361346037
20
228.60398280252747
30
0
10
85.440332887570975
20
228.55915299771328
30
0
0
SPLINE
5
550
100
AcDbEntity
8
0
100
AcDbSpline
70
0
71
3
72
9
73
5
74
0
42
0.000000001
43
0.0000000001
44
0.0000000001
40
0
40
0
40
0
40
0
40
0.038085277258211959
40
0.096903109603474286
40
0.096903109603474286
40
0.096903109603474286
40
0.096903109603474286
10
85.440332887570975
20
228.55915299771328
30
0
10
85.563300157365831
20
228.52569375112415
30
0
10
85.876174624362122
20
228.44056098400543
30
0
10
86.201263683148071
20
228.44219462217444
30
0
10
86.398584840695975
20
228.44318620083828
30
0
0
LINE
5
551
100
AcDbEntity
8
0
100
AcDbLine
10
86.398584840695975
20
228.44318620083828
30
0
11
86.972315309445975
21
228.44318620083828
31
0
0
LINE
5
552
100
AcDbEntity
8
0
100
AcDbLine
10
86.972315309445975
20
228.44318620083828
30
0
11
86.972315309445975
21
227.41779557583828
31
0
0
LINE
5
553
100
AcDbEntity
8
0
100
AcDbLine
10
86.972315309445975
20
227.41779557583828
30
0
11
80.722315309445975
21
227.41779557583828
31
0
0
LINE
5
554
100
AcDbEntity
8
0
100
AcDbLine
10
80.722315309445975
20
227.41779557583828
30
0
11
80.722315309445975
21
228.44318620083828
31
0
0
LINE
5
555
100
AcDbEntity
8
0
100
AcDbLine
10
80.722315309445975
20
228.44318620083828
30
0
11
81.222803590695975
21
228.44318620083828
31
0
0
SPLINE
5
556
100
AcDbEntity
8
0
100
AcDbSpline
70
0
71
3
72
9
73
5
74
0
42
0.000000001
43
0.0000000001
44
0.0000000001
40
0
40
0
40
0
40
0
40
0.068457396937548598
40
0.11139075971847871
40
0.11139075971847871
40
0.11139075971847871
40
0.11139075971847871
10
81.222803590695975
20
228.44318620083828
30
0
10
81.452902392854526
20
228.44120114664128
30
0
10
81.827308688293087
20
228.4379711568231
30
0
10
82.183968818087124
20
228.54746741223204
30
0
10
82.321436403195975
20
228.58967057583828
30
0
0
SPLINE
5
557
100
AcDbEntity
8
0
100
AcDbSpline
70
0
71
3
72
9
73
5
74
0
42
0.000000001
43
0.0000000001
44
0.0000000001
40
0
40
0
40
0
40
0
40
0.029785922306402906
40
0.058310064436332902
40
0.058310064436332902
40
0.058310064436332902
40
0.058310064436332902
10
82.321436403195975
20
228.58967057583828
30
0
10
82.407713876930302
20
228.64257843910127
30
0
10
82.576613970105242
20
228.74615290237685
30
0
10
82.671666890688329
20
228.91977641470612
30
0
10
82.718164918820975
20
229.00470963833828
30
0
0
SPLINE
5
558
100
AcDbEntity
8
0
100
AcDbSpline
70
0
71
3
72
9
73
5
74
0
42
0.000000001
43
0.0000000001
44
0.0000000001
40
0
40
0
40
0
40
0
40
0.045696188326924271
40
0.12661971992604013
40
0.12661971992604013
40
0.12661971992604013
40
0.12661971992604013
10
82.718164918820975
20
229.00470963833828
30
0
10
82.751403365606592
20
229.15376096329629
30
0
10
82.84350388814164
20
229.56676777440646
30
0
10
82.837786034916121
20
229.99094151176635
30
0
10
82.834131715695975
20
230.26203385708828
30
0
0
LINE
5
559
100
AcDbEntity
8
0
100
AcDbLine
10
82.834131715695975
20
230.26203385708828
30
0
11
82.834131715695975
21
237.45197526333828
31
0
0
LINE
5
560
100
AcDbEntity
8
0
100
AcDbLine
10
82.834131715695975
20
237.45197526333828
30
0
11
80.722315309445975
21
237.45197526333828
31
0
0
LINE
5
561
100
AcDbEntity
8
0
100
AcDbLine
10
97.102243898313162
20
234.48566666958828
30
0
11
97.104151246945975
21
235.81623307583828
31
0
0
SPLINE
5
562
100
AcDbEntity
8
0
100
AcDbSpline
70
0
71
3
72
9
73
5
74
0
42
0.000000001
43
0.0000000001
44
0.0000000001
40
0
40
0
40
0
40
0
40
0.11765733011873646
40
0.21368186199969352
40
0.21368186199969352
40
0.21368186199969352
40
0.21368186199969352
10
97.104151246945975
20
235.81623307583828
30
0
10
97.087508659424628
20
236.22287117884719
30
0
10
97.05728343600282
20
236.96138179202595
30
0
10
96.566322496275049
20
237.50621150287512
30
0
10
96.345694063108084
20
237.75104752896328
30
0
0
SPLINE
5
563
100
AcDbEntity
8
0
100
AcDbSpline
70
0
71
3
72
9
73
5
74
0
42
0.000000001
43
0.0000000001
44
0.0000000001
40
0
40
0
40
0
40
0
40
0.10125925389736924
40
0.22475784281565533
40
0.22475784281565533
40
0.22475784281565533
40
0.22475784281565533
10
96.345694063108084
20
237.75104752896328
30
0
10
96.047719287396262
20
237.91973528827114
30
0
10
95.386326227258309
20
238.29415930812291
30
0
10
94.623786395126231
20
238.31785909619731
30
0
10
94.204790590207693
20
238.33088151333828
30
0
0
SPLINE
5
564
100
AcDbEntity
8
0
100
AcDbSpline
70
0
71
3
72
9
73
5
74
0
42
0.000000001
43
0.0000000001
44
0.0000000001
40
0
40
0
40
0
40
0
40
0.064347683372336997
40
0.12136460660719897
40
0.12136460660719897
40
0.12136460660719897
40
0.12136460660719897
10
94.204790590207693
20
238.33088151333828
30
0
10
93.989503015459874
20
238.3258340467157
30
0
10
93.583454336667529
20
238.31631414220769
30
0
10
93.190589382876666
20
238.21410452659447
30
0
10
93.006021974485037
20
238.16608659146328
30
0
0
SPLINE
5
565
100
AcDbEntity
8
0
100
AcDbSpline
70
0
71
3
72
9
73
5
74
0
42
0.000000001
43
0.0000000001
44
0.0000000001
40
0
40
0
40
0
40
0
40
0.050284738623244118
40
0.094676453702597252
40
0.094676453702597252
40
0.094676453702597252
40
0.094676453702597252
10
93.006021974485037
20
238.16608659146328
30
0
10
92.846889503346034
20
238.109397647984
30
0
10
92.547273785956037
20
238.00266331308006
30
0
10
92.297397091793329
20
237.80643404176834
30
0
10
92.180235383908865
20
237.71442643521328
30
0
0
SPLINE
5
566
100
AcDbEntity
8
0
100
AcDbSpline
70
0
71
3
72
9
73
5
74
0
42
0.000000001
43
0.0000000001
44
0.0000000001
40
0
40
0
40
0
40
0
40
0.04090620210783643
40
0.080323266278190614
40
0.080323266278190614
40
0.080323266278190614
40
0.080323266278190614
10
92.180235383908865
20
237.71442643521328
30
0
10
92.083607230512825
20
237.61667060241646
30
0
10
91.893868547983928
20
237.42471761281143
30
0
10
91.778189761220659
20
237.18096638664395
30
0
10
91.721422670285818
20
237.06135026333828
30
0
0
SPLINE
5
567
100
AcDbEntity
8
0
100
AcDbSpline
70
0
71
3
72
9
73
5
74
0
42
0.000000001
43
0.0000000001
44
0.0000000001
40
0
40
0
40
0
40
0
40
0.03426702743177145
40
0.10785835408429498
40
0.10785835408429498
40
0.10785835408429498
40
0.10785835408429498
10
91.721422670285818
20
237.06135026333828
30
0
10
91.685962377659138
20
236.9527456540261
30
0
10
91.574348120902414
20
236.61090350183756
30
0
10
91.487284724978764
20
236.26188591828705
30
0
10
91.427881715695975
20
236.02375260708828
30
0
0
SPLINE
5
568
100
AcDbEntity
8
0
100
AcDbSpline
70
0
71
3
72
9
73
5
74
0
42
0.000000001
43
0.0000000001
44
0.0000000001
40
0
40
0
40
0
40
0
40
0.092675508713798843
40
0.16890167489555369
40
0.16890167489555369
40
0.16890167489555369
40
0.16890167489555369
10
91.427881715695975
20
236.02375260708828
30
0
10
91.326749535606652
20
235.70428009283438
30
0
10
91.14243552600486
20
235.12203950425331
30
0
10
90.556888221238722
20
234.9863549217261
30
0
10
90.292627809445975
20
234.92511979458828
30
0
0
SPLINE
5
569
100
AcDbEntity
8
0
100
AcDbSpline
70
0
71
3
72
9
73
5
74
0
42
0.000000001
43
0.0000000001
44
0.0000000001
40
0
40
0
40
0
40
0
40
0.044833324064403886
40
0.087122473664571681
40
0.087122473664571681
40
0.087122473664571681
40
0.087122473664571681
10
90.292627809445975
20
234.92511979458828
30
0
10
90.139308120233665
20
234.93695292917914
30
0
10
89.841369235165232
20
234.95994769876796
30
0
10
89.615103449006597
20
235.15427827977604
30
0
10
89.505274293820975
20
235.24860612271328
30
0
0
SPLINE
5
570
100
AcDbEntity
8
0
100
AcDbSpline
70
0
71
3
72
9
73
5
74
0
42
0.000000001
43
0.0000000001
44
0.0000000001
40
0
40
0
40
0
40
0
40
0.044121389502031823
40
0.093971178465654837
40
0.093971178465654837
40
0.093971178465654837
40
0.093971178465654837
10
89.505274293820975
20
235.24860612271328
30
0
10
89.418132174822375
20
235.37085004525312
30
0
10
89.232534039570623
20
235.63120914978236
30
0
10
89.215328967288912
20
235.95150072480396
30
0
10
89.206202028195975
20
236.12140885708828
30
0
0
SPLINE
5
571
100
AcDbEntity
8
0
100
AcDbSpline
70
0
71
3
72
9
73
5
74
0
42
0.000000001
43
0.0000000001
44
0.0000000001
40
0
40
0
40
0
40
0
40
0.081192387961958032
40
0.17141364774844686
40
0.17141364774844686
40
0.17141364774844686
40
0.17141364774844686
10
89.206202028195975
20
236.12140885708828
30
0
10
89.23598160825432
20
236.3948091614341
30
0
10
89.298852359741659
20
236.97201282103589
30
0
10
89.630033720452985
20
237.45041753839109
30
0
10
89.804346559445975
20
237.70221940396328
30
0
0
SPLINE
5
572
100
AcDbEntity
8
0
100
AcDbSpline
70
0
71
3
72
9
73
5
74
0
42
0.000000001
43
0.0000000001
44
0.0000000001
40
0
40
0
40
0
40
0
40
0.10352624532812582
40
0.22490576427566683
40
0.22490576427566683
40
0.22490576427566683
40
0.22490576427566683
10
89.804346559445975
20
237.70221940396328
30
0
10
90.044071706543107
20
237.95499762334509
30
0
10
90.564863002055574
20
238.50414608750617
30
0
10
91.256193295040305
20
238.81577467618371
30
0
10
91.629297731320975
20
238.98395768521328
30
0
0
SPLINE
5
573
100
AcDbEntity
8
0
100
AcDbSpline
70
0
71
3
72
9
73
5
74
0
42
0.000000001
43
0.0000000001
44
0.0000000001
40
0
40
0
40
0
40
0
40
0.13910878220300854
40
0.29571912380808008
40
0.29571912380808008
40
0.29571912380808008
40
0.29571912380808008
10
91.629297731320975
20
238.98395768521328
30
0
10
92.071573392541083
20
239.13157402110238
30
0
10
93.011768317307087
20
239.4453786049508
30
0
10
94.003339800008732
20
239.47490993826011
30
0
10
94.528467653195975
20
239.49054948208828
30
0
0
SPLINE
5
574
100
AcDbEntity
8
0
100
AcDbSpline
70
0
71
3
72
9
73
5
74
0
42
0.000000001
43
0.0000000001
44
0.0000000001
40
0
40
0
40
0
40
0
40
0.14545765885202303
40
0.27305250393842273
40
0.27305250393842273
40
0.27305250393842273
40
0.27305250393842273
10
94.528467653195975
20
239.49054948208828
30
0
10
95.016502203744423
20
239.47628495110177
30
0
10
95.932638604449721
20
239.44950763367402
30
0
10
96.797613113479571
20
239.14925101988274
30
0
10
97.201807496945975
20
239.00894395230313
30
0
0
SPLINE
5
575
100
AcDbEntity
8
0
100
AcDbSpline
70
0
71
3
72
9
73
5
74
0
42
0.000000001
43
0.0000000001
44
0.0000000001
40
0
40
0
40
0
40
0
40
0.11288537500870409
40
0.21710870621554063
40
0.21710870621554063
40
0.21710870621554063
40
0.21710870621554063
10
97.201807496945975
20
239.00894395230313
30
0
10
97.543811981533551
20
238.83731794643461
30
0
10
98.201577889322706
20
238.50723532869793
30
0
10
98.631273648066156
20
237.9111320014529
30
0
10
98.837549684445975
20
237.62497178433438
30
0
0
SPLINE
5
576
100
AcDbEntity
8
0
100
AcDbSpline
70
0
71
3
72
9
73
5
74
0
42
0.000000001
43
0.0000000001
44
0.0000000001
40
0
40
0
40
0
40
0
40
0.091995738164835236
40
0.23129971311229242
40
0.23129971311229242
40
0.23129971311229242
40
0.23129971311229242
10
98.837549684445975
20
237.62497178433438
30
0
10
98.94330133204943
20
237.33495448098432
30
0
10
99.209186755002435
20
236.60578027791109
30
0
10
99.205800218225534
20
235.82636120582495
30
0
10
99.203760621945975
20
235.35694352505703
30
0
0
LINE
5
577
100
AcDbEntity
8
0
100
AcDbLine
10
99.203760621945975
20
235.35694352505703
30
0
11
99.203760621945975
21
230.66238633511563
31
0
0
SPLINE
5
578
100
AcDbEntity
8
0
100
AcDbSpline
70
0
71
3
72
9
73
5
74
0
42
0.000000001
43
0.0000000001
44
0.0000000001
40
0
40
0
40
0
40
0
40
0.082635663384993036
40
0.13071422713018135
40
0.13071422713018135
40
0.13071422713018135
40
0.13071422713018135
10
99.203760621945975
20
230.66238633511563
30
0
10
99.2021646881918
20
230.38660038475393
30
0
10
99.199640218263397
20
229.95035838126279
30
0
10
99.247275017284778
20
229.5169740834757
30
0
10
99.264795778195975
20
229.3575691354086
30
0
0
SPLINE
5
579
100
AcDbEntity
8
0
100
AcDbSpline
70
0
71
3
72
9
73
5
74
0
42
0.000000001
43
0.0000000001
44
0.0000000001
40
0
40
0
40
0
40
0
40
0.049454621967303533
40
0.092906893607916055
40
0.092906893607916055
40
0.092906893607916055
40
0.092906893607916055
10
99.264795778195975
20
229.3575691354086
30
0
10
99.313908171106235
20
229.19702631058286
30
0
10
99.406172143237256
20
228.89542588271058
30
0
10
99.630056464858512
20
228.67443206380145
30
0
10
99.734766481320975
20
228.57107392666836
30
0
0
SPLINE
5
580
100
AcDbEntity
8
0
100
AcDbSpline
70
0
71
3
72
9
73
5
74
0
42
0.000000001
43
0.0000000001
44
0.0000000001
40
0
40
0
40
0
40
0
40
0.043323606299812398
40
0.092438415575667246
40
0.092438415575667246
40
0.092438415575667246
40
0.092438415575667246
10
99.734766481320975
20
228.57107392666836
30
0
10
99.860065573850946
20
228.49468980777101
30
0
10
100.1274128834536
20
228.33171106410055
30
0
10
100.44096907850083
20
228.31682055284548
30
0
10
100.60756921569597
20
228.30890885708828
30
0
0
SPLINE
5
581
100
AcDbEntity
8
0
100
AcDbSpline
70
0
71
3
72
9
73
5
74
0
42
0.000000001
43
0.0000000001
44
0.0000000001
40
0
40
0
40
0
40
0
40
0.061982686398524924
40
0.13715280419212633
40
0.13715280419212633
40
0.13715280419212633
40
0.13715280419212633
10
100.60756921569597
20
228.30890885708828
30
0
10
100.81437672372603
20
228.32326353879967
30
0
10
101.2719920886351
20
228.35502700315399
30
0
10
101.71018162222248
20
228.49205961737749
30
0
10
101.95034265319597
20
228.5671638619711
30
0
0
LINE
5
582
100
AcDbEntity
8
0
100
AcDbLine
10
101.95034265319597
20
228.5671638619711
30
0
11
101.95034265319597
21
227.50362626431485
31
0
0
SPLINE
5
583
100
AcDbEntity
8
0
100
AcDbSpline
70
0
71
3
72
9
73
5
74
0
42
0.000000001
43
0.0000000001
44
0.0000000001
40
0
40
0
40
0
40
0
40
0.098615941780848551
40
0.1846833580953563
40
0.1846833580953563
40
0.1846833580953563
40
0.1846833580953563
10
101.95034265319597
20
227.50362626431485
30
0
10
101.63180093798844
20
227.41818686959124
30
0
10
101.03525080019512
20
227.25817993718005
30
0
10
100.4187847642031
20
227.22550393922967
30
0
10
100.13149499694597
20
227.21027604458828
30
0
0
SPLINE
5
584
100
AcDbEntity
8
0
100
AcDbSpline
70
0
71
3
72
9
73
5
74
0
42
0.000000001
43
0.0000000001
44
0.0000000001
40
0
40
0
40
0
40
0
40
0.080036530508165768
40
0.14859741280750327
40
0.14859741280750327
40
0.14859741280750327
40
0.14859741280750327
10
100.13149499694597
20
227.21027604458828
30
0
10
99.863082940567296
20
227.21691174638261
30
0
10
99.364743783547723
20
227.22923172218037
30
0
10
98.891228469947805
20
227.38332162499319
30
0
10
98.672754762570975
20
227.45441666958828
30
0
0
SPLINE
5
585
100
AcDbEntity
8
0
100
AcDbSpline
70
0
71
3
72
9
73
5
74
0
42
0.000000001
43
0.0000000001
44
0.0000000001
40
0
40
0
40
0
40
0
40
0.061683642989554421
40
0.12147201035326373
40
0.12147201035326373
40
0.12147201035326373
40
0.12147201035326373
10
98.672754762570975
20
227.45441666958828
30
0
10
98.485328362982472
20
227.54395025223363
30
0
10
98.116234378777534
20
227.72026643187144
30
0
10
97.838832584691175
20
228.02066983085328
30
0
10
97.702295778195975
20
228.16852799771328
30
0
0
SPLINE
5
586
100
AcDbEntity
8
0
100
AcDbSpline
70
0
71
3
72
9
73
5
74
0
42
0.000000001
43
0.0000000001
44
0.0000000001
40
0
40
0
40
0
40
0
40
0.060109752482792475
40
0.12292724233800834
40
0.12292724233800834
40
0.12292724233800834
40
0.12292724233800834
10
97.702295778195975
20
228.16852799771328
30
0
10
97.586970914553092
20
228.3348397628028
30
0
10
97.35112619926025
20
228.67495506533501
30
0
10
97.260384677725455
20
229.07899927838753
30
0
10
97.214014528195975
20
229.28547135708828
30
0
0
SPLINE
5
587
100
AcDbEntity
8
0
100
AcDbSpline
70
0
71
3
72
9
73
5
74
0
42
0.000000001
43
0.0000000001
44
0.0000000001
40
0
40
0
40
0
40
0
40
0.17025663570812535
40
0.31083141313807017
40
0.31083141313807017
40
0.31083141313807017
40
0.31083141313807017
10
97.214014528195975
20
229.28547135708828
30
0
10
96.760491639758726
20
228.94098314199658
30
0
10
95.932511222331215
20
228.31206340409025
30
0
10
94.990924976369655
20
227.87280131004778
30
0
10
94.565088746945975
20
227.67414323208828
30
0
0
SPLINE
5
588
100
AcDbEntity
8
0
100
AcDbSpline
70
0
71
3
72
9
73
5
74
0
42
0.000000001
43
0.0000000001
44
0.0000000001
40
0
40
0
40
0
40
0
40
0.12399904506838633
40
0.244796239154488
40
0.244796239154488
40
0.244796239154488
40
0.244796239154488
10
94.565088746945975
20
227.67414323208828
30
0
10
94.172081412578081
20
227.53885533647858
30
0
10
93.39621481328021
20
227.27177289217326
30
0
10
92.576839636814526
20
227.23059546490052
30
0
10
92.172510621945975
20
227.21027604458828
30
0
0
SPLINE
5
589
100
AcDbEntity
8
0
100
AcDbSpline
70
0
71
3
72
9
73
5
74
0
42
0.000000001
43
0.0000000001
44
0.0000000001
40
0
40
0
40
0
40
0
40
0.15429495556760164
40
0.29328937495226959
40
0.29328937495226959
40
0.29328937495226959
40
0.29328937495226959
10
92.172510621945975
20
227.21027604458828
30
0
10
91.647720263893063
20
227.23980549463073
30
0
10
90.650179965001769
20
227.29593613035863
30
0
10
89.827850438782718
20
227.85897192437801
30
0
10
89.438135621945975
20
228.12580338833828
30
0
0
SPLINE
5
590
100
AcDbEntity
8
0
100
AcDbSpline
70
0
71
3
72
9
73
5
74
0
42
0.000000001
43
0.0000000001
44
0.0000000001
40
0
40
0
40
0
40
0
40
0.12687387193450797
40
0.24517820681417929
40
0.24517820681417929
40
0.24517820681417929
40
0.24517820681417929
10
89.438135621945975
20
228.12580338833828
30
0
10
89.132053334452962
20
228.43653451462106
30
0
10
88.540562704894072
20
229.03700882175568
30
0
10
88.437878509046101
20
229.87155327630947
30
0
10
88.388330934445975
20
230.27424088833828
30
0
0
SPLINE
5
591
100
AcDbEntity
8
0
100
AcDbSpline
70
0
71
3
72
9
73
5
74
0
42
0.000000001
43
0.0000000001
44
0.0000000001
40
0
40
0
40
0
40
0
40
0.073266796087255864
40
0.1480369875893682
40
0.1480369875893682
40
0.1480369875893682
40
0.1480369875893682
10
88.388330934445975
20
230.27424088833828
30
0
10
88.405014348526919
20
230.52051167602428
30
0
10
88.438723511410302
20
231.01810659605979
30
0
10
88.66104142171308
20
231.46469475972708
30
0
10
88.773329255979178
20
231.69025651333828
30
0
0
SPLINE
5
592
100
AcDbEntity
8
0
100
AcDbSpline
70
0
71
3
72
9
73
5
74
0
42
0.000000001
43
0.0000000001
44
0.0000000001
40
0
40
0
40
0
40
0
40
0.079692462879950007
40
0.16788199183463814
40
0.16788199183463814
40
0.16788199183463814
40
0.16788199183463814
10
88.773329255979178
20
231.69025651333828
30
0
10
88.924557613765614
20
231.9113158673976
30
0
10
89.243138782041399
20
232.37700463308502
30
0
10
89.704354878679766
20
232.70305966416663
30
0
10
89.946634767453787
20
232.87433854458828
30
0
0
SPLINE
5
593
100
AcDbEntity
8
0
100
AcDbSpline
70
0
71
3
72
9
73
5
74
0
42
0.000000001
43
0.0000000001
44
0.0000000001
40
0
40
0
40
0
40
0
40
0.11217665089333251
40
0.26431524369741249
40
0.26431524369741249
40
0.26431524369741249
40
0.26431524369741249
10
89.946634767453787
20
232.87433854458828
30
0
10
90.27964787535501
20
233.04720638237478
30
0
10
91.064307071973758
20
233.45452469958337
30
0
10
91.925640314766483
20
233.65961173709366
30
0
10
92.421419618528006
20
233.77765885708828
30
0
0
SPLINE
5
594
100
AcDbEntity
8
0
100
AcDbSpline
70
0
71
3
72
9
73
5
74
0
42
0.000000001
43
0.0000000001
44
0.0000000001
40
0
40
0
40
0
40
0
40
0.2047578672336266
40
0.47359988003103914
40
0.47359988003103914
40
0.47359988003103914
40
0.47359988003103914
10
92.421419618528006
20
233.77765885708828
30
0
10
93.091263067737131
20
233.91016848176241
30
0
10
94.640594390001098
20
234.21665996458796
30
0
10
96.210868000739325
20
234.38825796363182
30
0
10
97.102243898313162
20
234.48566666958828
30
0
0
SPLINE
5
595
100
AcDbEntity
8
0
100
AcDbSpline
70
0
71
3
72
9
73
5
74
0
42
0.000000001
43
0.0000000001
44
0.0000000001
40
0
40
0
40
0
40
0
40
0.2319810422325706
40
0.35523267155957616
40
0.35523267155957616
40
0.35523267155957616
40
0.35523267155957616
10
97.095568178098318
20
233.423464215975
30
0
10
96.32994554776451
20
233.31391997239018
30
0
10
95.157547278653851
20
233.14617482421724
30
0
10
93.993961065898816
20
232.92609329689267
30
0
10
93.590242860715506
20
232.849733747225
30
0
0
SPLINE
5
596
100
AcDbEntity
8
0
100
AcDbSpline
70
0
71
3
72
9
73
5
74
0
42
0.000000001
43
0.0000000001
44
0.0000000001
40
0
40
0
40
0
40
0
40
0.11861279022667082
40
0.20263492080919443
40
0.20263492080919443
40
0.20263492080919443
40
0.20263492080919443
10
93.590242860715506
20
232.849733747225
30
0
10
93.203292732579669
20
232.75999493196076
30
0
10
92.542237475199144
20
232.60668753829916
30
0
10
91.936124858812903
20
232.30389803821117
30
0
10
91.684801576535818
20
232.178347028475
30
0
0
SPLINE
5
597
100
AcDbEntity
8
0
100
AcDbSpline
70
0
71
3
72
9
73
5
74
0
42
0.000000001
43
0.0000000001
44
0.0000000001
40
0
40
0
40
0
40
0
40
0.062133083218443005
40
0.11434998714005512
40
0.11434998714005512
40
0.11434998714005512
40
0.11434998714005512
10
91.684801576535818
20
232.178347028475
30
0
10
91.511602393711073
20
232.0611952616315
30
0
10
91.192845890689199
20
231.84558865822362
30
0
10
90.968774055119027
20
231.53356960430742
30
0
10
90.866453645627615
20
231.39108888028164
30
0
0
SPLINE
5
598
100
AcDbEntity
8
0
100
AcDbSpline
70
0
71
3
72
9
73
5
74
0
42
0.000000001
43
0.0000000001
44
0.0000000001
40
0
40
0
40
0
40
0
40
0.047181383747791676
40
0.0938145952283434
40
0.0938145952283434
40
0.0938145952283434
40
0.0938145952283434
10
90.866453645627615
20
231.39108888028164
30
0
10
90.795218846818372
20
231.24891593894151
30
0
10
90.653576883704602
20
230.96622187859884
30
0
10
90.632629931340034
20
230.65077118539594
30
0
10
90.622217653195975
20
230.49396745083828
30
0
0
SPLINE
5
599
100
AcDbEntity
8
0
100
AcDbSpline
70
0
71
3
72
9
73
5
74
0
42
0.000000001
43
0.0000000001
44
0.0000000001
40
0
40
0
40
0
40
0
40
0.047345741572702812
40
0.097132278205297101
40
0.097132278205297101
40
0.097132278205297101
40
0.097132278205297101
10
90.622217653195975
20
230.49396745083828
30
0
10
90.634778461211511
20
230.33477462610131
30
0
10
90.660547619284003
20
230.00818217603069
30
0
10
90.816917153062207
20
229.72003205297489
30
0
10
90.897066591184256
20
229.57233659146328
30
0
0
SPLINE
5
600
100
AcDbEntity
8
0
100
AcDbSpline
70
0
71
3
72
9
73
5
74
0
42
0.000000001
43
0.0000000001
44
0.0000000001
40
0
40
0
40
0
40
0
40
0.05180754092574457
40
0.10562790087179148
40
0.10562790087179148
40
0.10562790087179148
40
0.10562790087179148
10
90.897066591184256
20
229.57233659146328
30
0
10
90.999638398936725
20
229.43092333607694
30
0
10
91.208767119349147
20
229.14260265814102
30
0
10
91.516160025614113
20
228.96230101023261
30
0
10
91.6727852801491
20
228.87043229458828
30
0
0
SPLINE
5
601
100
AcDbEntity
8
0
100
AcDbSpline
70
0
71
3
72
9
73
5
74
0
42
0.000000001
43
0.0000000001
44
0.0000000001
40
0
40
0
40
0
40
0
40
0.055077478412627286
40
0.1101164746841703
40
0.1101164746841703
40
0.1101164746841703
40
0.1101164746841703
10
91.6727852801491
20
228.87043229458828
30
0
10
91.842252245129686
20
228.79566423079189
30
0
10
92.18106777003959
20
228.64618034297587
30
0
10
92.550772282165269
20
228.62478071372507
30
0
10
92.735559938352225
20
228.61408463833828
30
0
0
SPLINE
5
602
100
AcDbEntity
8
0
100
AcDbSpline
70
0
71
3
72
9
73
5
74
0
42
0.000000001
43
0.0000000001
44
0.0000000001
40
0
40
0
40
0
40
0
40
0.085106438106759955
40
0.18422587936591472
40
0.18422587936591472
40
0.18422587936591472
40
0.18422587936591472
10
92.735559938352225
20
228.61408463833828
30
0
10
93.0198274592085
20
228.63414073178009
30
0
10
93.635167910176705
20
228.67755520820694
30
0
10
94.217649023162124
20
228.88232817352335
30
0
10
94.531042573850272
20
228.99250260708828
30
0
0
SPLINE
5
603
100
AcDbEntity
8
0
100
AcDbSpline
70
0
71
3
72
9
73
5
74
0
42
0.000000001
43
0.0000000001
44
0.0000000001
40
0
40
0
40
0
40
0
40
0.12713499676125539
40
0.29651222641867536
40
0.29651222641867536
40
0.29651222641867536
40
0.29651222641867536
10
94.531042573850272
20
228.99250260708828
30
0
10
94.917040324576689
20
229.16928560744645
30
0
10
95.817288528266985
20
229.58159002687864
30
0
10
96.631326624400884
20
230.14660697377997
30
0
10
97.096331117551443
20
230.469362653475
30
0
0
LINE
5
604
100
AcDbEntity
8
0
100
AcDbLine
10
97.096331117551443
20
230.469362653475
30
0
11
97.095568178098318
21
233.423464215975
31
0
0
LINE
5
605
100
AcDbEntity
8
0
100
AcDbLine
10
102.78042077819597
20
237.42756120083828
30
0
11
102.78042077819597
21
238.46515885708828
31
0
0
SPLINE
5
606
100
AcDbEntity
8
0
100
AcDbSpline
70
0
71
3
72
9
73
5
74
0
42
0.000000001
43
0.0000000001
44
0.0000000001
40
0
40
0
40
0
40
0
40
0.086824429512850576
40
0.1634422738016994
40
0.1634422738016994
40
0.1634422738016994
40
0.1634422738016994
10
102.78042077819597
20
238.46515885708828
30
0
10
103.06863098042643
20
238.49686300824789
30
0
10
103.61117103568155
20
238.55654435120113
30
0
10
104.13755430625883
20
238.70034799519831
30
0
10
104.38431024352801
20
238.76775971768399
30
0
0
SPLINE
5
607
100
AcDbEntity
8
0
100
AcDbSpline
70
0
71
3
72
9
73
5
74
0
42
0.000000001
43
0.0000000001
44
0.0000000001
40
0
40
0
40
0
40
0
40
0.078938780884540441
40
0.17283137417562733
40
0.17283137417562733
40
0.17283137417562733
40
0.17283137417562733
10
104.38431024352801
20
238.76775971768399
30
0
10
104.63183653992348
20
238.85823397965279
30
0
10
105.17377941605184
20
239.05632154635168
30
0
10
105.67777650968651
20
239.33769187670327
30
0
10
105.95157861511004
20
239.49054948208828
30
0
0
LINE
5
608
100
AcDbEntity
8
0
100
AcDbLine
10
105.95157861511004
20
239.49054948208828
30
0
11
106.85756921569597
21
239.49054948208828
31
0
0
LINE
5
609
100
AcDbEntity
8
0
100
AcDbLine
10
106.85756921569597
20
239.49054948208828
30
0
11
106.85756921569597
21
237.43976823208828
31
0
0
SPLINE
5
610
100
AcDbEntity
8
0
100
AcDbSpline
70
0
71
3
72
9
73
5
74
0
42
0.000000001
43
0.0000000001
44
0.0000000001
40
0
40
0
40
0
40
0
40
0.15423820683995712
40
0.26304738949380885
40
0.26304738949380885
40
0.26304738949380885
40
0.26304738949380885
10
106.85756921569597
20
237.43976823208828
30
0
10
107.26229529689502
20
237.75836644716352
30
0
10
107.95254021934753
20
238.30172357306617
30
0
10
108.71502147805882
20
238.73683555432993
30
0
10
109.03042077819597
20
238.91681901333828
30
0
0
SPLINE
5
611
100
AcDbEntity
8
0
100
AcDbSpline
70
0
71
3
72
9
73
5
74
0
42
0.000000001
43
0.0000000001
44
0.0000000001
40
0
40
0
40
0
40
0
40
0.12455135537347647
40
0.23686018920700566
40
0.23686018920700566
40
0.23686018920700566
40
0.23686018920700566
10
109.03042077819597
20
238.91681901333828
30
0
10
109.41420121195586
20
239.08402237762814
30
0
10
110.1440391641944
20
239.40199419241083
30
0
10
110.93710037498838
20
239.462066023771
30
0
10
111.31313562194597
20
239.49054948208828
30
0
0
SPLINE
5
612
100
AcDbEntity
8
0
100
AcDbSpline
70
0
71
3
72
9
73
5
74
0
42
0.000000001
43
0.0000000001
44
0.0000000001
40
0
40
0
40
0
40
0
40
0.074019125961312646
40
0.14907530862112314
40
0.14907530862112314
40
0.14907530862112314
40
0.14907530862112314
10
111.31313562194597
20
239.49054948208828
30
0
10
111.56089009335008
20
239.4787902426088
30
0
10
112.0598702394563
20
239.45510700896079
30
0
10
112.53344250039768
20
239.29599880612591
30
0
10
112.77187585632097
20
239.21589127896328
30
0
0
SPLINE
5
613
100
AcDbEntity
8
0
100
AcDbSpline
70
0
71
3
72
9
73
5
74
0
42
0.000000001
43
0.0000000001
44
0.0000000001
40
0
40
0
40
0
40
0
40
0.071323210232515269
40
0.13385614057407511
40
0.13385614057407511
40
0.13385614057407511
40
0.13385614057407511
10
112.77187585632097
20
239.21589127896328
30
0
10
112.99269686436205
20
239.12397740928597
30
0
10
113.40712363788633
20
238.95147766032454
30
0
10
113.75624121293781
20
238.66993021327946
30
0
10
113.91933679382097
20
238.53840104458828
30
0
0
SPLINE
5
614
100
AcDbEntity
8
0
100
AcDbSpline
70
0
71
3
72
9
73
5
74
0
42
0.000000001
43
0.0000000001
44
0.0000000001
40
0
40
0
40
0
40
0
40
0.062265021454052993
40
0.13306728252804439
40
0.13306728252804439
40
0.13306728252804439
40
0.13306728252804439
10
113.91933679382097
20
238.53840104458828
30
0
10
114.06127450918022
20
238.38527923689
30
0
10
114.36461120818117
20
238.05804088748656
30
0
10
114.5560184670625
20
237.65448937772379
30
0
10
114.65786218444597
20
237.43976823208828
30
0
0
SPLINE
5
615
100
AcDbEntity
8
0
100
AcDbSpline
70
0
71
3
72
9
73
5
74
0
42
0.000000001
43
0.0000000001
44
0.0000000001
40
0
40
0
40
0
40
0
40
0.15674052132880431
40
0.28683724680308653
40
0.28683724680308653
40
0.28683724680308653
40
0.28683724680308653
10
114.65786218444597
20
237.43976823208828
30
0
10
115.05669679394182
20
237.7808822466954
30
0
10
115.78656945448758
20
238.4051254479196
30
0
10
116.64347513561104
20
238.83693571577652
30
0
10
117.03212976257097
20
239.03278581021328
30
0
0
SPLINE
5
616
100
AcDbEntity
8
0
100
AcDbSpline
70
0
71
3
72
9
73
5
74
0
42
0.000000001
43
0.0000000001
44
0.0000000001
40
0
40
0
40
0
40
0
40
0.11524841255420762
40
0.22737570091171605
40
0.22737570091171605
40
0.22737570091171605
40
0.22737570091171605
10
117.03212976257097
20
239.03278581021328
30
0
10
117.39493743580388
20
239.16629292670399
30
0
10
118.11072732973132
20
239.4296915585463
30
0
10
118.87219722937809
20
239.47045000091282
30
0
10
119.24770593444597
20
239.49054948208828
30
0
0
SPLINE
5
617
100
AcDbEntity
8
0
100
AcDbSpline
70
0
71
3
72
9
73
5
74
0
42
0.000000001
43
0.0000000001
44
0.0000000001
40
0
40
0
40
0
40
0
40
0.10177715249520361
40
0.19651961151054009
40
0.19651961151054009
40
0.19651961151054009
40
0.19651961151054009
10
119.24770593444597
20
239.49054948208828
30
0
10
119.59004340369265
20
239.47479087327616
30
0
10
120.25105645831735
20
239.4443628685051
30
0
10
120.85482256517311
20
239.17490092853637
30
0
10
121.14589929382097
20
239.04499284146328
30
0
0
SPLINE
5
618
100
AcDbEntity
8
0
100
AcDbSpline
70
0
71
3
72
9
73
5
74
0
42
0.000000001
43
0.0000000001
44
0.0000000001
40
0
40
0
40
0
40
0
40
0.087041595201971231
40
0.16537329888192143
40
0.16537329888192143
40
0.16537329888192143
40
0.16537329888192143
10
121.14589929382097
20
239.04499284146328
30
0
10
121.39799653612727
20
238.89355801502549
30
0
10
121.87696469499991
20
238.60584181732122
30
0
10
122.19265608738755
20
238.14590561061206
30
0
10
122.34218835632097
20
237.92804948208828
30
0
0
SPLINE
5
619
100
AcDbEntity
8
0
100
AcDbSpline
70
0
71
3
72
9
73
5
74
0
42
0.000000001
43
0.0000000001
44
0.0000000001
40
0
40
0
40
0
40
0
40
0.087289476242935385
40
0.20149995794611048
40
0.20149995794611048
40
0.20149995794611048
40
0.20149995794611048
10
122.34218835632097
20
237.92804948208828
30
0
10
122.45029153164133
20
237.65547607086125
30
0
10
122.69983805452647
20
237.02626470124989
30
0
10
122.70919773076287
20
236.34746318151016
30
0
10
122.71450280944597
20
235.96271745083828
30
0
0
LINE
5
620
100
AcDbEntity
8
0
100
AcDbLine
10
122.71450280944597
20
235.96271745083828
30
0
11
122.71450280944597
21
230.29865495083828
31
0
0
SPLINE
5
621
100
AcDbEntity
8
0
100
AcDbSpline
70
0
71
3
72
9
73
5
74
0
42
0.000000001
43
0.0000000001
44
0.0000000001
40
0
40
0
40
0
40
0
40
0.070501488440394222
40
0.10387767288453209
40
0.10387767288453209
40
0.10387767288453209
40
0.10387767288453209
10
122.71450280944597
20
230.29865495083828
30
0
10
122.71204042282598
20
230.06340858453811
30
0
10
122.70841231514365
20
229.71679398637309
30
0
10
122.74059332166912
20
229.37187933033297
30
0
10
122.75093316833269
20
229.26105729458828
30
0
0
SPLINE
5
622
100
AcDbEntity
8
0
100
AcDbSpline
70
0
71
3
72
9
73
5
74
0
42
0.000000001
43
0.0000000001
44
0.0000000001
40
0
40
0
40
0
40
0
40
0.024521538975262519
40
0.051536551962747472
40
0.051536551962747472
40
0.051536551962747472
40
0.051536551962747472
10
122.75093316833269
20
229.26105729458828
30
0
10
122.77846034184751
20
229.18324895503105
30
0
10
122.83631379099957
20
229.01972033071542
30
0
10
122.95148612433918
20
228.88973916688937
30
0
10
123.01185846130144
20
228.82160416958828
30
0
0
SPLINE
5
623
100
AcDbEntity
8
0
100
AcDbSpline
70
0
71
3
72
9
73
5
74
0
42
0.000000001
43
0.0000000001
44
0.0000000001
40
0
40
0
40
0
40
0
40
0.027764512513038041
40
0.054526076930363904
40
0.054526076930363904
40
0.054526076930363904
40
0.054526076930363904
10
123.01185846130144
20
228.82160416958828
30
0
10
123.08007968201578
20
228.75779253681662
30
0
10
123.21405774221789
20
228.63247436326952
30
0
10
123.38369390190775
20
228.56282133683575
30
0
10
123.46695184509051
20
228.52863541958828
30
0
0
SPLINE
5
624
100
AcDbEntity
8
0
100
AcDbSpline
70
0
71
3
72
9
73
5
74
0
42
0.000000001
43
0.0000000001
44
0.0000000001
40
0
40
0
40
0
40
0
40
0.036966279332784804
40
0.095260629805787644
40
0.095260629805787644
40
0.095260629805787644
40
0.095260629805787644
10
123.46695184509051
20
228.52863541958828
30
0
10
123.58796093028027
20
228.50400437952311
30
0
10
123.89979652410956
20
228.44053117010813
30
0
10
124.21852462287708
20
228.44217826679656
30
0
10
124.41356897155535
20
228.44318620083828
30
0
0
LINE
5
625
100
AcDbEntity
8
0
100
AcDbLine
10
124.41356897155535
20
228.44318620083828
30
0
11
124.80190515319597
21
228.44318620083828
31
0
0
LINE
5
626
100
AcDbEntity
8
0
100
AcDbLine
10
124.80190515319597
20
228.44318620083828
30
0
11
124.80190515319597
21
227.41779557583828
31
0
0
LINE
5
627
100
AcDbEntity
8
0
100
AcDbLine
10
124.80190515319597
20
227.41779557583828
30
0
11
118.68618249694597
21
227.41779557583828
31
0
0
LINE
5
628
100
AcDbEntity
8
0
100
AcDbLine
10
118.68618249694597
20
227.41779557583828
30
0
11
118.68618249694597
21
228.44318620083828
31
0
0
SPLINE
5
629
100
AcDbEntity
8
0
100
AcDbSpline
70
0
71
3
72
9
73
5
74
0
42
0.000000001
43
0.0000000001
44
0.0000000001
40
0
40
0
40
0
40
0
40
0.086630422698352222
40
0.13739107282283264
40
0.13739107282283264
40
0.13739107282283264
40
0.13739107282283264
10
118.68618249694597
20
228.44318620083828
30
0
10
118.97655242969
20
228.44315621268709
30
0
10
119.43706312942544
20
228.44310865313309
30
0
10
119.882642323938
20
228.55458713457665
30
0
10
120.04726648132097
20
228.59577409146328
30
0
0
SPLINE
5
630
100
AcDbEntity
8
0
100
AcDbSpline
70
0
71
3
72
9
73
5
74
0
42
0.000000001
43
0.0000000001
44
0.0000000001
40
0
40
0
40
0
40
0
40
0.032841862869309818
40
0.06624327893504342
40
0.06624327893504342
40
0.06624327893504342
40
0.06624327893504342
10
120.04726648132097
20
228.59577409146328
30
0
10
120.1446243875321
20
228.65038317005735
30
0
10
120.34099896480073
20
228.76053174597962
30
0
10
120.45410363790808
20
228.95532063401208
30
0
10
120.51113366882097
20
229.05353776333828
30
0
0
SPLINE
5
631
100
AcDbEntity
8
0
100
AcDbSpline
70
0
71
3
72
9
73
5
74
0
42
0.000000001
43
0.0000000001
44
0.0000000001
40
0
40
0
40
0
40
0
40
0.048370361328125
40
0.12597881858387508
40
0.12597881858387508
40
0.12597881858387508
40
0.12597881858387508
10
120.51113366882097
20
229.05353776333828
30
0
10
120.55508256545926
20
229.20935327303852
30
0
10
120.66954584265076
20
229.61516900999192
30
0
10
120.6659418044602
20
230.03810679424885
30
0
10
120.66372155944597
20
230.29865495083828
30
0
0
LINE
5
632
100
AcDbEntity
8
0
100
AcDbLine
10
120.66372155944597
20
230.29865495083828
30
0
11
120.66372155944597
21
235.68195573208828
31
0
0
SPLINE
5
633
100
AcDbEntity
8
0
100
AcDbSpline
70
0
71
3
72
9
73
5
74
0
42
0.000000001
43
0.0000000001
44
0.0000000001
40
0
40
0
40
0
40
0
40
0.086791229500383801
40
0.14342041442371947
40
0.14342041442371947
40
0.14342041442371947
40
0.14342041442371947
10
120.66372155944597
20
235.68195573208828
30
0
10
120.66507676969826
20
235.97335716117354
30
0
10
120.66731622196934
20
236.45489099775642
30
0
10
120.53319288038787
20
236.91593091957662
30
0
10
120.48023462096941
20
237.09797135708828
30
0
0
SPLINE
5
634
100
AcDbEntity
8
0
100
AcDbSpline
70
0
71
3
72
9
73
5
74
0
42
0.000000001
43
0.0000000001
44
0.0000000001
40
0
40
0
40
0
40
0
40
0.044020728636787645
40
0.093617096931924659
40
0.093617096931924659
40
0.093617096931924659
40
0.093617096931924659
10
120.48023462096941
20
237.09797135708828
30
0
10
120.4028665267214
20
237.22511565613144
30
0
10
120.23833094080649
20
237.49550827652797
30
0
10
119.96867915031031
20
237.66255152855194
30
0
10
119.82582330505144
20
237.75104752896328
30
0
0
SPLINE
5
635
100
AcDbEntity
8
0
100
AcDbSpline
70
0
71
3
72
9
73
5
74
0
42
0.000000001
43
0.0000000001
44
0.0000000001
40
0
40
0
40
0
40
0
40
0.056305232287911997
40
0.12071291508572266
40
0.12071291508572266
40
0.12071291508572266
40
0.12071291508572266
10
119.82582330505144
20
237.75104752896328
30
0
10
119.6525158319329
20
237.8275034498154
30
0
10
119.28096154761153
20
237.99141747177399
30
0
10
118.87446363165095
20
238.00581613707379
30
0
10
118.65757226745379
20
238.01349870083828
30
0
0
SPLINE
5
636
100
AcDbEntity
8
0
100
AcDbSpline
70
0
71
3
72
9
73
5
74
0
42
0.000000001
43
0.0000000001
44
0.0000000001
40
0
40
0
40
0
40
0
40
0.089749255775830913
40
0.18929581835473691
40
0.18929581835473691
40
0.18929581835473691
40
0.18929581835473691
10
118.65757226745379
20
238.01349870083828
30
0
10
118.35703841463152
20
237.99046489580022
30
0
10
117.72316350256111
20
237.9418828442075
30
0
10
117.14103739827748
20
237.6848169093623
30
0
10
116.83490991393816
20
237.54963151333828
30
0
0
SPLINE
5
637
100
AcDbEntity
8
0
100
AcDbSpline
70
0
71
3
72
9
73
5
74
0
42
0.000000001
43
0.0000000001
44
0.0000000001
40
0
40
0
40
0
40
0
40
0.13225307887269272
40
0.24725317861124868
40
0.24725317861124868
40
0.24725317861124868
40
0.24725317861124868
10
116.83490991393816
20
237.54963151333828
30
0
10
116.44332096356155
20
237.34197372502706
30
0
10
115.7112275142827
20
236.95374799401961
30
0
10
115.10890654939482
20
236.38564134160697
30
0
10
114.82876062194597
20
236.12140885708828
30
0
0
LINE
5
638
100
AcDbEntity
8
0
100
AcDbLine
10
114.82876062194597
20
236.12140885708828
30
0
11
114.82876062194597
21
230.29865495083828
31
0
0
SPLINE
5
639
100
AcDbEntity
8
0
100
AcDbSpline
70
0
71
3
72
9
73
5
74
0
42
0.000000001
43
0.0000000001
44
0.0000000001
40
0
40
0
40
0
40
0
40
0.069760874045015034
40
0.11093416534464062
40
0.11093416534464062
40
0.11093416534464062
40
0.11093416534464062
10
114.82876062194597
20
230.29865495083828
30
0
10
114.82688418479154
20
230.06547457747561
30
0
10
114.82390026303884
20
229.69466973238369
30
0
10
114.88531296044748
20
229.32946471467966
30
0
10
114.90810632507097
20
229.19391862271328
30
0
0
SPLINE
5
640
100
AcDbEntity
8
0
100
AcDbSpline
70
0
71
3
72
9
73
5
74
0
42
0.000000001
43
0.0000000001
44
0.0000000001
40
0
40
0
40
0
40
0
40
0.02636902414212396
40
0.051963795072619265
40
0.051963795072619265
40
0.051963795072619265
40
0.051963795072619265
10
114.90810632507097
20
229.19391862271328
30
0
10
114.93865051462657
20
229.1104497349221
30
0
10
114.99884204838116
20
228.94596279157739
30
0
10
115.11797973608432
20
228.81766070132323
30
0
10
115.17666101257097
20
228.75446549771328
30
0
0
SPLINE
5
641
100
AcDbEntity
8
0
100
AcDbSpline
70
0
71
3
72
9
73
5
74
0
42
0.000000001
43
0.0000000001
44
0.0000000001
40
0
40
0
40
0
40
0
40
0.025331428185360268
40
0.050662856370720537
40
0.050662856370720537
40
0.050662856370720537
40
0.050662856370720537
10
115.17666101257097
20
228.75446549771328
30
0
10
115.24227380553972
20
228.70004248339035
30
0
10
115.37349939147722
20
228.59119645474453
30
0
10
115.53524255553972
20
228.53728206672372
30
0
10
115.61611413757097
20
228.51032487271328
30
0
0
SPLINE
5
642
100
AcDbEntity
8
0
100
AcDbSpline
70
0
71
3
72
9
73
5
74
0
42
0.000000001
43
0.0000000001
44
0.0000000001
40
0
40
0
40
0
40
0
40
0.043171857759994839
40
0.12177254476143248
40
0.12177254476143248
40
0.12177254476143248
40
0.12177254476143248
10
115.61611413757097
20
228.51032487271328
30
0
10
115.75886983605811
20
228.49110961925601
30
0
10
116.16153318171756
20
228.43691018394938
30
0
10
116.56821335359396
20
228.44072429894271
30
0
10
116.83071374694597
20
228.44318620083828
30
0
0
LINE
5
643
100
AcDbEntity
8
0
100
AcDbLine
10
116.83071374694597
20
228.44318620083828
30
0
11
116.83071374694597
21
227.41779557583828
31
0
0
LINE
5
644
100
AcDbEntity
8
0
100
AcDbLine
10
116.83071374694597
20
227.41779557583828
30
0
11
110.82485437194597
21
227.41779557583828
31
0
0
LINE
5
645
100
AcDbEntity
8
0
100
AcDbLine
10
110.82485437194597
20
227.41779557583828
30
0
11
110.82485437194597
21
228.44318620083828
31
0
0
LINE
5
646
100
AcDbEntity
8
0
100
AcDbLine
10
110.82485437194597
20
228.44318620083828
30
0
11
111.16665124694597
21
228.44318620083828
31
0
0
SPLINE
5
647
100
AcDbEntity
8
0
100
AcDbSpline
70
0
71
3
72
9
73
5
74
0
42
0.000000001
43
0.0000000001
44
0.0000000001
40
0
40
0
40
0
40
0
40
0.061641164192287892
40
0.10405977446209128
40
0.10405977446209128
40
0.10405977446209128
40
0.10405977446209128
10
111.16665124694597
20
228.44318620083828
30
0
10
111.37432597459026
20
228.44325714149878
30
0
10
111.72491288519323
20
228.44337690025455
30
0
10
112.05243019523621
20
228.56464946041041
30
0
10
112.18593835632097
20
228.61408463833828
30
0
0
SPLINE
5
648
100
AcDbEntity
8
0
100
AcDbSpline
70
0
71
3
72
9
73
5
74
0
42
0.000000001
43
0.0000000001
44
0.0000000001
40
0
40
0
40
0
40
0
40
0.034387840235374459
40
0.071291719217462232
40
0.071291719217462232
40
0.071291719217462232
40
0.071291719217462232
10
112.18593835632097
20
228.61408463833828
30
0
10
112.28121237958638
20
228.68063883191766
30
0
10
112.47873129525145
20
228.81861675809535
30
0
10
112.59547640897814
20
229.02971355347898
30
0
10
112.65590905944597
20
229.13898698208828
30
0
0
SPLINE
5
649
100
AcDbEntity
8
0
100
AcDbSpline
70
0
71
3
72
9
73
5
74
0
42
0.000000001
43
0.0000000001
44
0.0000000001
40
0
40
0
40
0
40
0
40
0.043992970373781602
40
0.11699379848009303
40
0.11699379848009303
40
0.11699379848009303
40
0.11699379848009303
10
112.65590905944597
20
229.13898698208828
30
0
10
112.69101178317199
20
229.28184006010881
30
0
10
112.78436308340954
20
229.66173994138973
30
0
10
112.78043215827792
20
230.05393580294208
30
0
10
112.77797937194597
20
230.29865495083828
30
0
0
LINE
5
650
100
AcDbEntity
8
0
100
AcDbLine
10
112.77797937194597
20
230.29865495083828
30
0
11
112.77797937194597
21
235.49885026333828
31
0
0
SPLINE
5
651
100
AcDbEntity
8
0
100
AcDbSpline
70
0
71
3
72
9
73
5
74
0
42
0.000000001
43
0.0000000001
44
0.0000000001
40
0
40
0
40
0
40
0
40
0.096232602561767869
40
0.15661532691970789
40
0.15661532691970789
40
0.15661532691970789
40
0.15661532691970789
10
112.77797937194597
20
235.49885026333828
30
0
10
112.78036905545095
20
235.82160184453539
30
0
10
112.78425818505367
20
236.34686919735992
30
0
10
112.65170251942348
20
236.85372571929005
30
0
10
112.60059594909441
20
237.04914323208828
30
0
0
SPLINE
5
652
100
AcDbEntity
8
0
100
AcDbSpline
70
0
71
3
72
9
73
5
74
0
42
0.000000001
43
0.0000000001
44
0.0000000001
40
0
40
0
40
0
40
0
40
0.045321068976128379
40
0.097638760228694249
40
0.097638760228694249
40
0.097638760228694249
40
0.097638760228694249
10
112.60059594909441
20
237.04914323208828
30
0
10
112.52264346194649
20
237.1811902914082
30
0
10
112.35470425897057
20
237.46566970584189
30
0
10
112.07275293425981
20
237.63956097555902
30
0
10
111.9216752032448
20
237.73273698208828
30
0
0
SPLINE
5
653
100
AcDbEntity
8
0
100
AcDbSpline
70
0
71
3
72
9
73
5
74
0
42
0.000000001
43
0.0000000001
44
0.0000000001
40
0
40
0
40
0
40
0
40
0.058364302550252323
40
0.12174672274858565
40
0.12174672274858565
40
0.12174672274858565
40
0.12174672274858565
10
111.9216752032448
20
237.73273698208828
30
0
10
111.74308467215238
20
237.81458764144372
30
0
10
111.37054853406163
20
237.98532641661808
30
0
10
110.96075707428679
20
238.00385339309273
30
0
10
110.74741601745379
20
238.01349870083828
30
0
0
SPLINE
5
654
100
AcDbEntity
8
0
100
AcDbSpline
70
0
71
3
72
9
73
5
74
0
42
0.000000001
43
0.0000000001
44
0.0000000001
40
0
40
0
40
0
40
0
40
0.080417693133440549
40
0.16602001188374194
40
0.16602001188374194
40
0.16602001188374194
40
0.16602001188374194
10
110.74741601745379
20
238.01349870083828
30
0
10
110.47790079289685
20
237.99528188105404
30
0
10
109.92149437236515
20
237.9576737811544
30
0
10
109.40907337297611
20
237.73677322287449
30
0
10
109.14486169616472
20
237.62287370083828
30
0
0
SPLINE
5
655
100
AcDbEntity
8
0
100
AcDbSpline
70
0
71
3
72
9
73
5
74
0
42
0.000000001
43
0.0000000001
44
0.0000000001
40
0
40
0
40
0
40
0
40
0.13269115625077707
40
0.26726503114142497
40
0.26726503114142497
40
0.26726503114142497
40
0.26726503114142497
10
109.14486169616472
20
237.62287370083828
30
0
10
108.75226567797708
20
237.41580461307694
30
0
10
107.96150320373491
20
236.99872839072219
30
0
10
107.28410397858534
20
236.41521885752897
30
0
10
106.94301843444597
20
236.12140885708828
30
0
0
LINE
5
656
100
AcDbEntity
8
0
100
AcDbLine
10
106.94301843444597
20
236.12140885708828
30
0
11
106.94301843444597
21
229.84699479458828
31
0
0
SPLINE
5
657
100
AcDbEntity
8
0
100
AcDbSpline
70
0
71
3
72
9
73
5
74
0
42
0.000000001
43
0.0000000001
44
0.0000000001
40
0
40
0
40
0
40
0
40
0.048824787025797761
40
0.084435675581479241
40
0.084435675581479241
40
0.084435675581479241
40
0.084435675581479241
10
106.94301843444597
20
229.84699479458828
30
0
10
106.94428874747727
20
229.68239084375961
30
0
10
106.94648557711096
20
229.39773121412802
30
0
10
107.05137080383709
20
229.13417532561382
30
0
10
107.09560632507097
20
229.02302018521328
30
0
0
SPLINE
5
658
100
AcDbEntity
8
0
100
AcDbSpline
70
0
71
3
72
9
73
5
74
0
42
0.000000001
43
0.0000000001
44
0.0000000001
40
0
40
0
40
0
40
0
40
0.030770588156270692
40
0.064756950467745683
40
0.064756950467745683
40
0.064756950467745683
40
0.064756950467745683
10
107.09560632507097
20
229.02302018521328
30
0
10
107.15634843924113
20
228.93869096047294
30
0
10
107.28418070746574
20
228.76121942818497
30
0
10
107.47672901464944
20
228.65672130951978
30
0
10
107.57778405944597
20
228.60187760708828
30
0
0
SPLINE
5
659
100
AcDbEntity
8
0
100
AcDbSpline
70
0
71
3
72
9
73
5
74
0
42
0.000000001
43
0.0000000001
44
0.0000000001
40
0
40
0
40
0
40
0
40
0.040835438896245677
40
0.092258237206972876
40
0.092258237206972876
40
0.092258237206972876
40
0.092258237206972876
10
107.57778405944597
20
228.60187760708828
30
0
10
107.70677427914603
20
228.55574884078879
30
0
10
107.99819787120542
20
228.45153155359037
30
0
10
108.30827430080231
20
228.44617296516563
30
0
10
108.48110437194597
20
228.44318620083828
30
0
0
LINE
5
660
100
AcDbEntity
8
0
100
AcDbLine
10
108.48110437194597
20
228.44318620083828
30
0
11
108.93276452819597
21
228.44318620083828
31
0
0
LINE
5
661
100
AcDbEntity
8
0
100
AcDbLine
10
108.93276452819597
20
228.44318620083828
30
0
11
108.93276452819597
21
227.41779557583828
31
0
0
LINE
5
662
100
AcDbEntity
8
0
100
AcDbLine
10
108.93276452819597
20
227.41779557583828
30
0
11
102.80483484069597
21
227.41779557583828
31
0
0
LINE
5
663
100
AcDbEntity
8
0
100
AcDbLine
10
102.80483484069597
20
227.41779557583828
30
0
11
102.80483484069597
21
228.44318620083828
31
0
0
LINE
5
664
100
AcDbEntity
8
0
100
AcDbLine
10
102.80483484069597
20
228.44318620083828
30
0
11
103.13251733581316
21
228.44318620083828
31
0
0
SPLINE
5
665
100
AcDbEntity
8
0
100
AcDbSpline
70
0
71
3
72
9
73
5
74
0
42
0.000000001
43
0.0000000001
44
0.0000000001
40
0
40
0
40
0
40
0
40
0.069556227604454984
40
0.11173641464141465
40
0.11173641464141465
40
0.11173641464141465
40
0.11173641464141465
10
103.13251733581316
20
228.44318620083828
30
0
10
103.3661042058547
20
228.44062896101067
30
0
10
103.74134248809986
20
228.43652096350198
30
0
10
104.10107439554503
20
228.53883883245936
30
0
10
104.2368721942116
20
228.57746354458828
30
0
0
SPLINE
5
666
100
AcDbEntity
8
0
100
AcDbSpline
70
0
71
3
72
9
73
5
74
0
42
0.000000001
43
0.0000000001
44
0.0000000001
40
0
40
0
40
0
40
0
40
0.040993040429561228
40
0.082400053000445839
40
0.082400053000445839
40
0.082400053000445839
40
0.082400053000445839
10
104.2368721942116
20
228.57746354458828
30
0
10
104.35735836440398
20
228.64798836194237
30
0
10
104.59954744590752
20
228.78975019826692
30
0
10
104.72973322655406
20
229.03843430525598
30
0
10
104.79515313903582
20
229.16340104458828
30
0
0
SPLINE
5
667
100
AcDbEntity
8
0
100
AcDbSpline
70
0
71
3
72
9
73
5
74
0
42
0.000000001
43
0.0000000001
44
0.0000000001
40
0
40
0
40
0
40
0
40
0.04003537530365333
40
0.1142327977034085
40
0.1142327977034085
40
0.1142327977034085
40
0.1142327977034085
10
104.79515313903582
20
229.16340104458828
30
0
10
104.82291233232334
20
229.29424912907066
30
0
10
104.90211754239505
20
229.66759751537114
30
0
10
104.89612773391202
20
230.05016596073773
30
0
10
104.89223718444597
20
230.29865495083828
30
0
0
LINE
5
668
100
AcDbEntity
8
0
100
AcDbLine
10
104.89223718444597
20
230.29865495083828
30
0
11
104.89223718444597
21
237.42756120083828
31
0
0
LINE
5
669
100
AcDbEntity
8
0
100
AcDbLine
10
104.89223718444597
20
237.42756120083828
30
0
11
102.78042077819597
21
237.42756120083828
31
0
0
LINE
5
670
100
AcDbEntity
8
0
100
AcDbLine
10
134.93374109069597
20
245.02033463833828
30
0
11
135.78823327819597
21
245.02033463833828
31
0
0
LINE
5
671
100
AcDbEntity
8
0
100
AcDbLine
10
135.78823327819597
20
245.02033463833828
30
0
11
135.91030359069597
21
244.44660416958828
31
0
0
LINE
5
672
100
AcDbEntity
8
0
100
AcDbLine
10
135.91030359069597
20
244.44660416958828
30
0
11
146.35952234069597
21
244.44660416958828
31
0
0
LINE
5
673
100
AcDbEntity
8
0
100
AcDbLine
10
146.35952234069597
20
244.44660416958828
30
0
11
146.45717859069597
21
245.02033463833828
31
0
0
LINE
5
674
100
AcDbEntity
8
0
100
AcDbLine
10
146.45717859069597
20
245.02033463833828
30
0
11
147.34829187194597
21
245.02033463833828
31
0
0
LINE
5
675
100
AcDbEntity
8
0
100
AcDbLine
10
147.34829187194597
20
245.02033463833828
30
0
11
149.14272546569597
21
240.01545182583828
31
0
0
LINE
5
676
100
AcDbEntity
8
0
100
AcDbLine
10
149.14272546569597
20
240.01545182583828
30
0
11
148.04409265319597
21
239.62482682583828
31
0
0
SPLINE
5
677
100
AcDbEntity
8
0
100
AcDbSpline
70
0
71
3
72
9
73
5
74
0
42
0.000000001
43
0.0000000001
44
0.0000000001
40
0
40
0
40
0
40
0
40
0.1912111363200478
40
0.3414482311815209
40
0.3414482311815209
40
0.3414482311815209
40
0.3414482311815209
10
148.04409265319597
20
239.62482682583828
30
0
10
147.79465512410854
20
240.22026713413453
30
0
10
147.34923126053909
20
241.28355269351545
30
0
10
146.52629950665903
20
242.08563264729665
30
0
10
146.16420984069597
20
242.43854752896328
30
0
0
SPLINE
5
678
100
AcDbEntity
8
0
100
AcDbSpline
70
0
71
3
72
9
73
5
74
0
42
0.000000001
43
0.0000000001
44
0.0000000001
40
0
40
0
40
0
40
0
40
0.13805156978812544
40
0.29379836685626481
40
0.29379836685626481
40
0.29379836685626481
40
0.29379836685626481
10
146.16420984069597
20
242.43854752896328
30
0
10
145.76136515790947
20
242.67508161881861
30
0
10
144.90403981143902
20
243.17846835619491
30
0
10
143.90866788419794
20
243.22542350057267
30
0
10
143.38100671569597
20
243.25031510708828
30
0
0
SPLINE
5
679
100
AcDbEntity
8
0
100
AcDbSpline
70
0
71
3
72
9
73
5
74
0
42
0.000000001
43
0.0000000001
44
0.0000000001
40
0
40
0
40
0
40
0
40
0.056474219249451084
40
0.084549147173872269
40
0.084549147173872269
40
0.084549147173872269
40
0.084549147173872269
10
143.38100671569597
20
243.25031510708828
30
0
10
143.19215296601448
20
243.25343448869179
30
0
10
142.90941468847183
20
243.25810460291012
30
0
10
142.63112793765947
20
243.21101859051242
30
0
10
142.53872155944597
20
243.19538346646328
30
0
0
SPLINE
5
680
100
AcDbEntity
8
0
100
AcDbSpline
70
0
71
3
72
9
73
5
74
0
42
0.000000001
43
0.0000000001
44
0.0000000001
40
0
40
0
40
0
40
0
40
0.013670035647232079
40
0.027340071294464158
40
0.027340071294464158
40
0.027340071294464158
40
0.027340071294464158
10
142.53872155944597
20
243.19538346646328
30
0
10
142.49726851582616
20
243.17376684862472
30
0
10
142.4143624285866
20
243.13053361294766
30
0
10
142.37112919290951
20
243.04762752570809
30
0
10
142.34951257507097
20
243.00617448208828
30
0
0
SPLINE
5
681
100
AcDbEntity
8
0
100
AcDbSpline
70
0
71
3
72
9
73
5
74
0
42
0.000000001
43
0.0000000001
44
0.0000000001
40
0
40
0
40
0
40
0
40
0.028376835290019713
40
0.085766315475281407
40
0.085766315475281407
40
0.085766315475281407
40
0.085766315475281407
10
142.34951257507097
20
243.00617448208828
30
0
10
142.3338822610724
20
242.9127485586865
30
0
10
142.2866411072342
20
242.63037749305667
30
0
10
142.29139795079979
20
242.3435855876441
30
0
10
142.29458093444597
20
242.15168229458828
30
0
0
LINE
5
682
100
AcDbEntity
8
0
100
AcDbLine
10
142.29458093444597
20
242.15168229458828
30
0
11
142.29458093444597
21
230.33527604458828
31
0
0
SPLINE
5
683
100
AcDbEntity
8
0
100
AcDbSpline
70
0
71
3
72
9
73
5
74
0
42
0.000000001
43
0.0000000001
44
0.0000000001
40
0
40
0
40
0
40
0
40
0.070532751824155193
40
0.11410694849985928
40
0.11410694849985928
40
0.11410694849985928
40
0.11410694849985928
10
142.29458093444597
20
230.33527604458828
30
0
10
142.29311787949538
20
230.09942110726524
30
0
10
142.29075096864074
20
229.71785812424628
30
0
10
142.35977525715111
20
229.34312286906032
30
0
10
142.38613366882097
20
229.20002213833828
30
0
0
SPLINE
5
684
100
AcDbEntity
8
0
100
AcDbSpline
70
0
71
3
72
9
73
5
74
0
42
0.000000001
43
0.0000000001
44
0.0000000001
40
0
40
0
40
0
40
0
40
0.028230409316246732
40
0.052681160709814191
40
0.052681160709814191
40
0.052681160709814191
40
0.052681160709814191
10
142.38613366882097
20
229.20002213833828
30
0
10
142.41763454426138
20
229.11021373740599
30
0
10
142.4764187674366
20
228.94262102737457
30
0
10
142.594008339986
20
228.80994193638631
30
0
10
142.64858484069597
20
228.74836198208828
30
0
0
SPLINE
5
685
100
AcDbEntity
8
0
100
AcDbSpline
70
0
71
3
72
9
73
5
74
0
42
0.000000001
43
0.0000000001
44
0.0000000001
40
0
40
0
40
0
40
0
40
0.024418830406011671
40
0.052598471873672115
40
0.052598471873672115
40
0.052598471873672115
40
0.052598471873672115
10
142.64858484069597
20
228.74836198208828
30
0
10
142.71403084694779
20
228.69862264810436
30
0
10
142.85500237841939
20
228.59148348885435
30
0
10
143.02661438053457
20
228.54658583219316
30
0
10
143.11855554382097
20
228.52253190396328
30
0
0
SPLINE
5
686
100
AcDbEntity
8
0
100
AcDbSpline
70
0
71
3
72
9
73
5
74
0
42
0.000000001
43
0.0000000001
44
0.0000000001
40
0
40
0
40
0
40
0
40
0.048664295010417746
40
0.13400036031437984
40
0.13400036031437984
40
0.13400036031437984
40
0.13400036031437984
10
143.11855554382097
20
228.52253190396328
30
0
10
143.27962578219837
20
228.50239282738261
30
0
10
143.72314335445279
20
228.44693854580646
30
0
10
144.17039814311701
20
228.44464610588756
30
0
10
144.45522546569597
20
228.44318620083828
30
0
0
LINE
5
687
100
AcDbEntity
8
0
100
AcDbLine
10
144.45522546569597
20
228.44318620083828
30
0
11
144.45522546569597
21
227.41779557583828
31
0
0
LINE
5
688
100
AcDbEntity
8
0
100
AcDbLine
10
144.45522546569597
20
227.41779557583828
30
0
11
137.88784265319597
21
227.41779557583828
31
0
0
LINE
5
689
100
AcDbEntity
8
0
100
AcDbLine
10
137.88784265319597
20
227.41779557583828
30
0
11
137.88784265319597
21
228.44318620083828
31
0
0
SPLINE
5
690
100
AcDbEntity
8
0
100
AcDbSpline
70
0
71
3
72
9
73
5
74
0
42
0.000000001
43
0.0000000001
44
0.0000000001
40
0
40
0
40
0
40
0
40
0.087619868940538692
40
0.13335707526864019
40
0.13335707526864019
40
0.13335707526864019
40
0.13335707526864019
10
137.88784265319597
20
228.44318620083828
30
0
10
138.18031451062188
20
228.44372774928675
30
0
10
138.62545545840365
20
228.44455198376778
30
0
10
139.06698020894291
20
228.49849862315102
30
0
10
139.21840905944597
20
228.51700059292813
30
0
0
SPLINE
5
691
100
AcDbEntity
8
0
100
AcDbSpline
70
0
71
3
72
9
73
5
74
0
42
0.000000001
43
0.0000000001
44
0.0000000001
40
0
40
0
40
0
40
0
40
0.040724265143403375
40
0.078538845594916334
40
0.078538845594916334
40
0.078538845594916334
40
0.078538845594916334
10
139.21840905944597
20
228.51700059292813
30
0
10
139.34940529712375
20
228.5649020643346
30
0
10
139.60203829733297
20
228.65728252235672
30
0
10
139.75507641791737
20
228.87776330257762
30
0
10
139.82876062194597
20
228.98391953824063
30
0
0
SPLINE
5
692
100
AcDbEntity
8
0
100
AcDbSpline
70
0
71
3
72
9
73
5
74
0
42
0.000000001
43
0.0000000001
44
0.0000000001
40
0
40
0
40
0
40
0
40
0.050745516917713888
40
0.12861893895605905
40
0.12861893895605905
40
0.12861893895605905
40
0.12861893895605905
10
139.82876062194597
20
228.98391953824063
30
0
10
139.88160581552944
20
229.1455719891897
30
0
10
140.01554656814125
20
229.5552942264157
30
0
10
140.01325409058137
20
229.98790125157603
30
0
10
140.01186609069597
20
230.24982682583828
30
0
0
LINE
5
693
100
AcDbEntity
8
0
100
AcDbLine
10
140.01186609069597
20
230.24982682583828
30
0
11
140.01186609069597
21
242.31132737515469
31
0
0
SPLINE
5
694
100
AcDbEntity
8
0
100
AcDbSpline
70
0
71
3
72
9
73
5
74
0
42
0.000000001
43
0.0000000001
44
0.0000000001
40
0
40
0
40
0
40
0
40
0.045141609952864384
40
0.068676910725328291
40
0.068676910725328291
40
0.068676910725328291
40
0.068676910725328291
10
140.01186609069597
20
242.31132737515469
30
0
10
140.01444078019438
20
242.46247045558928
30
0
10
140.01835782526686
20
242.69241439982596
30
0
10
139.97261152348906
20
242.91721521794307
30
0
10
139.95693445007097
20
242.99425355313321
30
0
0
SPLINE
5
695
100
AcDbEntity
8
0
100
AcDbSpline
70
0
71
3
72
9
73
5
74
0
42
0.000000001
43
0.0000000001
44
0.0000000001
40
0
40
0
40
0
40
0
40
0.013420908585604381
40
0.028571264047196426
40
0.028571264047196426
40
0.028571264047196426
40
0.028571264047196426
10
139.95693445007097
20
242.99425355313321
30
0
10
139.93316311824952
20
243.03320639217904
30
0
10
139.8825572301391
20
243.11613161610614
30
0
10
139.79555120942754
20
243.16000647754379
30
0
10
139.74941491882097
20
243.18327180264492
30
0
0
SPLINE
5
696
100
AcDbEntity
8
0
100
AcDbSpline
70
0
71
3
72
9
73
5
74
0
42
0.000000001
43
0.0000000001
44
0.0000000001
40
0
40
0
40
0
40
0
40
0.023881300844006519
40
0.063437090478568242
40
0.063437090478568242
40
0.063437090478568242
40
0.063437090478568242
10
139.74941491882097
20
243.18327180264492
30
0
10
139.67191753282154
20
243.20255258699237
30
0
10
139.46605736131704
20
243.2537690960568
30
0
10
139.25337162929708
20
243.25164165763127
30
0
10
139.12075280944597
20
243.25031510708828
30
0
0
SPLINE
5
697
100
AcDbEntity
8
0
100
AcDbSpline
70
0
71
3
72
9
73
5
74
0
42
0.000000001
43
0.0000000001
44
0.0000000001
40
0
40
0
40
0
40
0
40
0.12008589437735989
40
0.21677714569100931
40
0.21677714569100931
40
0.21677714569100931
40
0.21677714569100931
10
139.12075280944597
20
243.25031510708828
30
0
10
138.71779472756307
20
243.24333697568869
30
0
10
137.99038121012529
20
243.23074016392405
30
0
10
137.29900653230158
20
243.00790956495504
30
0
10
136.99062585632097
20
242.90851823208828
30
0
0
SPLINE
5
698
100
AcDbEntity
8
0
100
AcDbSpline
70
0
71
3
72
9
73
5
74
0
42
0.000000001
43
0.0000000001
44
0.0000000001
40
0
40
0
40
0
40
0
40
0.090308959695201738
40
0.19143283563258745
40
0.19143283563258745
40
0.19143283563258745
40
0.19143283563258745
10
136.99062585632097
20
242.90851823208828
30
0
10
136.72198994273458
20
242.76775237213525
30
0
10
136.15254772056576
20
242.46936328846047
30
0
10
135.71447056537741
20
241.99789965062709
30
0
10
135.48305749694597
20
241.74885026333828
30
0
0
SPLINE
5
699
100
AcDbEntity
8
0
100
AcDbSpline
70
0
71
3
72
9
73
5
74
0
42
0.000000001
43
0.0000000001
44
0.0000000001
40
0
40
0
40
0
40
0
40
0.11462956456775156
40
0.24528792998684376
40
0.24528792998684376
40
0.24528792998684376
40
0.24528792998684376
10
135.48305749694597
20
241.74885026333828
30
0
10
135.25098866513909
20
241.44323806302617
30
0
10
134.7544005154499
20
240.78927951161785
30
0
10
134.44132722809539
20
240.029526875795
30
0
10
134.27456140319597
20
239.62482682583828
30
0
0
LINE
5
700
100
AcDbEntity
8
0
100
AcDbLine
10
134.27456140319597
20
239.62482682583828
30
0
11
133.17592859069597
21
240.01545182583828
31
0
0
LINE
5
701
100
AcDbEntity
8
0
100
AcDbLine
10
133.17592859069597
20
240.01545182583828
30
0
11
134.93374109069597
21
245.02033463833828
31
0
0
LINE
5
702
100
AcDbEntity
8
0
100
AcDbLine
10
158.60126733581316
20
234.48566666958828
30
0
11
158.60317468444597
21
235.81623307583828
31
0
0
SPLINE
5
703
100
AcDbEntity
8
0
100
AcDbSpline
70
0
71
3
72
9
73
5
74
0
42
0.000000001
43
0.0000000001
44
0.0000000001
40
0
40
0
40
0
40
0
40
0.117657253273516
40
0.21368206763037656
40
0.21368206763037656
40
0.21368206763037656
40
0.21368206763037656
10
158.60317468444597
20
235.81623307583828
30
0
10
158.58653435499241
20
236.22287145993712
30
0
10
158.55631318371093
20
236.9613837766417
30
0
10
158.06534819156545
20
237.50621178384046
30
0
10
157.84471750060808
20
237.75104752896328
30
0
0
SPLINE
5
704
100
AcDbEntity
8
0
100
AcDbSpline
70
0
71
3
72
9
73
5
74
0
42
0.000000001
43
0.0000000001
44
0.0000000001
40
0
40
0
40
0
40
0
40
0.10125882327435
40
0.22475788573365604
40
0.22475788573365604
40
0.22475788573365604
40
0.22475788573365604
10
157.84471750060808
20
237.75104752896328
30
0
10
157.54674432492465
20
237.91973525499969
30
0
10
156.88535187727095
20
238.29416086480984
30
0
10
156.12281160245354
20
238.3178596176096
30
0
10
155.70381402770769
20
238.33088151333828
30
0
0
SPLINE
5
705
100
AcDbEntity
8
0
100
AcDbSpline
70
0
71
3
72
9
73
5
74
0
42
0.000000001
43
0.0000000001
44
0.0000000001
40
0
40
0
40
0
40
0
40
0.064347683372336997
40
0.12136460660719897
40
0.12136460660719897
40
0.12136460660719897
40
0.12136460660719897
10
155.70381402770769
20
238.33088151333828
30
0
10
155.48852645295986
20
238.3258340467157
30
0
10
155.0824777741675
20
238.31631414220769
30
0
10
154.68961282037665
20
238.21410452659447
30
0
10
154.50504541198504
20
238.16608659146328
30
0
0
SPLINE
5
706
100
AcDbEntity
8
0
100
AcDbSpline
70
0
71
3
72
9
73
5
74
0
42
0.000000001
43
0.0000000001
44
0.0000000001
40
0
40
0
40
0
40
0
40
0.050285178022049147
40
0.094676503805826304
40
0.094676503805826304
40
0.094676503805826304
40
0.094676503805826304
10
154.50504541198504
20
238.16608659146328
30
0
10
154.34591104900039
20
238.10939816709799
30
0
10
154.04629422918623
20
238.00266568575299
30
0
10
153.79641883180744
20
237.80643421668321
30
0
10
153.67925882140887
20
237.71442643521328
30
0
0
SPLINE
5
707
100
AcDbEntity
8
0
100
AcDbSpline
70
0
71
3
72
9
73
5
74
0
42
0.000000001
43
0.0000000001
44
0.0000000001
40
0
40
0
40
0
40
0
40
0.040906517632865166
40
0.080323354212941761
40
0.080323354212941761
40
0.080323354212941761
40
0.080323354212941761
10
153.67925882140887
20
237.71442643521328
30
0
10
153.58262843492872
20
237.61667104356189
30
0
10
153.39288662335139
20
237.42472019063638
30
0
10
153.27721117202043
20
237.18096668408694
30
0
10
153.22044610778582
20
237.06135026333828
30
0
0
SPLINE
5
708
100
AcDbEntity
8
0
100
AcDbSpline
70
0
71
3
72
9
73
5
74
0
42
0.000000001
43
0.0000000001
44
0.0000000001
40
0
40
0
40
0
40
0
40
0.03426702743177145
40
0.10785835408429498
40
0.10785835408429498
40
0.10785835408429498
40
0.10785835408429498
10
153.22044610778582
20
237.06135026333828
30
0
10
153.18498581515917
20
236.9527456540261
30
0
10
153.07337155840241
20
236.61090350183756
30
0
10
152.98630816247876
20
236.26188591828705
30
0
10
152.92690515319597
20
236.02375260708828
30
0
0
SPLINE
5
709
100
AcDbEntity
8
0
100
AcDbSpline
70
0
71
3
72
9
73
5
74
0
42
0.000000001
43
0.0000000001
44
0.0000000001
40
0
40
0
40
0
40
0
40
0.092675508713798843
40
0.16890167489555369
40
0.16890167489555369
40
0.16890167489555369
40
0.16890167489555369
10
152.92690515319597
20
236.02375260708828
30
0
10
152.82577297310664
20
235.70428009283438
30
0
10
152.64145896350487
20
235.12203950425331
30
0
10
152.05591165873872
20
234.9863549217261
30
0
10
151.79165124694597
20
234.92511979458828
30
0
0
SPLINE
5
710
100
AcDbEntity
8
0
100
AcDbSpline
70
0
71
3
72
9
73
5
74
0
42
0.000000001
43
0.0000000001
44
0.0000000001
40
0
40
0
40
0
40
0
40
0.044833324064403886
40
0.087122473664571681
40
0.087122473664571681
40
0.087122473664571681
40
0.087122473664571681
10
151.79165124694597
20
234.92511979458828
30
0
10
151.63833155773366
20
234.93695292917914
30
0
10
151.34039267266525
20
234.95994769876796
30
0
10
151.1141268865066
20
235.15427827977604
30
0
10
151.00429773132097
20
235.24860612271328
30
0
0
SPLINE
5
711
100
AcDbEntity
8
0
100
AcDbSpline
70
0
71
3
72
9
73
5
74
0
42
0.000000001
43
0.0000000001
44
0.0000000001
40
0
40
0
40
0
40
0
40
0.044121389502031823
40
0.093971178465654837
40
0.093971178465654837
40
0.093971178465654837
40
0.093971178465654837
10
151.00429773132097
20
235.24860612271328
30
0
10
150.91715561232238
20
235.37085004525312
30
0
10
150.73155747707065
20
235.63120914978236
30
0
10
150.71435240478888
20
235.95150072480396
30
0
10
150.70522546569597
20
236.12140885708828
30
0
0
SPLINE
5
712
100
AcDbEntity
8
0
100
AcDbSpline
70
0
71
3
72
9
73
5
74
0
42
0.000000001
43
0.0000000001
44
0.0000000001
40
0
40
0
40
0
40
0
40
0.081192387961958032
40
0.17141364774844686
40
0.17141364774844686
40
0.17141364774844686
40
0.17141364774844686
10
150.70522546569597
20
236.12140885708828
30
0
10
150.73500504575429
20
236.3948091614341
30
0
10
150.79787579724163
20
236.97201282103589
30
0
10
151.12905715795299
20
237.45041753839109
30
0
10
151.30336999694597
20
237.70221940396328
30
0
0
SPLINE
5
713
100
AcDbEntity
8
0
100
AcDbSpline
70
0
71
3
72
9
73
5
74
0
42
0.000000001
43
0.0000000001
44
0.0000000001
40
0
40
0
40
0
40
0
40
0.10352624532812582
40
0.22490576427566683
40
0.22490576427566683
40
0.22490576427566683
40
0.22490576427566683
10
151.30336999694597
20
237.70221940396328
30
0
10
151.54309514404309
20
237.95499762334509
30
0
10
152.06388643955557
20
238.50414608750617
30
0
10
152.7552167325403
20
238.81577467618371
30
0
10
153.12832116882097
20
238.98395768521328
30
0
0
SPLINE
5
714
100
AcDbEntity
8
0
100
AcDbSpline
70
0
71
3
72
9
73
5
74
0
42
0.000000001
43
0.0000000001
44
0.0000000001
40
0
40
0
40
0
40
0
40
0.13910878220300854
40
0.29571912380808008
40
0.29571912380808008
40
0.29571912380808008
40
0.29571912380808008
10
153.12832116882097
20
238.98395768521328
30
0
10
153.57059683004107
20
239.13157402110238
30
0
10
154.51079175480706
20
239.4453786049508
30
0
10
155.50236323750872
20
239.47490993826011
30
0
10
156.02749109069597
20
239.49054948208828
30
0
0
SPLINE
5
715
100
AcDbEntity
8
0
100
AcDbSpline
70
0
71
3
72
9
73
5
74
0
42
0.000000001
43
0.0000000001
44
0.0000000001
40
0
40
0
40
0
40
0
40
0.14545765885202303
40
0.27305250393842273
40
0.27305250393842273
40
0.27305250393842273
40
0.27305250393842273
10
156.02749109069597
20
239.49054948208828
30
0
10
156.51552564124441
20
239.47628495110177
30
0
10
157.43166204194972
20
239.44950763367402
30
0
10
158.29663655097957
20
239.14925101988274
30
0
10
158.70083093444597
20
239.00894395230313
30
0
0
SPLINE
5
716
100
AcDbEntity
8
0
100
AcDbSpline
70
0
71
3
72
9
73
5
74
0
42
0.000000001
43
0.0000000001
44
0.0000000001
40
0
40
0
40
0
40
0
40
0.11288537500870409
40
0.21710870621554063
40
0.21710870621554063
40
0.21710870621554063
40
0.21710870621554063
10
158.70083093444597
20
239.00894395230313
30
0
10
159.04283541903354
20
238.83731794643461
30
0
10
159.70060132682269
20
238.50723532869793
30
0
10
160.13029708556618
20
237.9111320014529
30
0
10
160.336573121946
20
237.62497178433438
30
0
0
SPLINE
5
717
100
AcDbEntity
8
0
100
AcDbSpline
70
0
71
3
72
9
73
5
74
0
42
0.000000001
43
0.0000000001
44
0.0000000001
40
0
40
0
40
0
40
0
40
0.091995738164835236
40
0.23129971311229242
40
0.23129971311229242
40
0.23129971311229242
40
0.23129971311229242
10
160.336573121946
20
237.62497178433438
30
0
10
160.44232476954943
20
237.33495448098432
30
0
10
160.70821019250243
20
236.60578027791109
30
0
10
160.70482365572553
20
235.82636120582495
30
0
10
160.702784059446
20
235.35694352505703
30
0
0
LINE
5
718
100
AcDbEntity
8
0
100
AcDbLine
10
160.702784059446
20
235.35694352505703
30
0
11
160.702784059446
21
230.66238633511563
31
0
0
SPLINE
5
719
100
AcDbEntity
8
0
100
AcDbSpline
70
0
71
3
72
9
73
5
74
0
42
0.000000001
43
0.0000000001
44
0.0000000001
40
0
40
0
40
0
40
0
40
0.082635663384993036
40
0.13071422713018135
40
0.13071422713018135
40
0.13071422713018135
40
0.13071422713018135
10
160.702784059446
20
230.66238633511563
30
0
10
160.7011881256918
20
230.38660038475393
30
0
10
160.69866365576337
20
229.95035838126279
30
0
10
160.74629845478481
20
229.5169740834757
30
0
10
160.763819215696
20
229.3575691354086
30
0
0
SPLINE
5
720
100
AcDbEntity
8
0
100
AcDbSpline
70
0
71
3
72
9
73
5
74
0
42
0.000000001
43
0.0000000001
44
0.0000000001
40
0
40
0
40
0
40
0
40
0.049454621967303533
40
0.092906893607916055
40
0.092906893607916055
40
0.092906893607916055
40
0.092906893607916055
10
160.763819215696
20
229.3575691354086
30
0
10
160.81293160860622
20
229.19702631058286
30
0
10
160.90519558073723
20
228.89542588271058
30
0
10
161.12907990235851
20
228.67443206380145
30
0
10
161.233789918821
20
228.57107392666836
30
0
0
SPLINE
5
721
100
AcDbEntity
8
0
100
AcDbSpline
70
0
71
3
72
9
73
5
74
0
42
0.000000001
43
0.0000000001
44
0.0000000001
40
0
40
0
40
0
40
0
40
0.043323606299812398
40
0.092438415575667246
40
0.092438415575667246
40
0.092438415575667246
40
0.092438415575667246
10
161.233789918821
20
228.57107392666836
30
0
10
161.35908901135096
20
228.49468980777101
30
0
10
161.62643632095359
20
228.33171106410055
30
0
10
161.93999251600081
20
228.31682055284548
30
0
10
162.106592653196
20
228.30890885708828
30
0
0
SPLINE
5
722
100
AcDbEntity
8
0
100
AcDbSpline
70
0
71
3
72
9
73
5
74
0
42
0.000000001
43
0.0000000001
44
0.0000000001
40
0
40
0
40
0
40
0
40
0.061982686398524924
40
0.13715280419212633
40
0.13715280419212633
40
0.13715280419212633
40
0.13715280419212633
10
162.106592653196
20
228.30890885708828
30
0
10
162.31340016122604
20
228.32326353879967
30
0
10
162.77101552613513
20
228.35502700315399
30
0
10
163.20920505972251
20
228.49205961737749
30
0
10
163.449366090696
20
228.5671638619711
30
0
0
LINE
5
723
100
AcDbEntity
8
0
100
AcDbLine
10
163.449366090696
20
228.5671638619711
30
0
11
163.449366090696
21
227.50362626431485
31
0
0
SPLINE
5
724
100
AcDbEntity
8
0
100
AcDbSpline
70
0
71
3
72
9
73
5
74
0
42
0.000000001
43
0.0000000001
44
0.0000000001
40
0
40
0
40
0
40
0
40
0.098615941780848551
40
0.1846833580953563
40
0.1846833580953563
40
0.1846833580953563
40
0.1846833580953563
10
163.449366090696
20
227.50362626431485
30
0
10
163.13082437548843
20
227.41818686959124
30
0
10
162.53427423769512
20
227.25817993718005
30
0
10
161.91780820170308
20
227.22550393922967
30
0
10
161.630518434446
20
227.21027604458828
30
0
0
SPLINE
5
725
100
AcDbEntity
8
0
100
AcDbSpline
70
0
71
3
72
9
73
5
74
0
42
0.000000001
43
0.0000000001
44
0.0000000001
40
0
40
0
40
0
40
0
40
0.080036530508165768
40
0.14859741280750327
40
0.14859741280750327
40
0.14859741280750327
40
0.14859741280750327
10
161.630518434446
20
227.21027604458828
30
0
10
161.3621063780673
20
227.21691174638261
30
0
10
160.86376722104771
20
227.22923172218037
30
0
10
160.39025190744781
20
227.38332162499319
30
0
10
160.171778200071
20
227.45441666958828
30
0
0
SPLINE
5
726
100
AcDbEntity
8
0
100
AcDbSpline
70
0
71
3
72
9
73
5
74
0
42
0.000000001
43
0.0000000001
44
0.0000000001
40
0
40
0
40
0
40
0
40
0.061683642989554421
40
0.12147201035326373
40
0.12147201035326373
40
0.12147201035326373
40
0.12147201035326373
10
160.171778200071
20
227.45441666958828
30
0
10
159.9843518004825
20
227.54395025223363
30
0
10
159.61525781627753
20
227.72026643187144
30
0
10
159.3378560221912
20
228.02066983085328
30
0
10
159.20131921569597
20
228.16852799771328
30
0
0
SPLINE
5
727
100
AcDbEntity
8
0
100
AcDbSpline
70
0
71
3
72
9
73
5
74
0
42
0.000000001
43
0.0000000001
44
0.0000000001
40
0
40
0
40
0
40
0
40
0.060109752482792475
40
0.12292724233800834
40
0.12292724233800834
40
0.12292724233800834
40
0.12292724233800834
10
159.20131921569597
20
228.16852799771328
30
0
10
159.08599435205309
20
228.3348397628028
30
0
10
158.85014963676025
20
228.67495506533501
30
0
10
158.75940811522548
20
229.07899927838753
30
0
10
158.71303796569597
20
229.28547135708828
30
0
0
SPLINE
5
728
100
AcDbEntity
8
0
100
AcDbSpline
70
0
71
3
72
9
73
5
74
0
42
0.000000001
43
0.0000000001
44
0.0000000001
40
0
40
0
40
0
40
0
40
0.17025663570812535
40
0.31083141313807017
40
0.31083141313807017
40
0.31083141313807017
40
0.31083141313807017
10
158.71303796569597
20
229.28547135708828
30
0
10
158.25951507725873
20
228.94098314199658
30
0
10
157.43153465983121
20
228.31206340409025
30
0
10
156.48994841386966
20
227.87280131004778
30
0
10
156.06411218444597
20
227.67414323208828
30
0
0
SPLINE
5
729
100
AcDbEntity
8
0
100
AcDbSpline
70
0
71
3
72
9
73
5
74
0
42
0.000000001
43
0.0000000001
44
0.0000000001
40
0
40
0
40
0
40
0
40
0.12399904506838633
40
0.244796239154488
40
0.244796239154488
40
0.244796239154488
40
0.244796239154488
10
156.06411218444597
20
227.67414323208828
30
0
10
155.67110485007808
20
227.53885533647858
30
0
10
154.89523825078021
20
227.27177289217326
30
0
10
154.0758630743145
20
227.23059546490052
30
0
10
153.67153405944597
20
227.21027604458828
30
0
0
SPLINE
5
730
100
AcDbEntity
8
0
100
AcDbSpline
70
0
71
3
72
9
73
5
74
0
42
0.000000001
43
0.0000000001
44
0.0000000001
40
0
40
0
40
0
40
0
40
0.15429495556760164
40
0.29328937495226959
40
0.29328937495226959
40
0.29328937495226959
40
0.29328937495226959
10
153.67153405944597
20
227.21027604458828
30
0
10
153.14674370139304
20
227.23980549463073
30
0
10
152.14920340250177
20
227.29593613035863
30
0
10
151.32687387628272
20
227.85897192437801
30
0
10
150.93715905944597
20
228.12580338833828
30
0
0
SPLINE
5
731
100
AcDbEntity
8
0
100
AcDbSpline
70
0
71
3
72
9
73
5
74
0
42
0.000000001
43
0.0000000001
44
0.0000000001
40
0
40
0
40
0
40
0
40
0.12687387193450797
40
0.24517820681417929
40
0.24517820681417929
40
0.24517820681417929
40
0.24517820681417929
10
150.93715905944597
20
228.12580338833828
30
0
10
150.63107677195296
20
228.43653451462106
30
0
10
150.03958614239406
20
229.03700882175568
30
0
10
149.93690194654607
20
229.87155327630947
30
0
10
149.88735437194597
20
230.27424088833828
30
0
0
SPLINE
5
732
100
AcDbEntity
8
0
100
AcDbSpline
70
0
71
3
72
9
73
5
74
0
42
0.000000001
43
0.0000000001
44
0.0000000001
40
0
40
0
40
0
40
0
40
0.073266733447340388
40
0.14803710909649542
40
0.14803710909649542
40
0.14803710909649542
40
0.14803710909649542
10
149.88735437194597
20
230.27424088833828
30
0
10
149.90403552106346
20
230.52051185400242
30
0
10
149.93774016402443
20
231.01810796748993
30
0
10
150.1600624598149
20
231.4646949738663
30
0
10
150.27235269347918
20
231.69025651333828
30
0
0
SPLINE
5
733
100
AcDbEntity
8
0
100
AcDbSpline
70
0
71
3
72
9
73
5
74
0
42
0.000000001
43
0.0000000001
44
0.0000000001
40
0
40
0
40
0
40
0
40
0.079692172188777347
40
0.16788207286156678
40
0.16788207286156678
40
0.16788207286156678
40
0.16788207286156678
10
150.27235269347918
20
231.69025651333828
30
0
10
150.42357917435257
20
231.91131613457489
30
0
10
150.74215770450533
20
232.37700738654985
30
0
10
151.2033761683783
20
232.70306019333594
30
0
10
151.44565820495379
20
232.87433854458828
30
0
0
SPLINE
5
734
100
AcDbEntity
8
0
100
AcDbSpline
70
0
71
3
72
9
73
5
74
0
42
0.000000001
43
0.0000000001
44
0.0000000001
40
0
40
0
40
0
40
0
40
0.11217665089333251
40
0.26431524369741249
40
0.26431524369741249
40
0.26431524369741249
40
0.26431524369741249
10
151.44565820495379
20
232.87433854458828
30
0
10
151.77867131285501
20
233.04720638237478
30
0
10
152.56333050947376
20
233.45452469958337
30
0
10
153.42466375226647
20
233.65961173709366
30
0
10
153.92044305602801
20
233.77765885708828
30
0
0
SPLINE
5
735
100
AcDbEntity
8
0
100
AcDbSpline
70
0
71
3
72
9
73
5
74
0
42
0.000000001
43
0.0000000001
44
0.0000000001
40
0
40
0
40
0
40
0
40
0.2047578672336266
40
0.47359988003103914
40
0.47359988003103914
40
0.47359988003103914
40
0.47359988003103914
10
153.92044305602801
20
233.77765885708828
30
0
10
154.59028650523715
20
233.91016848176241
30
0
10
156.13961782750107
20
234.21665996458796
30
0
10
157.70989143823931
20
234.38825796363182
30
0
10
158.60126733581316
20
234.48566666958828
30
0
0
SPLINE
5
736
100
AcDbEntity
8
0
100
AcDbSpline
70
0
71
3
72
9
73
5
74
0
42
0.000000001
43
0.0000000001
44
0.0000000001
40
0
40
0
40
0
40
0
40
0.2319810422325706
40
0.35523267155957616
40
0.35523267155957616
40
0.35523267155957616
40
0.35523267155957616
10
158.59459161559832
20
233.423464215975
30
0
10
157.82896898526451
20
233.31391997239018
30
0
10
156.65657071615385
20
233.14617482421724
30
0
10
155.49298450339882
20
232.92609329689267
30
0
10
155.08926629821551
20
232.849733747225
30
0
0
SPLINE
5
737
100
AcDbEntity
8
0
100
AcDbSpline
70
0
71
3
72
9
73
5
74
0
42
0.000000001
43
0.0000000001
44
0.0000000001
40
0
40
0
40
0
40
0
40
0.11861279022667082
40
0.20263492080919443
40
0.20263492080919443
40
0.20263492080919443
40
0.20263492080919443
10
155.08926629821551
20
232.849733747225
30
0
10
154.70231617007965
20
232.75999493196076
30
0
10
154.04126091269913
20
232.60668753829916
30
0
10
153.43514829631292
20
232.30389803821117
30
0
10
153.18382501403582
20
232.178347028475
30
0
0
SPLINE
5
738
100
AcDbEntity
8
0
100
AcDbSpline
70
0
71
3
72
9
73
5
74
0
42
0.000000001
43
0.0000000001
44
0.0000000001
40
0
40
0
40
0
40
0
40
0.062132705910266969
40
0.11434990817543042
40
0.11434990817543042
40
0.11434990817543042
40
0.11434990817543042
10
153.18382501403582
20
232.178347028475
30
0
10
153.01062800153372
20
232.0611946932344
30
0
10
152.69187377723716
20
231.84558588333243
30
0
10
152.46779933720234
20
231.53356936081852
30
0
10
152.36547708312762
20
231.39108888028164
30
0
0
SPLINE
5
739
100
AcDbEntity
8
0
100
AcDbSpline
70
0
71
3
72
9
73
5
74
0
42
0.000000001
43
0.0000000001
44
0.0000000001
40
0
40
0
40
0
40
0
40
0.047181568877086293
40
0.093814717925562605
40
0.093814717925562605
40
0.093814717925562605
40
0.093814717925562605
10
152.36547708312762
20
231.39108888028164
30
0
10
152.29423989141785
20
231.24891615249675
30
0
10
152.15259354083818
20
230.96622325628132
30
0
10
152.13165109913552
20
230.65077136561973
30
0
10
152.12124109069597
20
230.49396745083828
30
0
0
SPLINE
5
740
100
AcDbEntity
8
0
100
AcDbSpline
70
0
71
3
72
9
73
5
74
0
42
0.000000001
43
0.0000000001
44
0.0000000001
40
0
40
0
40
0
40
0
40
0.047345741572702812
40
0.097132278205297101
40
0.097132278205297101
40
0.097132278205297101
40
0.097132278205297101
10
152.12124109069597
20
230.49396745083828
30
0
10
152.13380189871151
20
230.33477462610131
30
0
10
152.15957105678402
20
230.00818217603069
30
0
10
152.31594059056221
20
229.72003205297489
30
0
10
152.39609002868426
20
229.57233659146328
30
0
0
SPLINE
5
741
100
AcDbEntity
8
0
100
AcDbSpline
70
0
71
3
72
9
73
5
74
0
42
0.000000001
43
0.0000000001
44
0.0000000001
40
0
40
0
40
0
40
0
40
0.05180754092574457
40
0.10562790087179148
40
0.10562790087179148
40
0.10562790087179148
40
0.10562790087179148
10
152.39609002868426
20
229.57233659146328
30
0
10
152.4986618364367
20
229.43092333607694
30
0
10
152.70779055684915
20
229.14260265814102
30
0
10
153.01518346311411
20
228.96230101023261
30
0
10
153.1718087176491
20
228.87043229458828
30
0
0
SPLINE
5
742
100
AcDbEntity
8
0
100
AcDbSpline
70
0
71
3
72
9
73
5
74
0
42
0.000000001
43
0.0000000001
44
0.0000000001
40
0
40
0
40
0
40
0
40
0.055077478412627286
40
0.1101164746841703
40
0.1101164746841703
40
0.1101164746841703
40
0.1101164746841703
10
153.1718087176491
20
228.87043229458828
30
0
10
153.34127568262969
20
228.79566423079189
30
0
10
153.68009120753962
20
228.64618034297587
30
0
10
154.04979571966524
20
228.62478071372507
30
0
10
154.23458337585222
20
228.61408463833828
30
0
0
SPLINE
5
743
100
AcDbEntity
8
0
100
AcDbSpline
70
0
71
3
72
9
73
5
74
0
42
0.000000001
43
0.0000000001
44
0.0000000001
40
0
40
0
40
0
40
0
40
0.085106911988736267
40
0.18422589637617975
40
0.18422589637617975
40
0.18422589637617975
40
0.18422589637617975
10
154.23458337585222
20
228.61408463833828
30
0
10
154.51885254236379
20
228.63414047796664
30
0
10
155.13419318613711
20
228.67755416725188
30
0
10
155.71667406180762
20
228.88232814617385
30
0
10
156.03006601135027
20
228.99250260708828
30
0
0
SPLINE
5
744
100
AcDbEntity
8
0
100
AcDbSpline
70
0
71
3
72
9
73
5
74
0
42
0.000000001
43
0.0000000001
44
0.0000000001
40
0
40
0
40
0
40
0
40
0.12713542513820061
40
0.29651225414686155
40
0.29651225414686155
40
0.29651225414686155
40
0.29651225414686155
10
156.03006601135027
20
228.99250260708828
30
0
10
156.41606552758779
20
229.16928529426349
30
0
10
157.31631489974171
20
229.58158763258879
30
0
10
158.13035185628596
20
230.14660660842594
30
0
10
158.59535455505144
20
230.469362653475
30
0
0
LINE
5
745
100
AcDbEntity
8
0
100
AcDbLine
10
158.59535455505144
20
230.469362653475
30
0
11
158.59459161559832
21
233.423464215975
31
0
0
LINE
5
746
100
AcDbEntity
8
0
100
AcDbLine
10
164.328272340696
20
237.45197526333828
30
0
11
164.328272340696
21
238.46515885708828
31
0
0
SPLINE
5
747
100
AcDbEntity
8
0
100
AcDbSpline
70
0
71
3
72
9
73
5
74
0
42
0.000000001
43
0.0000000001
44
0.0000000001
40
0
40
0
40
0
40
0
40
0.095854833599479619
40
0.16514049020209459
40
0.16514049020209459
40
0.16514049020209459
40
0.16514049020209459
10
164.328272340696
20
238.46515885708828
30
0
10
164.64618858355934
20
238.50166909311085
30
0
10
165.19390059993017
20
238.56456960681214
30
0
10
165.72780485168158
20
238.70092070707898
30
0
10
165.951807496946
20
238.75812760708828
30
0
0
SPLINE
5
748
100
AcDbEntity
8
0
100
AcDbSpline
70
0
71
3
72
9
73
5
74
0
42
0.000000001
43
0.0000000001
44
0.0000000001
40
0
40
0
40
0
40
0
40
0.070896084538867699
40
0.17162859591036098
40
0.17162859591036098
40
0.17162859591036098
40
0.17162859591036098
10
165.951807496946
20
238.75812760708828
30
0
10
166.17236256243757
20
238.8436584210948
30
0
10
166.70629270057498
20
239.05071546254482
30
0
10
167.20777167716366
20
239.32787726424706
30
0
10
167.502100465696
20
239.49054948208828
30
0
0
LINE
5
749
100
AcDbEntity
8
0
100
AcDbLine
10
167.502100465696
20
239.49054948208828
30
0
11
168.381006715696
21
239.49054948208828
31
0
0
LINE
5
750
100
AcDbEntity
8
0
100
AcDbLine
10
168.381006715696
20
239.49054948208828
30
0
11
168.381006715696
21
237.17121354458828
31
0
0
SPLINE
5
751
100
AcDbEntity
8
0
100
AcDbSpline
70
0
71
3
72
9
73
5
74
0
42
0.000000001
43
0.0000000001
44
0.0000000001
40
0
40
0
40
0
40
0
40
0.18755129027103651
40
0.33145801439001465
40
0.33145801439001465
40
0.33145801439001465
40
0.33145801439001465
10
168.381006715696
20
237.17121354458828
30
0
10
168.86442115658366
20
237.57126359827251
30
0
10
169.7187559386719
20
238.27826911265291
30
0
10
170.70269003082561
20
238.78734845765663
30
0
10
171.12987756530538
20
239.00837174771328
30
0
0
SPLINE
5
752
100
AcDbEntity
8
0
100
AcDbSpline
70
0
71
3
72
9
73
5
74
0
42
0.000000001
43
0.0000000001
44
0.0000000001
40
0
40
0
40
0
40
0
40
0.12030527084020634
40
0.23718621396993655
40
0.23718621396993655
40
0.23718621396993655
40
0.23718621396993655
10
171.12987756530538
20
239.00837174771328
30
0
10
171.5081874201523
20
239.1489984223044
30
0
10
172.25403904869688
20
239.42624902235298
30
0
10
173.04841422255637
20
239.46932328748977
30
0
10
173.4398674945046
20
239.49054948208828
30
0
0
SPLINE
5
753
100
AcDbEntity
8
0
100
AcDbSpline
70
0
71
3
72
9
73
5
74
0
42
0.000000001
43
0.0000000001
44
0.0000000001
40
0
40
0
40
0
40
0
40
0.094546636379585949
40
0.18088901627253606
40
0.18088901627253606
40
0.18088901627253606
40
0.18088901627253606
10
173.4398674945046
20
239.49054948208828
30
0
10
173.75703313475606
20
239.47928067191918
30
0
10
174.36384246036968
20
239.45772089925975
30
0
10
174.93491643716524
20
239.25271163657879
30
0
10
175.20750283996358
20
239.15485612271328
30
0
0
SPLINE
5
754
100
AcDbEntity
8
0
100
AcDbSpline
70
0
71
3
72
9
73
5
74
0
42
0.000000001
43
0.0000000001
44
0.0000000001
40
0
40
0
40
0
40
0
40
0.080069998093977218
40
0.15559333563726091
40
0.15559333563726091
40
0.15559333563726091
40
0.15559333563726091
10
175.20750283996358
20
239.15485612271328
30
0
10
175.44905674527487
20
239.03598509681686
30
0
10
175.91844826217596
20
238.80499296655421
30
0
10
176.28101898588869
20
238.4282831851072
30
0
10
176.45700692931905
20
238.24543229458828
30
0
0
SPLINE
5
755
100
AcDbEntity
8
0
100
AcDbSpline
70
0
71
3
72
9
73
5
74
0
42
0.000000001
43
0.0000000001
44
0.0000000001
40
0
40
0
40
0
40
0
40
0.073271704037220012
40
0.14656160422314118
40
0.14656160422314118
40
0.14656160422314118
40
0.14656160422314118
10
176.45700692931905
20
238.24543229458828
30
0
10
176.60405725047707
20
238.04756151116979
30
0
10
176.89819441097629
20
237.65177080549745
30
0
10
177.03073782711812
20
237.1767965589766
30
0
10
177.09701776305928
20
236.93927995083828
30
0
0
SPLINE
5
756
100
AcDbEntity
8
0
100
AcDbSpline
70
0
71
3
72
9
73
5
74
0
42
0.000000001
43
0.0000000001
44
0.0000000001
40
0
40
0
40
0
40
0
40
0.057231446045811041
40
0.13722462003797758
40
0.13722462003797758
40
0.13722462003797758
40
0.13722462003797758
10
177.09701776305928
20
236.93927995083828
30
0
10
177.12525353008039
20
236.75037833814889
30
0
10
177.19295481440324
20
236.29744636076856
30
0
10
177.19392040225546
20
235.83921311552427
30
0
10
177.194483278196
20
235.57209245083828
30
0
0
LINE
5
757
100
AcDbEntity
8
0
100
AcDbLine
10
177.194483278196
20
235.57209245083828
30
0
11
177.194483278196
21
230.20099870083828
31
0
0
SPLINE
5
758
100
AcDbEntity
8
0
100
AcDbSpline
70
0
71
3
72
9
73
5
74
0
42
0.000000001
43
0.0000000001
44
0.0000000001
40
0
40
0
40
0
40
0
40
0.079270841055045504
40
0.12520207729083294
40
0.12520207729083294
40
0.12520207729083294
40
0.12520207729083294
10
177.194483278196
20
230.20099870083828
30
0
10
177.19071051612735
20
229.93487637872462
30
0
10
177.18475173428743
20
229.51455703937316
30
0
10
177.29457479755266
20
229.11029230487816
30
0
10
177.334864137571
20
228.96198502896328
30
0
0
SPLINE
5
759
100
AcDbEntity
8
0
100
AcDbSpline
70
0
71
3
72
9
73
5
74
0
42
0.000000001
43
0.0000000001
44
0.0000000001
40
0
40
0
40
0
40
0
40
0.029817563546619071
40
0.060696919401624493
40
0.060696919401624493
40
0.060696919401624493
40
0.060696919401624493
10
177.334864137571
20
228.96198502896328
30
0
10
177.38938750588446
20
228.87645028239888
30
0
10
177.50037579930603
20
228.70233492887098
30
0
10
177.6859901133287
20
228.6114791093263
30
0
10
177.780420778196
20
228.56525651333828
30
0
0
SPLINE
5
760
100
AcDbEntity
8
0
100
AcDbSpline
70
0
71
3
72
9
73
5
74
0
42
0.000000001
43
0.0000000001
44
0.0000000001
40
0
40
0
40
0
40
0
40
0.053583340370697854
40
0.15098223603841437
40
0.15098223603841437
40
0.15098223603841437
40
0.15098223603841437
10
177.780420778196
20
228.56525651333828
30
0
10
177.95595498170411
20
228.53031668364378
30
0
10
178.45055920688918
20
228.4318664269486
30
0
10
178.95589357009504
20
228.4387473231003
30
0
10
179.281885621946
20
228.44318620083828
30
0
0
LINE
5
761
100
AcDbEntity
8
0
100
AcDbLine
10
179.281885621946
20
228.44318620083828
30
0
11
179.281885621946
21
227.41779557583828
31
0
0
LINE
5
762
100
AcDbEntity
8
0
100
AcDbLine
10
179.281885621946
20
227.41779557583828
30
0
11
173.007471559446
21
227.41779557583828
31
0
0
LINE
5
763
100
AcDbEntity
8
0
100
AcDbLine
10
173.007471559446
20
227.41779557583828
30
0
11
173.007471559446
21
228.44318620083828
31
0
0
LINE
5
764
100
AcDbEntity
8
0
100
AcDbLine
10
173.007471559446
20
228.44318620083828
30
0
11
173.349268434446
21
228.44318620083828
31
0
0
SPLINE
5
765
100
AcDbEntity
8
0
100
AcDbSpline
70
0
71
3
72
9
73
5
74
0
42
0.000000001
43
0.0000000001
44
0.0000000001
40
0
40
0
40
0
40
0
40
0.073959021609869141
40
0.12125732978768711
40
0.12125732978768711
40
0.12125732978768711
40
0.12125732978768711
10
173.349268434446
20
228.44318620083828
30
0
10
173.59775453851483
20
228.44152472124094
30
0
10
174.00515259236784
20
228.43880069143242
30
0
10
174.39391476327029
20
228.5561166802722
30
0
10
174.545557496946
20
228.60187760708828
30
0
0
SPLINE
5
766
100
AcDbEntity
8
0
100
AcDbSpline
70
0
71
3
72
9
73
5
74
0
42
0.000000001
43
0.0000000001
44
0.0000000001
40
0
40
0
40
0
40
0
40
0.033578004584755537
40
0.06616793473435631
40
0.06616793473435631
40
0.06616793473435631
40
0.06616793473435631
10
174.545557496946
20
228.60187760708828
30
0
10
174.64361337419626
20
228.66009847096967
30
0
10
174.83683971287999
20
228.77482697759547
30
0
10
174.94838256695172
20
228.96974240180458
30
0
10
175.003321168821
20
229.06574479458828
30
0
0
SPLINE
5
767
100
AcDbEntity
8
0
100
AcDbSpline
70
0
71
3
72
9
73
5
74
0
42
0.000000001
43
0.0000000001
44
0.0000000001
40
0
40
0
40
0
40
0
40
0.047566567522107465
40
0.12577035493709965
40
0.12577035493709965
40
0.12577035493709965
40
0.12577035493709965
10
175.003321168821
20
229.06574479458828
30
0
10
175.04370738683645
20
229.21965369567488
30
0
10
175.15049224096768
20
229.62660290656004
30
0
10
175.14630539914282
20
230.04851671291675
30
0
10
175.143702028196
20
230.31086198208828
30
0
0
LINE
5
768
100
AcDbEntity
8
0
100
AcDbLine
10
175.143702028196
20
230.31086198208828
30
0
11
175.143702028196
21
234.80304948208828
31
0
0
SPLINE
5
769
100
AcDbEntity
8
0
100
AcDbSpline
70
0
71
3
72
9
73
5
74
0
42
0.000000001
43
0.0000000001
44
0.0000000001
40
0
40
0
40
0
40
0
40
0.11793306723670421
40
0.19489320190777248
40
0.19489320190777248
40
0.19489320190777248
40
0.19489320190777248
10
175.143702028196
20
234.80304948208828
30
0
10
175.14536479099601
20
235.19848873316613
30
0
10
175.14811263071309
20
235.85198163052189
30
0
10
174.98305177832677
20
236.48270004409545
30
0
10
174.917871950071
20
236.73176041958828
30
0
0
SPLINE
5
770
100
AcDbEntity
8
0
100
AcDbSpline
70
0
71
3
72
9
73
5
74
0
42
0.000000001
43
0.0000000001
44
0.0000000001
40
0
40
0
40
0
40
0
40
0.05745111389260979
40
0.11780054092680503
40
0.11780054092680503
40
0.11780054092680503
40
0.11780054092680503
10
174.917871950071
20
236.73176041958828
30
0
10
174.82723482884037
20
236.90370506056905
30
0
10
174.64138809436332
20
237.25626866368489
30
0
10
174.3156864923989
20
237.48657619517772
30
0
10
174.148828981321
20
237.60456315396328
30
0
0
SPLINE
5
771
100
AcDbEntity
8
0
100
AcDbSpline
70
0
71
3
72
9
73
5
74
0
42
0.000000001
43
0.0000000001
44
0.0000000001
40
0
40
0
40
0
40
0
40
0.066447427548896057
40
0.14274656067329772
40
0.14274656067329772
40
0.14274656067329772
40
0.14274656067329772
10
174.148828981321
20
237.60456315396328
30
0
10
173.94738359855225
20
237.70234907376803
30
0
10
173.51462590401854
20
237.91241896284134
30
0
10
173.03298091295972
20
237.93055999324514
30
0
10
172.775537965696
20
237.94025651333828
30
0
0
SPLINE
5
772
100
AcDbEntity
8
0
100
AcDbSpline
70
0
71
3
72
9
73
5
74
0
42
0.000000001
43
0.0000000001
44
0.0000000001
40
0
40
0
40
0
40
0
40
0.10301536110714439
40
0.21839814298960364
40
0.21839814298960364
40
0.21839814298960364
40
0.21839814298960364
10
172.775537965696
20
237.94025651333828
30
0
10
172.43085607772883
20
237.91475167823995
30
0
10
171.70011181352254
20
237.86068004695252
30
0
10
171.02198526393138
20
237.58127715644076
30
0
10
170.663721559446
20
237.43366471646328
30
0
0
SPLINE
5
773
100
AcDbEntity
8
0
100
AcDbSpline
70
0
71
3
72
9
73
5
74
0
42
0.000000001
43
0.0000000001
44
0.0000000001
40
0
40
0
40
0
40
0
40
0.12703315339885335
40
0.26468070964683643
40
0.26468070964683643
40
0.26468070964683643
40
0.26468070964683643
10
170.663721559446
20
237.43366471646328
30
0
10
170.28595820981684
20
237.23854881708934
30
0
10
169.49886705460898
20
236.83201388248435
30
0
10
168.8357334913959
20
236.24406630867097
30
0
10
168.490869996946
20
235.93830338833828
30
0
0
LINE
5
774
100
AcDbEntity
8
0
100
AcDbLine
10
168.490869996946
20
235.93830338833828
30
0
11
168.490869996946
21
230.31086198208828
31
0
0
SPLINE
5
775
100
AcDbEntity
8
0
100
AcDbSpline
70
0
71
3
72
9
73
5
74
0
42
0.000000001
43
0.0000000001
44
0.0000000001
40
0
40
0
40
0
40
0
40
0.079423279619075943
40
0.12818102040992715
40
0.12818102040992715
40
0.12818102040992715
40
0.12818102040992715
10
168.490869996946
20
230.31086198208828
30
0
10
168.48848154468834
20
230.04452135395212
30
0
10
168.48462682792194
20
229.61467492032648
30
0
10
168.59084672823803
20
229.19932306301874
30
0
10
168.631250856321
20
229.04133073208828
30
0
0
SPLINE
5
776
100
AcDbEntity
8
0
100
AcDbSpline
70
0
71
3
72
9
73
5
74
0
42
0.000000001
43
0.0000000001
44
0.0000000001
40
0
40
0
40
0
40
0
40
0.033348396804234959
40
0.067104825126947112
40
0.067104825126947112
40
0.067104825126947112
40
0.067104825126947112
10
168.631250856321
20
229.04133073208828
30
0
10
168.68573785322806
20
228.94199021232339
30
0
10
168.79537851813339
20
228.74209370017695
30
0
10
168.99073989261859
20
228.62444070566335
30
0
10
169.089014528196
20
228.56525651333828
30
0
0
SPLINE
5
777
100
AcDbEntity
8
0
100
AcDbSpline
70
0
71
3
72
9
73
5
74
0
42
0.000000001
43
0.0000000001
44
0.0000000001
40
0
40
0
40
0
40
0
40
0.041310476706586219
40
0.11827530051320771
40
0.11827530051320771
40
0.11827530051320771
40
0.11827530051320771
10
169.089014528196
20
228.56525651333828
30
0
10
169.22271278391761
20
228.53036296505587
30
0
10
169.6055019123483
20
228.43045985964289
30
0
10
170.00253181328216
20
228.43816940108354
30
0
10
170.260889528196
20
228.44318620083828
30
0
0
LINE
5
778
100
AcDbEntity
8
0
100
AcDbLine
10
170.260889528196
20
228.44318620083828
30
0
11
170.614893434446
21
228.44318620083828
31
0
0
LINE
5
779
100
AcDbEntity
8
0
100
AcDbLine
10
170.614893434446
20
228.44318620083828
30
0
11
170.614893434446
21
227.41779557583828
31
0
0
LINE
5
780
100
AcDbEntity
8
0
100
AcDbLine
10
170.614893434446
20
227.41779557583828
30
0
11
164.316065309446
21
227.41779557583828
31
0
0
LINE
5
781
100
AcDbEntity
8
0
100
AcDbLine
10
164.316065309446
20
227.41779557583828
30
0
11
164.316065309446
21
228.44318620083828
31
0
0
LINE
5
782
100
AcDbEntity
8
0
100
AcDbLine
10
164.316065309446
20
228.44318620083828
30
0
11
164.62295770446553
21
228.44318620083828
31
0
0
SPLINE
5
783
100
AcDbEntity
8
0
100
AcDbSpline
70
0
71
3
72
9
73
5
74
0
42
0.000000001
43
0.0000000001
44
0.0000000001
40
0
40
0
40
0
40
0
40
0.076534031193239885
40
0.12547722896282187
40
0.12547722896282187
40
0.12547722896282187
40
0.12547722896282187
10
164.62295770446553
20
228.44318620083828
30
0
10
164.87981411072585
20
228.44158771023828
30
0
10
165.30092913101683
20
228.43896699148235
30
0
10
165.7054321547152
20
228.55177327659419
30
0
10
165.86321115295186
20
228.59577409146328
30
0
0
SPLINE
5
784
100
AcDbEntity
8
0
100
AcDbSpline
70
0
71
3
72
9
73
5
74
0
42
0.000000001
43
0.0000000001
44
0.0000000001
40
0
40
0
40
0
40
0
40
0.035322576586929541
40
0.073211563222602485
40
0.073211563222602485
40
0.073211563222602485
40
0.073211563222602485
10
165.86321115295186
20
228.59577409146328
30
0
10
165.96627073824945
20
228.65870610698317
30
0
10
166.17987784378272
20
228.78914254956879
30
0
10
166.27870054489509
20
229.01967838239904
30
0
10
166.32984399596944
20
229.13898698208828
30
0
0
SPLINE
5
785
100
AcDbEntity
8
0
100
AcDbSpline
70
0
71
3
72
9
73
5
74
0
42
0.000000001
43
0.0000000001
44
0.0000000001
40
0
40
0
40
0
40
0
40
0.043685338853972015
40
0.13464634571092104
40
0.13464634571092104
40
0.13464634571092104
40
0.13464634571092104
10
166.32984399596944
20
229.13898698208828
30
0
10
166.35075776424685
20
229.28325222456519
30
0
10
166.41521789085854
20
229.72790455466486
30
0
10
166.40820514706058
20
230.17781869198959
30
0
10
166.403467653196
20
230.48176041958828
30
0
0
LINE
5
786
100
AcDbEntity
8
0
100
AcDbLine
10
166.403467653196
20
230.48176041958828
30
0
11
166.403467653196
21
237.45197526333828
31
0
0
LINE
5
787
100
AcDbEntity
8
0
100
AcDbLine
10
166.403467653196
20
237.45197526333828
30
0
11
164.328272340696
21
237.45197526333828
31
0
0
SPLINE
5
788
100
AcDbEntity
8
0
100
AcDbSpline
70
0
71
3
72
9
73
5
74
0
42
0.000000001
43
0.0000000001
44
0.0000000001
40
0
40
0
40
0
40
0
40
0.078863587860152129
40
0.14738914314438878
40
0.14738914314438878
40
0.14738914314438878
40
0.14738914314438878
10
190.268213746946
20
238.23341599820156
30
0
10
190.44445348620769
20
238.43051999109412
30
0
10
190.77383013343604
20
238.79889010220654
30
0
10
191.19113826192529
20
239.06271413482801
30
0
10
191.385157106321
20
239.18537370083828
30
0
0
SPLINE
5
789
100
AcDbEntity
8
0
100
AcDbSpline
70
0
71
3
72
9
73
5
74
0
42
0.000000001
43
0.0000000001
44
0.0000000001
40
0
40
0
40
0
40
0
40
0.059086988572150209
40
0.10956314581930929
40
0.10956314581930929
40
0.10956314581930929
40
0.10956314581930929
10
191.385157106321
20
239.18537370083828
30
0
10
191.56320047220089
20
239.27421282182937
30
0
10
191.89334068969123
20
239.43894441169064
30
0
10
192.2599568303138
20
239.47427331993165
30
0
10
192.428858278196
20
239.49054948208828
30
0
0
SPLINE
5
790
100
AcDbEntity
8
0
100
AcDbSpline
70
0
71
3
72
9
73
5
74
0
42
0.000000001
43
0.0000000001
44
0.0000000001
40
0
40
0
40
0
40
0
40
0.04096466258949169
40
0.079747810013762563
40
0.079747810013762563
40
0.079747810013762563
40
0.079747810013762563
10
192.428858278196
20
239.49054948208828
30
0
10
192.56804422438927
20
239.48086106209342
30
0
10
192.83900396607777
20
239.46200016520706
30
0
10
193.05993833388146
20
239.3046306383165
30
0
10
193.167383668821
20
239.22809831021328
30
0
0
SPLINE
5
791
100
AcDbEntity
8
0
100
AcDbSpline
70
0
71
3
72
9
73
5
74
0
42
0.000000001
43
0.0000000001
44
0.0000000001
40
0
40
0
40
0
40
0
40
0.036776530681744961
40
0.07251012574194779
40
0.07251012574194779
40
0.07251012574194779
40
0.07251012574194779
10
193.167383668821
20
239.22809831021328
30
0
10
193.25460784838964
20
239.13671423491533
30
0
10
193.42658264076451
20
238.95653762043236
30
0
10
193.45329289718558
20
238.70914588251145
30
0
10
193.466455934446
20
238.58722916958828
30
0
0
SPLINE
5
792
100
AcDbEntity
8
0
100
AcDbSpline
70
0
71
3
72
9
73
5
74
0
42
0.000000001
43
0.0000000001
44
0.0000000001
40
0
40
0
40
0
40
0
40
0.036631264863583153
40
0.072688529237953103
40
0.072688529237953103
40
0.072688529237953103
40
0.072688529237953103
10
193.466455934446
20
238.58722916958828
30
0
10
193.45562382566675
20
238.46246681518494
30
0
10
193.43412934387254
20
238.21489709353818
30
0
10
193.27622831285439
20
238.02316065666926
30
0
10
193.197901246946
20
237.92804948208828
30
0
0
SPLINE
5
793
100
AcDbEntity
8
0
100
AcDbSpline
70
0
71
3
72
9
73
5
74
0
42
0.000000001
43
0.0000000001
44
0.0000000001
40
0
40
0
40
0
40
0
40
0.036565102052612694
40
0.074997869365677067
40
0.074997869365677067
40
0.074997869365677067
40
0.074997869365677067
10
193.197901246946
20
237.92804948208828
30
0
10
193.10063321389543
20
237.84973457313669
30
0
10
192.90112890988215
20
237.68910460135419
30
0
10
192.64537100668537
20
237.66952724126179
30
0
10
192.514307496946
20
237.65949479458828
30
0
0
SPLINE
5
794
100
AcDbEntity
8
0
100
AcDbSpline
70
0
71
3
72
9
73
5
74
0
42
0.000000001
43
0.0000000001
44
0.0000000001
40
0
40
0
40
0
40
0
40
0.020199317313687636
40
0.046840656133545322
40
0.046840656133545322
40
0.046840656133545322
40
0.046840656133545322
10
192.514307496946
20
237.65949479458828
30
0
10
192.44699439255049
20
237.66318323885997
30
0
10
192.29090050445993
20
237.67173645613531
30
0
10
192.13762059806115
20
237.70283957613614
30
0
10
192.050440309446
20
237.72052995083828
30
0
0
SPLINE
5
795
100
AcDbEntity
8
0
100
AcDbSpline
70
0
71
3
72
9
73
5
74
0
42
0.000000001
43
0.0000000001
44
0.0000000001
40
0
40
0
40
0
40
0
40
0.032079766909223387
40
0.05810752210968774
40
0.05810752210968774
40
0.05810752210968774
40
0.05810752210968774
10
192.050440309446
20
237.72052995083828
30
0
10
191.9461587141252
20
237.7453664158115
30
0
10
191.75726877851932
20
237.79035381991707
30
0
10
191.56350243931126
20
237.80114537347842
30
0
10
191.476709840696
20
237.80597916958828
30
0
0
SPLINE
5
796
100
AcDbEntity
8
0
100
AcDbSpline
70
0
71
3
72
9
73
5
74
0
42
0.000000001
43
0.0000000001
44
0.0000000001
40
0
40
0
40
0
40
0
40
0.031900068389635459
40
0.070428385956578757
40
0.070428385956578757
40
0.070428385956578757
40
0.070428385956578757
10
191.476709840696
20
237.80597916958828
30
0
10
191.36967044885819
20
237.79054006083908
30
0
10
191.13335084261678
20
237.75645387968939
30
0
10
190.944988881146
20
237.60809485634798
30
0
10
190.841944215696
20
237.52693406460781
30
0
0
SPLINE
5
797
100
AcDbEntity
8
0
100
AcDbSpline
70
0
71
3
72
9
73
5
74
0
42
0.000000001
43
0.0000000001
44
0.0000000001
40
0
40
0
40
0
40
0
40
0.11456208738462216
40
0.23149288683663932
40
0.23149288683663932
40
0.23149288683663932
40
0.23149288683663932
10
190.841944215696
20
237.52693406460781
30
0
10
191.06268149425179
20
237.2063990957646
30
0
10
191.50872006610311
20
236.55870170334109
30
0
10
191.56855603699231
20
235.7741925936742
30
0
10
191.598780153196
20
235.37792436001797
30
0
0
SPLINE
5
798
100
AcDbEntity
8
0
100
AcDbSpline
70
0
71
3
72
9
73
5
74
0
42
0.000000001
43
0.0000000001
44
0.0000000001
40
0
40
0
40
0
40
0
40
0.16115178954938436
40
0.33271769629506914
40
0.33271769629506914
40
0.33271769629506914
40
0.33271769629506914
10
191.598780153196
20
235.37792436001797
30
0
10
191.53263100756317
20
234.82908551836908
30
0
10
191.39605795796572
20
233.69594020523726
30
0
10
190.59416342490528
20
232.88027749413197
30
0
10
190.18066644469991
20
232.45968095181485
30
0
0
SPLINE
5
799
100
AcDbEntity
8
0
100
AcDbSpline
70
0
71
3
72
9
73
5
74
0
42
0.000000001
43
0.0000000001
44
0.0000000001
40
0
40
0
40
0
40
0
40
0.18520719257473892
40
0.38534081248490293
40
0.38534081248490293
40
0.38534081248490293
40
0.38534081248490293
10
190.18066644469991
20
232.45968095181485
30
0
10
189.66387019545334
20
232.10011935142415
30
0
10
188.58862746969666
20
231.35201795586403
30
0
10
187.27889738074867
20
231.2693331524176
30
0
10
186.59866571227803
20
231.22638932583828
30
0
0
SPLINE
5
800
100
AcDbEntity
8
0
100
AcDbSpline
70
0
71
3
72
9
73
5
74
0
42
0.000000001
43
0.0000000001
44
0.0000000001
40
0
40
0
40
0
40
0
40
0.12078435722193477
40
0.24733016267335672
40
0.24733016267335672
40
0.24733016267335672
40
0.24733016267335672
10
186.59866571227803
20
231.22638932583828
30
0
10
186.19428105450987
20
231.24937097626901
30
0
10
185.36622247566066
20
231.29643050839942
30
0
10
184.58828578622638
20
231.58484329818089
30
0
10
184.19025659362569
20
231.73240891812344
30
0
0
SPLINE
5
801
100
AcDbEntity
8
0
100
AcDbSpline
70
0
71
3
72
9
73
5
74
0
42
0.000000001
43
0.0000000001
44
0.0000000001
40
0
40
0
40
0
40
0
40
0.078488051236781209
40
0.11599103454498207
40
0.11599103454498207
40
0.11599103454498207
40
0.11599103454498207
10
184.19025659362569
20
231.73240891812344
30
0
10
183.97523179739565
20
231.58275343686665
30
0
10
183.65746433885215
20
231.36158991168327
30
0
10
183.36752172597329
20
231.10548878925056
30
0
10
183.27377557555928
20
231.02268449185391
30
0
0
SPLINE
5
802
100
AcDbEntity
8
0
100
AcDbSpline
70
0
71
3
72
9
73
5
74
0
42
0.000000001
43
0.0000000001
44
0.0000000001
40
0
40
0
40
0
40
0
40
0.024968946164448145
40
0.048009662879589424
40
0.048009662879589424
40
0.048009662879589424
40
0.048009662879589424
10
183.27377557555928
20
231.02268449185391
30
0
10
183.22389852790513
20
230.95398652647708
30
0
10
183.12799619275916
20
230.82189580320295
30
0
10
183.11089403973176
20
230.6598538564175
30
0
10
183.102686403196
20
230.58208695767422
30
0
0
SPLINE
5
803
100
AcDbEntity
8
0
100
AcDbSpline
70
0
71
3
72
9
73
5
74
0
42
0.000000001
43
0.0000000001
44
0.0000000001
40
0
40
0
40
0
40
0
40
0.033690657687790448
40
0.071743351914010739
40
0.071743351914010739
40
0.071743351914010739
40
0.071743351914010739
10
183.102686403196
20
230.58208695767422
30
0
10
183.1213565465836
20
230.46687505790965
30
0
10
183.16111411616734
20
230.22153440751066
30
0
10
183.36247626794454
20
230.07339009764732
30
0
10
183.46927881042257
20
229.99481431363125
30
0
0
SPLINE
5
804
100
AcDbEntity
8
0
100
AcDbSpline
70
0
71
3
72
9
73
5
74
0
42
0.000000001
43
0.0000000001
44
0.0000000001
40
0
40
0
40
0
40
0
40
0.074571863721568404
40
0.19119284736626613
40
0.19119284736626613
40
0.19119284736626613
40
0.19119284736626613
10
183.46927881042257
20
229.99481431363125
30
0
10
183.69685166422516
20
229.89235760852924
30
0
10
184.28031974092821
20
229.6296715470227
30
0
10
184.91530400921076
20
229.53719272213414
30
0
10
185.30262231628194
20
229.48078385708828
30
0
0
LINE
5
805
100
AcDbEntity
8
0
100
AcDbLine
10
185.30262231628194
20
229.48078385708828
30
0
11
188.83445977966085
21
228.95588151333828
31
0
0
SPLINE
5
806
100
AcDbEntity
8
0
100
AcDbSpline
70
0
71
3
72
9
73
5
74
0
42
0.000000001
43
0.0000000001
44
0.0000000001
40
0
40
0
40
0
40
0
40
0.12014712889724898
40
0.24392964755902347
40
0.24392964755902347
40
0.24392964755902347
40
0.24392964755902347
10
188.83445977966085
20
228.95588151333828
30
0
10
189.22895229237525
20
228.88363930712856
30
0
10
190.02987379981624
20
228.73696900329884
30
0
10
190.80164248756381
20
228.47729962360742
30
0
10
191.19327783386007
20
228.34552995083828
30
0
0
SPLINE
5
807
100
AcDbEntity
8
0
100
AcDbSpline
70
0
71
3
72
9
73
5
74
0
42
0.000000001
43
0.0000000001
44
0.0000000001
40
0
40
0
40
0
40
0
40
0.1133950630202173
40
0.20650641471709155
40
0.20650641471709155
40
0.20650641471709155
40
0.20650641471709155
10
191.19327783386007
20
228.34552995083828
30
0
10
191.54999232995124
20
228.2058335169308
30
0
10
192.19961348367181
20
227.95142905745405
30
0
10
192.68948916642563
20
227.45742900966107
30
0
10
192.91036844054952
20
227.23469010708828
30
0
0
SPLINE
5
808
100
AcDbEntity
8
0
100
AcDbSpline
70
0
71
3
72
9
73
5
74
0
42
0.000000001
43
0.0000000001
44
0.0000000001
40
0
40
0
40
0
40
0
40
0.085005939506135789
40
0.17449956177811127
40
0.17449956177811127
40
0.17449956177811127
40
0.17449956177811127
10
192.91036844054952
20
227.23469010708828
30
0
10
193.06540894493327
20
226.99174482704873
30
0
10
193.38367494175662
20
226.49302855911196
30
0
10
193.42225549745169
20
225.90204102906429
30
0
10
193.442041871946
20
225.59894791958828
30
0
0
SPLINE
5
809
100
AcDbEntity
8
0
100
AcDbSpline
70
0
71
3
72
9
73
5
74
0
42
0.000000001
43
0.0000000001
44
0.0000000001
40
0
40
0
40
0
40
0
40
0.14967293709573387
40
0.30836189036639422
40
0.30836189036639422
40
0.30836189036639422
40
0.30836189036639422
10
193.442041871946
20
225.59894791958828
30
0
10
193.37297075140825
20
225.08440814521063
30
0
10
193.23066779596394
20
224.02433368836802
30
0
10
192.38596068764807
20
223.36339570865329
30
0
10
191.95125818053975
20
223.02326432583828
30
0
0
SPLINE
5
810
100
AcDbEntity
8
0
100
AcDbSpline
70
0
71
3
72
9
73
5
74
0
42
0.000000001
43
0.0000000001
44
0.0000000001
40
0
40
0
40
0
40
0
40
0.2527283695076325
40
0.58103126931320825
40
0.58103126931320825
40
0.58103126931320825
40
0.58103126931320825
10
191.95125818053975
20
223.02326432583828
30
0
10
191.17913692424827
20
222.66520367384717
30
0
10
189.4040034302098
20
221.84200984118476
30
0
10
187.44026424835153
20
221.80900375667349
30
0
10
186.33068322936788
20
221.79035416958828
30
0
0
SPLINE
5
811
100
AcDbEntity
8
0
100
AcDbSpline
70
0
71
3
72
9
73
5
74
0
42
0.000000001
43
0.0000000001
44
0.0000000001
40
0
40
0
40
0
40
0
40
0.17747718322452677
40
0.32139812417898933
40
0.32139812417898933
40
0.32139812417898933
40
0.32139812417898933
10
186.33068322936788
20
221.79035416958828
30
0
10
185.73651770842361
20
221.79916236670917
30
0
10
184.66052765486427
20
221.8151133637929
30
0
10
183.61982590281698
20
222.08468155253451
30
0
10
183.15380334655538
20
222.20539323208828
30
0
0
SPLINE
5
812
100
AcDbEntity
8
0
100
AcDbSpline
70
0
71
3
72
9
73
5
74
0
42
0.000000001
43
0.0000000001
44
0.0000000001
40
0
40
0
40
0
40
0
40
0.11943458058598422
40
0.22460921600446837
40
0.22460921600446837
40
0.22460921600446837
40
0.22460921600446837
10
183.15380334655538
20
222.20539323208828
30
0
10
182.77769858588104
20
222.34900960974628
30
0
10
182.07039426065018
20
222.6190952234177
30
0
10
181.51831883817903
20
223.13547176623044
30
0
10
181.25980615417257
20
223.37726823208828
30
0
0
SPLINE
5
813
100
AcDbEntity
8
0
100
AcDbSpline
70
0
71
3
72
9
73
5
74
0
42
0.000000001
43
0.0000000001
44
0.0000000001
40
0
40
0
40
0
40
0
40
0.066799004273373583
40
0.12575680191130739
40
0.12575680191130739
40
0.12575680191130739
40
0.12575680191130739
10
181.25980615417257
20
223.37726823208828
30
0
10
181.11744837368298
20
223.55501332784365
30
0
10
180.84944349252808
20
223.88963889660405
30
0
10
180.79613549782761
20
224.3137082697657
30
0
10
180.771143434446
20
224.51252213833828
30
0
0
SPLINE
5
814
100
AcDbEntity
8
0
100
AcDbSpline
70
0
71
3
72
9
73
5
74
0
42
0.000000001
43
0.0000000001
44
0.0000000001
40
0
40
0
40
0
40
0
40
0.075783519532161017
40
0.15761084006405468
40
0.15761084006405468
40
0.15761084006405468
40
0.15761084006405468
10
180.771143434446
20
224.51252213833828
30
0
10
180.7947365112131
20
224.76753354426819
30
0
10
180.84380423295411
20
225.29789373554266
30
0
10
181.12153076764244
20
225.75319349636993
30
0
10
181.26571893493428
20
225.98957291958828
30
0
0
SPLINE
5
815
100
AcDbEntity
8
0
100
AcDbSpline
70
0
71
3
72
9
73
5
74
0
42
0.000000001
43
0.0000000001
44
0.0000000001
40
0
40
0
40
0
40
0
40
0.1197390132679086
40
0.30811774703447481
40
0.30811774703447481
40
0.30811774703447481
40
0.30811774703447481
10
181.26571893493428
20
225.98957291958828
30
0
10
181.53153543042447
20
226.28854146136257
30
0
10
182.21554624260463
20
227.05786059145734
30
0
10
183.04709443296886
20
227.66758033666306
30
0
10
183.55549096862569
20
228.04035416958828
30
0
0
SPLINE
5
816
100
AcDbEntity
8
0
100
AcDbSpline
70
0
71
3
72
9
73
5
74
0
42
0.000000001
43
0.0000000001
44
0.0000000001
40
0
40
0
40
0
40
0
40
0.10449729442180396
40
0.18050764498113028
40
0.18050764498113028
40
0.18050764498113028
40
0.18050764498113028
10
183.55549096862569
20
228.04035416958828
30
0
10
183.21595605913774
20
228.12842324572614
30
0
10
182.62944664528487
20
228.28055294073178
30
0
10
182.11232685741859
20
228.5937709088102
30
0
10
181.89457177917257
20
228.72566453335781
30
0
0
SPLINE
5
817
100
AcDbEntity
8
0
100
AcDbSpline
70
0
71
3
72
9
73
5
74
0
42
0.000000001
43
0.0000000001
44
0.0000000001
40
0
40
0
40
0
40
0
40
0.071670544256623919
40
0.13400851185923557
40
0.13400851185923557
40
0.13400851185923557
40
0.13400851185923557
10
181.89457177917257
20
228.72566453335781
30
0
10
181.70959646194052
20
228.89011468106514
30
0
10
181.36373237997972
20
229.19760110799081
30
0
10
181.29254129424061
20
229.65240493369831
30
0
10
181.259424684446
20
229.86397019742031
30
0
0
SPLINE
5
818
100
AcDbEntity
8
0
100
AcDbSpline
70
0
71
3
72
9
73
5
74
0
42
0.000000001
43
0.0000000001
44
0.0000000001
40
0
40
0
40
0
40
0
40
0.030894890261937587
40
0.060797871064399357
40
0.060797871064399357
40
0.060797871064399357
40
0.060797871064399357
10
181.259424684446
20
229.86397019742031
30
0
10
181.26393475622081
20
229.96751579263685
30
0
10
181.27281009968158
20
230.1712825545151
30
0
10
181.34163555857029
20
230.36322633714934
30
0
10
181.37548684875264
20
230.45763245938321
30
0
0
SPLINE
5
819
100
AcDbEntity
8
0
100
AcDbSpline
70
0
71
3
72
9
73
5
74
0
42
0.000000001
43
0.0000000001
44
0.0000000001
40
0
40
0
40
0
40
0
40
0.031488089612745171
40
0.067123063947217163
40
0.067123063947217163
40
0.067123063947217163
40
0.067123063947217163
10
181.37548684875264
20
230.45763245938321
30
0
10
181.42272272563449
20
230.5519176334889
30
0
10
181.52341529935165
20
230.75290504963914
30
0
10
181.67428592413503
20
230.91978464277173
30
0
10
181.75438165466085
20
231.00837937710781
30
0
0
SPLINE
5
820
100
AcDbEntity
8
0
100
AcDbSpline
70
0
71
3
72
9
73
5
74
0
42
0.000000001
43
0.0000000001
44
0.0000000001
40
0
40
0
40
0
40
0
40
0.049604358404271957
40
0.12281999544940797
40
0.12281999544940797
40
0.12281999544940797
40
0.12281999544940797
10
181.75438165466085
20
231.00837937710781
30
0
10
181.87630591300825
20
231.12029301095916
30
0
10
182.17818940343381
20
231.39739027504081
30
0
10
182.51374570123369
20
231.63297800705078
30
0
10
182.71377801696553
20
231.77341691372891
30
0
0
SPLINE
5
821
100
AcDbEntity
8
0
100
AcDbSpline
70
0
71
3
72
9
73
5
74
0
42
0.000000001
43
0.0000000001
44
0.0000000001
40
0
40
0
40
0
40
0
40
0.046054829581910456
40
0.077051260720344433
40
0.077051260720344433
40
0.077051260720344433
40
0.077051260720344433
10
182.71377801696553
20
231.77341691372891
30
0
10
182.8398696228534
20
231.86103141158927
30
0
10
183.05082507069915
20
232.00761337875332
30
0
10
183.25497389771914
20
232.16350777547882
30
0
10
183.33709955016866
20
232.2262214791586
30
0
0
SPLINE
5
822
100
AcDbEntity
8
0
100
AcDbSpline
70
0
71
3
72
9
73
5
74
0
42
0.000000001
43
0.0000000001
44
0.0000000001
40
0
40
0
40
0
40
0
40
0.10312102714870887
40
0.19670247326860979
40
0.19670247326860979
40
0.19670247326860979
40
0.19670247326860979
10
183.33709955016866
20
232.2262214791586
30
0
10
183.06212772122333
20
232.43686758753125
30
0
10
182.53762132007265
20
232.83867322937726
30
0
10
182.16824525397499
20
233.38583450971953
30
0
10
181.99251413146749
20
233.64614716885586
30
0
0
SPLINE
5
823
100
AcDbEntity
8
0
100
AcDbSpline
70
0
71
3
72
9
73
5
74
0
42
0.000000001
43
0.0000000001
44
0.0000000001
40
0
40
0
40
0
40
0
40
0.089131974763383096
40
0.17988760664195497
40
0.17988760664195497
40
0.17988760664195497
40
0.17988760664195497
10
181.99251413146749
20
233.64614716885586
30
0
10
181.86059062406656
20
233.91592667162871
30
0
10
181.59434044763822
20
234.46040006856279
30
0
10
181.55834604593821
20
235.06555742890501
30
0
10
181.540186403196
20
235.37086717007656
30
0
0
SPLINE
5
824
100
AcDbEntity
8
0
100
AcDbSpline
70
0
71
3
72
9
73
5
74
0
42
0.000000001
43
0.0000000001
44
0.0000000001
40
0
40
0
40
0
40
0
40
0.14810424616446041
40
0.30247853078839265
40
0.30247853078839265
40
0.30247853078839265
40
0.30247853078839265
10
181.540186403196
20
235.37086717007656
30
0
10
181.59411611243252
20
235.87443210480347
30
0
10
181.70425866160423
20
236.90288054944571
30
0
10
182.38881756245161
20
237.68001179243046
30
0
10
182.73819207946553
20
238.07663194058438
30
0
0
SPLINE
5
825
100
AcDbEntity
8
0
100
AcDbSpline
70
0
71
3
72
9
73
5
74
0
42
0.000000001
43
0.0000000001
44
0.0000000001
40
0
40
0
40
0
40
0
40
0.20106497623401615
40
0.42543875703643153
40
0.42543875703643153
40
0.42543875703643153
40
0.42543875703643153
10
182.73819207946553
20
238.07663194058438
30
0
10
183.28577498552528
20
238.48868924903434
30
0
10
184.4444202915945
20
239.36057232095581
30
0
10
185.89640999360392
20
239.44566966619823
30
0
10
186.66218042175069
20
239.49054948208828
30
0
0
SPLINE
5
826
100
AcDbEntity
8
0
100
AcDbSpline
70
0
71
3
72
9
73
5
74
0
42
0.000000001
43
0.0000000001
44
0.0000000001
40
0
40
0
40
0
40
0
40
0.1032159386394029
40
0.19450066830841456
40
0.19450066830841456
40
0.19450066830841456
40
0.19450066830841456
10
186.66218042175069
20
239.49054948208828
30
0
10
187.0076238818321
20
239.48218870507165
30
0
10
187.65857939058677
20
239.46643361202351
30
0
10
188.28660447279321
20
239.29591877269078
30
0
10
188.58135461608663
20
239.21589127896328
30
0
0
SPLINE
5
827
100
AcDbEntity
8
0
100
AcDbSpline
70
0
71
3
72
9
73
5
74
0
42
0.000000001
43
0.0000000001
44
0.0000000001
40
0
40
0
40
0
40
0
40
0.091519397512384762
40
0.1959965260993464
40
0.1959965260993464
40
0.1959965260993464
40
0.1959965260993464
10
188.58135461608663
20
239.21589127896328
30
0
10
188.86478747376688
20
239.09931035834322
30
0
10
189.47178289766299
20
238.8496424620057
30
0
10
189.99128827626521
20
238.44768294138757
30
0
10
190.268213746946
20
238.23341599820156
30
0
0
SPLINE
5
828
100
AcDbEntity
8
0
100
AcDbSpline
70
0
71
3
72
9
73
5
74
0
42
0.000000001
43
0.0000000001
44
0.0000000001
40
0
40
0
40
0
40
0
40
0.11280884714993558
40
0.22567472040366809
40
0.22567472040366809
40
0.22567472040366809
40
0.22567472040366809
10
186.551172731321
20
238.35529557583828
30
0
10
186.16678312834853
20
238.319218218797
30
0
10
185.39780960926288
20
238.24704526721661
30
0
10
184.81293156231902
20
237.74259955937333
30
0
10
184.52041864196553
20
237.49031297085781
30
0
0
SPLINE
5
829
100
AcDbEntity
8
0
100
AcDbSpline
70
0
71
3
72
9
73
5
74
0
42
0.000000001
43
0.0000000001
44
0.0000000001
40
0
40
0
40
0
40
0
40
0.11520346367528714
40
0.23458321793307391
40
0.23458321793307391
40
0.23458321793307391
40
0.23458321793307391
10
184.52041864196553
20
237.49031297085781
30
0
10
184.27783342848937
20
237.18105868826387
30
0
10
183.78386894005504
20
236.55133921233784
30
0
10
183.72074683691451
20
235.75269408528959
30
0
10
183.688623903196
20
235.34626237271328
30
0
0
SPLINE
5
830
100
AcDbEntity
8
0
100
AcDbSpline
70
0
71
3
72
9
73
5
74
0
42
0.000000001
43
0.0000000001
44
0.0000000001
40
0
40
0
40
0
40
0
40
0.081716535028405021
40
0.16000387520141257
40
0.16000387520141257
40
0.16000387520141257
40
0.16000387520141257
10
183.688623903196
20
235.34626237271328
30
0
10
183.70302418096452
20
235.07143098825938
30
0
10
183.73122043581236
20
234.53330138542796
30
0
10
183.95722458934989
20
234.04442127386332
30
0
10
184.06780481139913
20
233.80522004483242
30
0
0
SPLINE
5
831
100
AcDbEntity
8
0
100
AcDbSpline
70
0
71
3
72
9
73
5
74
0
42
0.000000001
43
0.0000000001
44
0.0000000001
40
0
40
0
40
0
40
0
40
0.07655662351920188
40
0.15339644647395187
40
0.15339644647395187
40
0.15339644647395187
40
0.15339644647395187
10
184.06780481139913
20
233.80522004483242
30
0
10
184.20715601444383
20
233.58785570297201
30
0
10
184.48637391064014
20
233.15232294174493
30
0
10
184.91659677774666
20
232.86494297654212
30
0
10
185.1321053485085
20
232.72098771451016
30
0
0
SPLINE
5
832
100
AcDbEntity
8
0
100
AcDbSpline
70
0
71
3
72
9
73
5
74
0
42
0.000000001
43
0.0000000001
44
0.0000000001
40
0
40
0
40
0
40
0
40
0.076354939398232319
40
0.15101919976618783
40
0.15101919976618783
40
0.15101919976618783
40
0.15101919976618783
10
185.1321053485085
20
232.72098771451016
30
0
10
185.36208405609887
20
232.60550193717435
30
0
10
185.81694919851509
20
232.37708751087678
30
0
10
186.32460200784163
20
232.34224724880522
30
0
10
186.575586793821
20
232.32502213833828
30
0
0
SPLINE
5
833
100
AcDbEntity
8
0
100
AcDbSpline
70
0
71
3
72
9
73
5
74
0
42
0.000000001
43
0.0000000001
44
0.0000000001
40
0
40
0
40
0
40
0
40
0.074835526107404196
40
0.15178781195997437
40
0.15178781195997437
40
0.15178781195997437
40
0.15178781195997437
10
186.575586793821
20
232.32502213833828
30
0
10
186.82713793288752
20
232.34268605727951
30
0
10
187.33735545898799
20
232.37851352781638
30
0
10
187.79377797329059
20
232.60976013313424
30
0
10
188.0251717547585
20
232.72699586270352
30
0
0
SPLINE
5
834
100
AcDbEntity
8
0
100
AcDbSpline
70
0
71
3
72
9
73
5
74
0
42
0.000000001
43
0.0000000001
44
0.0000000001
40
0
40
0
40
0
40
0
40
0.077264937509704951
40
0.15339854865863572
40
0.15339854865863572
40
0.15339854865863572
40
0.15339854865863572
10
188.0251717547585
20
232.72699586270352
30
0
10
188.24185655029009
20
232.87181584062398
30
0
10
188.67205340571061
20
233.1593353177087
30
0
10
188.95101845955278
20
233.59500159226641
30
0
10
189.08947229186788
20
233.81122819302578
30
0
0
SPLINE
5
835
100
AcDbEntity
8
0
100
AcDbSpline
70
0
71
3
72
9
73
5
74
0
42
0.000000001
43
0.0000000001
44
0.0000000001
40
0
40
0
40
0
40
0
40
0.077701668821423125
40
0.15925142358570277
40
0.15925142358570277
40
0.15925142358570277
40
0.15925142358570277
10
189.08947229186788
20
233.81122819302578
30
0
10
189.19826880698238
20
234.04903299938047
30
0
10
189.4212498597185
20
234.53641962211236
30
0
10
189.44856308105219
20
235.07200093362204
30
0
10
189.462549684446
20
235.34626237271328
30
0
0
SPLINE
5
836
100
AcDbEntity
8
0
100
AcDbSpline
70
0
71
3
72
9
73
5
74
0
42
0.000000001
43
0.0000000001
44
0.0000000001
40
0
40
0
40
0
40
0
40
0.12306144739144044
40
0.23688226989885691
40
0.23688226989885691
40
0.23688226989885691
40
0.23688226989885691
10
189.462549684446
20
235.34626237271328
30
0
10
189.43426546388255
20
235.76596266145572
30
0
10
189.37982087127122
20
236.57384814616222
30
0
10
188.88623242965178
20
237.21348704867452
30
0
10
188.64906549255147
20
237.52083054898281
30
0
0
SPLINE
5
837
100
AcDbEntity
8
0
100
AcDbSpline
70
0
71
3
72
9
73
5
74
0
42
0.000000001
43
0.0000000001
44
0.0000000001
40
0
40
0
40
0
40
0
40
0.11219842211201184
40
0.23071665164573019
40
0.23071665164573019
40
0.23071665164573019
40
0.23071665164573019
10
188.64906549255147
20
237.52083054898281
30
0
10
188.35270249348639
20
237.76416539622687
30
0
10
187.74328323848368
20
238.26454142761912
30
0
10
186.95573377127295
20
238.32449675948453
30
0
10
186.551172731321
20
238.35529557583828
30
0
0
SPLINE
5
838
100
AcDbEntity
8
0
100
AcDbSpline
70
0
71
3
72
9
73
5
74
0
42
0.000000001
43
0.0000000001
44
0.0000000001
40
0
40
0
40
0
40
0
40
0.13321858135428888
40
0.22558986299122705
40
0.22558986299122705
40
0.22558986299122705
40
0.22558986299122705
10
184.60682153503194
20
227.75959245083828
30
0
10
184.26792452526615
20
227.47005922325224
30
0
10
183.69404264464572
20
226.97976905142664
30
0
10
183.23591461964614
20
226.38116503063713
30
0
10
183.04832696716085
20
226.13605729458828
30
0
0
SPLINE
5
839
100
AcDbEntity
8
0
100
AcDbSpline
70
0
71
3
72
9
73
5
74
0
42
0.000000001
43
0.0000000001
44
0.0000000001
40
0
40
0
40
0
40
0
40
0.067523786647114351
40
0.12690318759864674
40
0.12690318759864674
40
0.12690318759864674
40
0.12690318759864674
10
183.04832696716085
20
226.13605729458828
30
0
10
182.93614921642347
20
225.93756869922044
30
0
10
182.72532404128026
20
225.56453222267038
30
0
10
182.68302531751246
20
225.13891787771854
30
0
10
182.663233278196
20
224.93976823208828
30
0
0
SPLINE
5
840
100
AcDbEntity
8
0
100
AcDbSpline
70
0
71
3
72
9
73
5
74
0
42
0.000000001
43
0.0000000001
44
0.0000000001
40
0
40
0
40
0
40
0
40
0.049019309461142274
40
0.10378876221721664
40
0.10378876221721664
40
0.10378876221721664
40
0.10378876221721664
10
182.663233278196
20
224.93976823208828
30
0
10
182.68254762174968
20
224.77450368280205
30
0
10
182.72344195160696
20
224.42458845149102
30
0
10
182.93604219792815
20
224.14255349225982
30
0
10
183.04823159972921
20
223.99372331021328
30
0
0
SPLINE
5
841
100
AcDbEntity
8
0
100
AcDbSpline
70
0
71
3
72
9
73
5
74
0
42
0.000000001
43
0.0000000001
44
0.0000000001
40
0
40
0
40
0
40
0
40
0.066706759768660306
40
0.15276525721200324
40
0.15276525721200324
40
0.15276525721200324
40
0.15276525721200324
10
183.04823159972921
20
223.99372331021328
30
0
10
183.21508192348045
20
223.84340298810227
30
0
10
183.59718611670118
20
223.49915417806983
30
0
10
184.08659611632794
20
223.33529756799106
30
0
10
184.36229944030538
20
223.24299088833828
30
0
0
SPLINE
5
842
100
AcDbEntity
8
0
100
AcDbSpline
70
0
71
3
72
9
73
5
74
0
42
0.000000001
43
0.0000000001
44
0.0000000001
40
0
40
0
40
0
40
0
40
0.10710127232815286
40
0.23596501738159556
40
0.23596501738159556
40
0.23596501738159556
40
0.23596501738159556
10
184.36229944030538
20
223.24299088833828
30
0
10
184.71011740988163
20
223.15773179850126
30
0
10
185.47642831779714
20
222.9698893744291
30
0
10
186.2659281645814
20
222.95703958517947
30
0
10
186.69708490173116
20
222.95002213833828
30
0
0
SPLINE
5
843
100
AcDbEntity
8
0
100
AcDbSpline
70
0
71
3
72
9
73
5
74
0
42
0.000000001
43
0.0000000001
44
0.0000000001
40
0
40
0
40
0
40
0
40
0.15474018037329601
40
0.28844351442393479
40
0.28844351442393479
40
0.28844351442393479
40
0.28844351442393479
10
186.69708490173116
20
222.95002213833828
30
0
10
187.2146295673804
20
222.96013283534256
30
0
10
188.17935897296277
20
222.97897968539897
30
0
10
189.11680075888972
20
223.20524699981252
30
0
10
189.55133676330342
20
223.31012956021328
30
0
0
SPLINE
5
844
100
AcDbEntity
8
0
100
AcDbSpline
70
0
71
3
72
9
73
5
74
0
42
0.000000001
43
0.0000000001
44
0.0000000001
40
0
40
0
40
0
40
0
40
0.11015098161487677
40
0.19545299084549733
40
0.19545299084549733
40
0.19545299084549733
40
0.19545299084549733
10
189.55133676330342
20
223.31012956021328
30
0
10
189.90524486141248
20
223.4235042461188
30
0
10
190.53322288980351
20
223.62467740973057
30
0
10
191.03668424732174
20
224.04730991827364
30
0
10
191.25641107360616
20
224.23176041958828
30
0
0
SPLINE
5
845
100
AcDbEntity
8
0
100
AcDbSpline
70
0
71
3
72
9
73
5
74
0
42
0.000000001
43
0.0000000001
44
0.0000000001
40
0
40
0
40
0
40
0
40
0.055709565976505511
40
0.11235475235460721
40
0.11235475235460721
40
0.11235475235460721
40
0.11235475235460721
10
191.25641107360616
20
224.23176041958828
30
0
10
191.36694770215459
20
224.38567429653517
30
0
10
191.58987737875469
20
224.69608697387679
30
0
10
191.62014261420512
20
225.07720979070103
30
0
10
191.635401246946
20
225.26935807583828
30
0
0
SPLINE
5
846
100
AcDbEntity
8
0
100
AcDbSpline
70
0
71
3
72
9
73
5
74
0
42
0.000000001
43
0.0000000001
44
0.0000000001
40
0
40
0
40
0
40
0
40
0.047939652235001226
40
0.093723752471984778
40
0.093723752471984778
40
0.093723752471984778
40
0.093723752471984778
10
191.635401246946
20
225.26935807583828
30
0
10
191.62365221272142
20
225.43221636955283
30
0
10
191.60068242624803
20
225.75061021883005
30
0
10
191.41462810827986
20
226.00956013181292
30
0
10
191.32374048034444
20
226.13605729458828
30
0
0
SPLINE
5
847
100
AcDbEntity
8
0
100
AcDbSpline
70
0
71
3
72
9
73
5
74
0
42
0.000000001
43
0.0000000001
44
0.0000000001
40
0
40
0
40
0
40
0
40
0.055804835916805462
40
0.13365238365200718
40
0.13365238365200718
40
0.13365238365200718
40
0.13365238365200718
10
191.32374048034444
20
226.13605729458828
30
0
10
191.17887926326409
20
226.25523720829648
30
0
10
190.83193716329308
20
226.54067267798024
30
0
10
190.40115742582327
20
226.67453976704965
30
0
10
190.15024423400655
20
226.75251237271328
30
0
0
SPLINE
5
848
100
AcDbEntity
8
0
100
AcDbSpline
70
0
71
3
72
9
73
5
74
0
42
0.000000001
43
0.0000000001
44
0.0000000001
40
0
40
0
40
0
40
0
40
0.08632452825758645
40
0.1653678400787762
40
0.1653678400787762
40
0.1653678400787762
40
0.1653678400787762
10
190.15024423400655
20
226.75251237271328
30
0
10
189.8738071084187
20
226.83314485052034
30
0
10
189.34424950412293
20
226.98760869717304
30
0
10
188.80200892258682
20
227.08870930472114
30
0
10
188.54282617370382
20
227.13703385708828
30
0
0
LINE
5
849
100
AcDbEntity
8
0
100
AcDbLine
10
188.54282617370382
20
227.13703385708828
30
0
11
184.60682153503194
21
227.75959245083828
31
0
0
LINE
5
850
100
AcDbEntity
8
0
100
AcDbLine
10
81.250063016061077
20
214.50296941472914
30
0
11
87.712587772850284
21
214.50296941472914
31
0
0
SPLINE
5
851
100
AcDbEntity
8
0
100
AcDbSpline
70
0
71
3
72
9
73
5
74
0
42
0.000000001
43
0.0000000001
44
0.0000000001
40
0
40
0
40
0
40
0
40
0.24882930709109122
40
0.40849010891895415
40
0.40849010891895415
40
0.40849010891895415
40
0.40849010891895415
10
87.712587772850284
20
214.50296941472914
30
0
10
88.545200916523498
20
214.50670217748927
30
0
10
89.912058533588365
20
214.51283005962785
30
0
10
91.248427362860582
20
214.23612212662766
30
0
10
91.770755111221561
20
214.12796917631056
30
0
0
SPLINE
5
852
100
AcDbEntity
8
0
100
AcDbSpline
70
0
71
3
72
9
73
5
74
0
42
0.000000001
43
0.0000000001
44
0.0000000001
40
0
40
0
40
0
40
0
40
0.1409803153254284
40
0.27912900381794326
40
0.27912900381794326
40
0.27912900381794326
40
0.27912900381794326
10
91.770755111221561
20
214.12796917631056
30
0
10
92.214166945892913
20
213.9550192704985
30
0
10
93.092084571535878
20
213.61259320336782
30
0
10
93.749921607172141
20
212.93827196592829
30
0
10
94.075503407959232
20
212.60453167631056
30
0
0
SPLINE
5
853
100
AcDbEntity
8
0
100
AcDbSpline
70
0
71
3
72
9
73
5
74
0
42
0.000000001
43
0.0000000001
44
0.0000000001
40
0
40
0
40
0
40
0
40
0.1401565038981484
40
0.29360615509022092
40
0.29360615509022092
40
0.29360615509022092
40
0.29360615509022092
10
94.075503407959232
20
212.60453167631056
30
0
10
94.340460639688189
20
212.20917770194239
30
0
10
94.895504978749443
20
211.38097239512177
30
0
10
94.953912502834541
20
210.38360534144917
30
0
10
94.984438477997074
20
209.8623436994734
30
0
0
SPLINE
5
854
100
AcDbEntity
8
0
100
AcDbSpline
70
0
71
3
72
9
73
5
74
0
42
0.000000001
43
0.0000000001
44
0.0000000001
40
0
40
0
40
0
40
0
40
0.13325774731366197
40
0.25742846424217425
40
0.25742846424217425
40
0.25742846424217425
40
0.25742846424217425
10
94.984438477997074
20
209.8623436994734
30
0
10
94.959888543876488
20
209.41235321104799
30
0
10
94.912462769650887
20
208.54305770895408
30
0
10
94.493975100931038
20
207.78079984239071
30
0
10
94.292117415909061
20
207.41312447263624
30
0
0
SPLINE
5
855
100
AcDbEntity
8
0
100
AcDbSpline
70
0
71
3
72
9
73
5
74
0
42
0.000000001
43
0.0000000001
44
0.0000000001
40
0
40
0
40
0
40
0
40
0.14066858143202221
40
0.27126195787122676
40
0.27126195787122676
40
0.27126195787122676
40
0.27126195787122676
10
94.292117415909061
20
207.41312447263624
30
0
10
94.007450872593253
20
207.03265450642897
30
0
10
93.458506658510899
20
206.2989652426721
30
0
10
92.655056599634548
20
205.86052884022149
30
0
10
92.268252431396732
20
205.64945283605482
30
0
0
SPLINE
5
856
100
AcDbEntity
8
0
100
AcDbSpline
70
0
71
3
72
9
73
5
74
0
42
0.000000001
43
0.0000000001
44
0.0000000001
40
0
40
0
40
0
40
0
40
0.15818002232579467
40
0.38018490169463642
40
0.38018490169463642
40
0.38018490169463642
40
0.38018490169463642
10
92.268252431396732
20
205.64945283605482
30
0
10
91.760574131790506
20
205.49840172556114
30
0
10
90.540371848402515
20
205.13535112821305
30
0
10
89.26442548688533
20
205.13069002415716
30
0
10
88.519350348953495
20
205.12796822263624
30
0
0
LINE
5
857
100
AcDbEntity
8
0
100
AcDbLine
10
88.519350348953495
20
205.12796822263624
30
0
11
85.527406989578495
21
205.12796822263624
31
0
0
LINE
5
858
100
AcDbEntity
8
0
100
AcDbLine
10
85.527406989578495
20
205.12796822263624
30
0
11
85.527406989578495
21
200.93265596105482
31
0
0
SPLINE
5
859
100
AcDbEntity
8
0
100
AcDbSpline
70
0
71
3
72
9
73
5
74
0
42
0.000000001
43
0.0000000001
44
0.0000000001
40
0
40
0
40
0
40
0
40
0.076510219839995286
40
0.11914511082746662
40
0.11914511082746662
40
0.11914511082746662
40
0.11914511082746662
10
85.527406989578495
20
200.93265596105482
30
0
10
85.52382556948082
20
200.67640033728847
30
0
10
85.518248423115921
20
200.27734770408921
30
0
10
85.602667201502442
20
199.88828404894505
30
0
10
85.632875620369205
20
199.74906149579908
30
0
0
SPLINE
5
860
100
AcDbEntity
8
0
100
AcDbSpline
70
0
71
3
72
9
73
5
74
0
42
0.000000001
43
0.0000000001
44
0.0000000001
40
0
40
0
40
0
40
0
40
0.033340945556703139
40
0.062131244611222256
40
0.062131244611222256
40
0.062131244611222256
40
0.062131244611222256
10
85.632875620369205
20
199.74906149579908
30
0
10
85.680717260194626
20
199.64632881314245
30
0
10
85.769870719311129
20
199.45488524940635
30
0
10
85.94051964192515
20
199.33158723313838
30
0
10
86.019594727997074
20
199.27445355131056
30
0
0
SPLINE
5
861
100
AcDbEntity
8
0
100
AcDbSpline
70
0
71
3
72
9
73
5
74
0
42
0.000000001
43
0.0000000001
44
0.0000000001
40
0
40
0
40
0
40
0
40
0.038555457526472089
40
0.10104870730847951
40
0.10104870730847951
40
0.10104870730847951
40
0.10104870730847951
10
86.019594727997074
20
199.27445355131056
30
0
10
86.142796233157256
20
199.2356560463077
30
0
10
86.46569093169245
20
199.13397296487523
30
0
10
86.80552140740437
20
199.13750380975353
30
0
10
87.015688477997074
20
199.1396874494734
30
0
0
LINE
5
862
100
AcDbEntity
8
0
100
AcDbLine
10
87.015688477997074
20
199.1396874494734
30
0
11
87.578188239578495
21
199.1396874494734
31
0
0
LINE
5
863
100
AcDbEntity
8
0
100
AcDbLine
10
87.578188239578495
20
199.1396874494734
30
0
11
87.578188239578495
21
198.15531197263624
31
0
0
LINE
5
864
100
AcDbEntity
8
0
100
AcDbLine
10
87.578188239578495
20
198.15531197263624
30
0
11
81.250063016061077
21
198.15531197263624
31
0
0
LINE
5
865
100
AcDbEntity
8
0
100
AcDbLine
10
81.250063016061077
20
198.15531197263624
30
0
11
81.250063016061077
21
199.1396874494734
31
0
0
LINE
5
866
100
AcDbEntity
8
0
100
AcDbLine
10
81.250063016061077
20
199.1396874494734
30
0
11
81.636781751159916
21
199.1396874494734
31
0
0
SPLINE
5
867
100
AcDbEntity
8
0
100
AcDbSpline
70
0
71
3
72
9
73
5
74
0
42
0.000000001
43
0.0000000001
44
0.0000000001
40
0
40
0
40
0
40
0
40
0.068052204770015987
40
0.11143363013715411
40
0.11143363013715411
40
0.11143363013715411
40
0.11143363013715411
10
81.636781751159916
20
199.1396874494734
30
0
10
81.86516561095317
20
199.13820862750268
30
0
10
82.239137955383498
20
199.13578709683986
30
0
10
82.598459530861859
20
199.23559719831601
30
0
10
82.73834442997385
20
199.27445355131056
30
0
0
SPLINE
5
868
100
AcDbEntity
8
0
100
AcDbSpline
70
0
71
3
72
9
73
5
74
0
42
0.000000001
43
0.0000000001
44
0.0000000001
40
0
40
0
40
0
40
0
40
0.030675409381278513
40
0.061072597194030201
40
0.061072597194030201
40
0.061072597194030201
40
0.061072597194030201
10
82.73834442997385
20
199.27445355131056
30
0
10
82.829305269317246
20
199.32550316113466
30
0
10
83.010401946222245
20
199.4271393681351
30
0
10
83.114344278718619
20
199.60687143408632
30
0
10
83.16607868576456
20
199.6963280744734
30
0
0
SPLINE
5
869
100
AcDbEntity
8
0
100
AcDbSpline
70
0
71
3
72
9
73
5
74
0
42
0.000000001
43
0.0000000001
44
0.0000000001
40
0
40
0
40
0
40
0
40
0.0426694228498221
40
0.10969755826702331
40
0.10969755826702331
40
0.10969755826702331
40
0.10969755826702331
10
83.16607868576456
20
199.6963280744734
30
0
10
83.204932215583781
20
199.83375919909807
30
0
10
83.304819607223038
20
200.18707681612509
30
0
10
83.302352163523494
20
200.5553113331251
30
0
10
83.300844489578495
20
200.7803124494734
30
0
0
LINE
5
870
100
AcDbEntity
8
0
100
AcDbLine
10
83.300844489578495
20
200.7803124494734
30
0
11
83.300844489578495
21
211.96000042631056
31
0
0
SPLINE
5
871
100
AcDbEntity
8
0
100
AcDbSpline
70
0
71
3
72
9
73
5
74
0
42
0.000000001
43
0.0000000001
44
0.0000000001
40
0
40
0
40
0
40
0
40
0.065161995261364819
40
0.10563703533882224
40
0.10563703533882224
40
0.10563703533882224
40
0.10563703533882224
10
83.300844489578495
20
211.96000042631056
30
0
10
83.302702537930244
20
212.17865479065722
30
0
10
83.30571470351245
20
212.53312519508287
30
0
10
83.213232351851133
20
212.87427201562076
30
0
10
83.17779755497385
20
213.00498309804823
30
0
0
SPLINE
5
872
100
AcDbEntity
8
0
100
AcDbSpline
70
0
71
3
72
9
73
5
74
0
42
0.000000001
43
0.0000000001
44
0.0000000001
40
0
40
0
40
0
40
0
40
0.028272581820363664
40
0.057592966523535877
40
0.057592966523535877
40
0.057592966523535877
40
0.057592966523535877
10
83.17779755497385
20
213.00498309804823
30
0
10
83.129102142931885
20
213.08799854744018
30
0
10
83.029906630707302
20
213.2571060604414
30
0
10
82.856117012517899
20
213.34823721236918
30
0
10
82.76764130497385
20
213.39463177396681
30
0
0
SPLINE
5
873
100
AcDbEntity
8
0
100
AcDbSpline
70
0
71
3
72
9
73
5
74
0
42
0.000000001
43
0.0000000001
44
0.0000000001
40
0
40
0
40
0
40
0
40
0.043629056459260789
40
0.11415617223811164
40
0.11415617223811164
40
0.11415617223811164
40
0.11415617223811164
10
82.76764130497385
20
213.39463177396681
30
0
10
82.626162901333885
20
213.4303231187117
30
0
10
82.255982239073248
20
213.52371013252235
30
0
10
81.873242911074797
20
213.5205477175486
30
0
10
81.636781751159916
20
213.51859393789198
30
0
0
LINE
5
874
100
AcDbEntity
8
0
100
AcDbLine
10
81.636781751159916
20
213.51859393789198
30
0
11
81.250063016061077
21
213.51859393789198
31
0
0
LINE
5
875
100
AcDbEntity
8
0
100
AcDbLine
10
81.250063016061077
20
213.51859393789198
30
0
11
81.250063016061077
21
214.50296941472914
31
0
0
LINE
5
876
100
AcDbEntity
8
0
100
AcDbLine
10
85.527406989578495
20
213.22562518789198
30
0
11
85.527406989578495
21
206.37015524579908
31
0
0
LINE
5
877
100
AcDbEntity
8
0
100
AcDbLine
10
85.527406989578495
20
206.37015524579908
30
0
11
88.051149903778324
21
206.37015524579908
31
0
0
SPLINE
5
878
100
AcDbEntity
8
0
100
AcDbSpline
70
0
71
3
72
9
73
5
74
0
42
0.000000001
43
0.0000000001
44
0.0000000001
40
0
40
0
40
0
40
0
40
0.16295203132825495
40
0.27148804938978005
40
0.27148804938978005
40
0.27148804938978005
40
0.27148804938978005
10
88.051149903778324
20
206.37015524579908
30
0
10
88.597921526102382
20
206.36869330342256
30
0
10
89.508876486261272
20
206.36625761801946
30
0
10
90.383716288562425
20
206.61182576381981
30
0
10
90.733461438659916
20
206.70999947263624
30
0
0
SPLINE
5
879
100
AcDbEntity
8
0
100
AcDbSpline
70
0
71
3
72
9
73
5
74
0
42
0.000000001
43
0.0000000001
44
0.0000000001
40
0
40
0
40
0
40
0
40
0.084237395446317156
40
0.17559819582479402
40
0.17559819582479402
40
0.17559819582479402
40
0.17559819582479402
10
90.733461438659916
20
206.70999947263624
30
0
10
90.981854628001443
20
206.84932182036547
30
0
10
91.49964599218643
20
207.13974809446506
30
0
10
91.833403383841755
20
207.63175292700865
30
0
10
92.00705176496912
20
207.88773480131056
30
0
0
SPLINE
5
880
100
AcDbEntity
8
0
100
AcDbSpline
70
0
71
3
72
9
73
5
74
0
42
0.000000001
43
0.0000000001
44
0.0000000001
40
0
40
0
40
0
40
0
40
0.098528807772986365
40
0.20460435303750235
40
0.20460435303750235
40
0.20460435303750235
40
0.20460435303750235
10
92.00705176496912
20
207.88773480131056
30
0
10
92.154209623254189
20
208.18544931732487
30
0
10
92.459796781663485
20
208.80368156143487
30
0
10
92.494033133083519
20
209.49316701997338
30
0
10
92.511782704834232
20
209.85062542631056
30
0
0
SPLINE
5
881
100
AcDbEntity
8
0
100
AcDbSpline
70
0
71
3
72
9
73
5
74
0
42
0.000000001
43
0.0000000001
44
0.0000000001
40
0
40
0
40
0
40
0
40
0.11388871638756608
40
0.21653219256586581
40
0.21653219256586581
40
0.21653219256586581
40
0.21653219256586581
10
92.511782704834232
20
209.85062542631056
30
0
10
92.492824596419126
20
210.23590586187345
30
0
10
92.456780281299658
20
210.9684245881472
30
0
10
92.095904862590316
20
211.60534453152846
30
0
10
91.924837886337528
20
211.90726581289198
30
0
0
SPLINE
5
882
100
AcDbEntity
8
0
100
AcDbSpline
70
0
71
3
72
9
73
5
74
0
42
0.000000001
43
0.0000000001
44
0.0000000001
40
0
40
0
40
0
40
0
40
0.097965757614581608
40
0.19789659305066026
40
0.19789659305066026
40
0.19789659305066026
40
0.19789659305066026
10
91.924837886337528
20
211.90726581289198
30
0
10
91.709943572502382
20
212.16091070157546
30
0
10
91.275844417762585
20
212.67328829694554
30
0
10
90.646320080797523
20
212.90792360307074
30
0
10
90.328432380203495
20
213.0264061994734
30
0
0
SPLINE
5
883
100
AcDbEntity
8
0
100
AcDbSpline
70
0
71
3
72
9
73
5
74
0
42
0.000000001
43
0.0000000001
44
0.0000000001
40
0
40
0
40
0
40
0
40
0.10494932543911042
40
0.2758181408276752
40
0.2758181408276752
40
0.2758181408276752
40
0.2758181408276752
10
90.328432380203495
20
213.0264061994734
30
0
10
89.982814433281703
20
213.08374651506711
30
0
10
89.074493211036696
20
213.23444304575332
30
0
10
88.152710194229641
20
213.22899823674879
30
0
10
87.581667362694034
20
213.22562518789198
30
0
0
LINE
5
884
100
AcDbEntity
8
0
100
AcDbLine
10
87.581667362694034
20
213.22562518789198
30
0
11
85.527406989578495
21
213.22562518789198
31
0
0
LINE
5
885
100
AcDbEntity
8
0
100
AcDbLine
10
107.19647413397242
20
214.50296822263624
30
0
11
108.04150587225367
21
214.50296822263624
31
0
0
LINE
5
886
100
AcDbEntity
8
0
100
AcDbLine
10
108.04150587225367
20
214.50296822263624
30
0
11
109.29303175115992
21
209.46390572263624
31
0
0
LINE
5
887
100
AcDbEntity
8
0
100
AcDbLine
10
109.29303175115992
20
209.46390572263624
30
0
11
108.20318943167139
21
209.13578096105482
31
0
0
SPLINE
5
888
100
AcDbEntity
8
0
100
AcDbSpline
70
0
71
3
72
9
73
5
74
0
42
0.000000001
43
0.0000000001
44
0.0000000001
40
0
40
0
40
0
40
0
40
0.22432430813729184
40
0.43538761456445141
40
0.43538761456445141
40
0.43538761456445141
40
0.43538761456445141
10
108.20318943167139
20
209.13578096105482
30
0
10
107.84074884945676
20
209.79856700749255
30
0
10
107.13729347352312
20
211.08495829571854
30
0
10
106.01064603273926
20
212.02157840649107
30
0
10
105.46447998190332
20
212.47562471105482
30
0
0
SPLINE
5
889
100
AcDbEntity
8
0
100
AcDbSpline
70
0
71
3
72
9
73
5
74
0
42
0.000000001
43
0.0000000001
44
0.0000000001
40
0
40
0
40
0
40
0
40
0.16664251239177241
40
0.33189050413799737
40
0.33189050413799737
40
0.33189050413799737
40
0.33189050413799737
10
105.46447998190332
20
212.47562471105482
30
0
10
104.98481305866864
20
212.77298670498541
30
0
10
104.02949322649752
20
213.36522226757157
30
0
10
102.90902086117511
20
213.45196638117483
30
0
10
102.35113865042139
20
213.4951561994734
30
0
0
SPLINE
5
890
100
AcDbEntity
8
0
100
AcDbSpline
70
0
71
3
72
9
73
5
74
0
42
0.000000001
43
0.0000000001
44
0.0000000001
40
0
40
0
40
0
40
0
40
0.098163642820765618
40
0.1896358167338133
40
0.1896358167338133
40
0.1896358167338133
40
0.1896358167338133
10
102.35113865042139
20
213.4951561994734
30
0
10
102.02178632318368
20
213.48208808310278
30
0
10
101.38553245388765
20
213.45684265770998
30
0
10
100.78940857379249
20
213.23409860749553
30
0
10
100.50186401510645
20
213.12665644361402
30
0
0
SPLINE
5
891
100
AcDbEntity
8
0
100
AcDbSpline
70
0
71
3
72
9
73
5
74
0
42
0.000000001
43
0.0000000001
44
0.0000000001
40
0
40
0
40
0
40
0
40
0.083217484444787146
40
0.15697042504740188
40
0.15697042504740188
40
0.15697042504740188
40
0.15697042504740188
10
100.50186401510645
20
213.12665644361402
30
0
10
100.25060957878672
20
213.00136783146525
30
0
10
99.776676535421103
20
212.76504001125048
30
0
10
99.433972481672598
20
212.36240456819462
30
0
10
99.272952138427982
20
212.17322531415846
30
0
0
SPLINE
5
892
100
AcDbEntity
8
0
100
AcDbSpline
70
0
71
3
72
9
73
5
74
0
42
0.000000001
43
0.0000000001
44
0.0000000001
40
0
40
0
40
0
40
0
40
0.066590912303834252
40
0.12771256156769842
40
0.12771256156769842
40
0.12771256156769842
40
0.12771256156769842
10
99.272952138427982
20
212.17322531415846
30
0
10
99.153548572552367
20
211.9819958984522
30
0
10
98.924548327162796
20
211.61524317376345
30
0
10
98.883154719032717
20
211.1855035025782
30
0
10
98.863344251159916
20
210.97983542158033
30
0
0
SPLINE
5
893
100
AcDbEntity
8
0
100
AcDbSpline
70
0
71
3
72
9
73
5
74
0
42
0.000000001
43
0.0000000001
44
0.0000000001
40
0
40
0
40
0
40
0
40
0.054683751677732394
40
0.11216961990169221
40
0.11216961990169221
40
0.11216961990169221
40
0.11216961990169221
10
98.863344251159916
20
210.97983542158033
30
0
10
98.877809634626516
20
210.79597519197233
30
0
10
98.907481639845599
20
210.41883332738874
30
0
10
99.087677460811818
20
210.08589066527475
30
0
10
99.180026113037357
20
209.91526070310499
30
0
0
SPLINE
5
894
100
AcDbEntity
8
0
100
AcDbSpline
70
0
71
3
72
9
73
5
74
0
42
0.000000001
43
0.0000000001
44
0.0000000001
40
0
40
0
40
0
40
0
40
0.062711955944618786
40
0.13310276165452276
40
0.13310276165452276
40
0.13310276165452276
40
0.13310276165452276
10
99.180026113037357
20
209.91526070310499
30
0
10
99.304876954949805
20
209.74548133428752
30
0
10
99.569866167981402
20
209.38513373356002
30
0
10
99.943893237911198
20
209.1388568761771
30
0
10
100.14169579649378
20
209.00861445142652
30
0
0
SPLINE
5
895
100
AcDbEntity
8
0
100
AcDbSpline
70
0
71
3
72
9
73
5
74
0
42
0.000000001
43
0.0000000001
44
0.0000000001
40
0
40
0
40
0
40
0
40
0.094054657551162435
40
0.22702034673002722
40
0.22702034673002722
40
0.22702034673002722
40
0.22702034673002722
10
100.14169579649378
20
209.00861445142652
30
0
10
100.42223660697557
20
208.86743087796884
30
0
10
101.09937980993557
20
208.52665515634641
30
0
10
101.82665929377777
20
208.31044757333089
30
0
10
102.25262647772242
20
208.18381491376783
30
0
0
LINE
5
896
100
AcDbEntity
8
0
100
AcDbLine
10
102.25262647772242
20
208.18381491376783
30
0
11
105.31048780584742
21
207.27890911771681
31
0
0
SPLINE
5
897
100
AcDbEntity
8
0
100
AcDbSpline
70
0
71
3
72
9
73
5
74
0
42
0.000000001
43
0.0000000001
44
0.0000000001
40
0
40
0
40
0
40
0
40
0.073039990617531636
40
0.1753275410293621
40
0.1753275410293621
40
0.1753275410293621
40
0.1753275410293621
10
105.31048780584742
20
207.27890911771681
30
0
10
105.54144691774596
20
207.20154420015658
30
0
10
106.09584859311767
20
207.01583496548804
30
0
10
106.6318852543809
20
206.782037670162
30
0
10
106.94461351538111
20
206.64563837720777
30
0
0
SPLINE
5
898
100
AcDbEntity
8
0
100
AcDbSpline
70
0
71
3
72
9
73
5
74
0
42
0.000000001
43
0.0000000001
44
0.0000000001
40
0
40
0
40
0
40
0
40
0.10682417692651208
40
0.19465114720815213
40
0.19465114720815213
40
0.19465114720815213
40
0.19465114720815213
10
106.94461351538111
20
206.64563837720777
30
0
10
107.26987935135381
20
206.49737424466497
30
0
10
107.86256698014084
20
206.22721271082855
30
0
10
108.3802319981454
20
205.8327472024792
30
0
10
108.61380344534327
20
205.65476360990431
30
0
0
SPLINE
5
899
100
AcDbEntity
8
0
100
AcDbSpline
70
0
71
3
72
9
73
5
74
0
42
0.000000001
43
0.0000000001
44
0.0000000001
40
0
40
0
40
0
40
0
40
0.078805344737018668
40
0.15944208962090645
40
0.15944208962090645
40
0.15944208962090645
40
0.15944208962090645
10
108.61380344534327
20
205.65476360990431
30
0
10
108.80282829510836
20
205.46962271691933
30
0
10
109.18527084564097
20
205.09503834132502
30
0
10
109.42811799704948
20
204.6178424232204
30
0
10
109.55093628073145
20
204.3765038557234
30
0
0
SPLINE
5
900
100
AcDbEntity
8
0
100
AcDbSpline
70
0
71
3
72
9
73
5
74
0
42
0.000000001
43
0.0000000001
44
0.0000000001
40
0
40
0
40
0
40
0
40
0.082738677393791885
40
0.16803192787917537
40
0.16803192787917537
40
0.16803192787917537
40
0.16803192787917537
10
109.55093628073145
20
204.3765038557234
30
0
10
109.65002434789281
20
204.11707630705189
30
0
10
109.85125984596216
20
203.5902113326365
30
0
10
109.87741401456411
20
203.02668623317601
30
0
10
109.89068990850855
20
202.74064007474806
30
0
0
SPLINE
5
901
100
AcDbEntity
8
0
100
AcDbSpline
70
0
71
3
72
9
73
5
74
0
42
0.000000001
43
0.0000000001
44
0.0000000001
40
0
40
0
40
0
40
0
40
0.18740665873633125
40
0.39080158737342174
40
0.39080158737342174
40
0.39080158737342174
40
0.39080158737342174
10
109.89068990850855
20
202.74064007474806
30
0
10
109.80870473699497
20
202.10294295660708
30
0
10
109.63773997307126
20
200.77314471083838
30
0
10
108.68267820653912
20
199.82665791284077
30
0
10
108.18561082983423
20
199.33405342771437
30
0
0
SPLINE
5
902
100
AcDbEntity
8
0
100
AcDbSpline
70
0
71
3
72
9
73
5
74
0
42
0.000000001
43
0.0000000001
44
0.0000000001
40
0
40
0
40
0
40
0
40
0.22412635605097481
40
0.47247725858242151
40
0.47247725858242151
40
0.47247725858242151
40
0.47247725858242151
10
108.18561082983423
20
199.33405342771437
30
0
10
107.55441766328211
20
198.90852639052426
30
0
10
106.22380924121558
20
198.01147951247415
30
0
10
104.6177192001462
20
197.92140688309999
30
0
10
103.77350097799707
20
197.87406149579908
30
0
0
SPLINE
5
903
100
AcDbEntity
8
0
100
AcDbSpline
70
0
71
3
72
9
73
5
74
0
42
0.000000001
43
0.0000000001
44
0.0000000001
40
0
40
0
40
0
40
0
40
0.13251497105173096
40
0.25384539949310875
40
0.25384539949310875
40
0.25384539949310875
40
0.25384539949310875
10
103.77350097799707
20
197.87406149579908
30
0
10
103.32974836582906
20
197.88773214703869
30
0
10
102.47969679642615
20
197.91391961776526
30
0
10
101.66622404591406
20
198.16050123922182
30
0
10
101.27740865850855
20
198.27835980131056
30
0
0
SPLINE
5
904
100
AcDbEntity
8
0
100
AcDbSpline
70
0
71
3
72
9
73
5
74
0
42
0.000000001
43
0.0000000001
44
0.0000000001
40
0
40
0
40
0
40
0
40
0.1275519169767359
40
0.27874855639443669
40
0.27874855639443669
40
0.27874855639443669
40
0.27874855639443669
10
101.27740865850855
20
198.27835980131056
30
0
10
100.8875653011483
20
198.4518941161551
30
0
10
100.03561202863145
20
198.83113137808223
30
0
10
99.298383344617221
20
199.40346480593419
30
0
10
98.898501454834232
20
199.71390548421766
30
0
0
LINE
5
905
100
AcDbEntity
8
0
100
AcDbLine
10
98.898501454834232
20
199.71390548421766
30
0
11
98.359438239578495
21
198.15531197263624
31
0
0
LINE
5
906
100
AcDbEntity
8
0
100
AcDbLine
10
98.359438239578495
20
198.15531197263624
30
0
11
97.537294684890995
21
198.15531197263624
31
0
0
LINE
5
907
100
AcDbEntity
8
0
100
AcDbLine
10
97.537294684890995
20
198.15531197263624
30
0
11
96.449282227997074
21
204.02640524579908
31
0
0
LINE
5
908
100
AcDbEntity
8
0
100
AcDbLine
10
96.449282227997074
20
204.02640524579908
30
0
11
97.539125739578495
21
204.24906197263624
31
0
0
SPLINE
5
909
100
AcDbEntity
8
0
100
AcDbSpline
70
0
71
3
72
9
73
5
74
0
42
0.000000001
43
0.0000000001
44
0.0000000001
40
0
40
0
40
0
40
0
40
0.16588398802670251
40
0.32024827450100368
40
0.32024827450100368
40
0.32024827450100368
40
0.32024827450100368
10
97.539125739578495
20
204.24906197263624
30
0
10
97.748366164775575
20
203.73397970491436
30
0
10
98.152316455109982
20
202.73958470979611
30
0
10
98.810002141238883
20
201.89199021754152
30
0
10
99.127016126159916
20
201.4834374494734
30
0
0
SPLINE
5
910
100
AcDbEntity
8
0
100
AcDbSpline
70
0
71
3
72
9
73
5
74
0
42
0.000000001
43
0.0000000001
44
0.0000000001
40
0
40
0
40
0
40
0
40
0.14432284752480595
40
0.27982985583260178
40
0.27982985583260178
40
0.27982985583260178
40
0.27982985583260178
10
99.127016126159916
20
201.4834374494734
30
0
10
99.459184107905884
20
201.1310159981862
30
0
10
100.10322987084859
20
200.44770046223783
30
0
10
100.92195696499596
20
199.98884154530975
30
0
10
101.31842380667139
20
199.76664009763624
30
0
0
SPLINE
5
911
100
AcDbEntity
8
0
100
AcDbSpline
70
0
71
3
72
9
73
5
74
0
42
0.000000001
43
0.0000000001
44
0.0000000001
40
0
40
0
40
0
40
0
40
0.12871782701574758
40
0.25276172935405389
40
0.25276172935405389
40
0.25276172935405389
40
0.25276172935405389
10
101.31842380667139
20
199.76664009763624
30
0
10
101.71655233833778
20
199.59746836655282
30
0
10
102.49835279676904
20
199.2652677670101
30
0
10
103.34586329454451
20
199.21247245300589
30
0
10
103.76178270483423
20
199.18656292631056
30
0
0
SPLINE
5
912
100
AcDbEntity
8
0
100
AcDbSpline
70
0
71
3
72
9
73
5
74
0
42
0.000000001
43
0.0000000001
44
0.0000000001
40
0
40
0
40
0
40
0
40
0.16024320922384719
40
0.31723301055529385
40
0.31723301055529385
40
0.31723301055529385
40
0.31723301055529385
10
103.76178270483423
20
199.18656292631056
30
0
10
104.30449280858997
20
199.22727422453872
30
0
10
105.37889440668022
20
199.30787026204374
30
0
10
106.27262454271499
20
199.9087396567592
30
0
10
106.71490675115992
20
200.20609322263624
30
0
0
SPLINE
5
913
100
AcDbEntity
8
0
100
AcDbSpline
70
0
71
3
72
9
73
5
74
0
42
0.000000001
43
0.0000000001
44
0.0000000001
40
0
40
0
40
0
40
0
40
0.12221540072288174
40
0.23377457707831009
40
0.23377457707831009
40
0.23377457707831009
40
0.23377457707831009
10
106.71490675115992
20
200.20609322263624
30
0
10
107.0223325938486
20
200.4943442808457
30
0
10
107.61037915698552
20
201.04571316583659
30
0
10
107.71816022655955
20
201.84181299042049
30
0
10
107.76959425115992
20
202.22171846105482
30
0
0
SPLINE
5
914
100
AcDbEntity
8
0
100
AcDbSpline
70
0
71
3
72
9
73
5
74
0
42
0.000000001
43
0.0000000001
44
0.0000000001
40
0
40
0
40
0
40
0
40
0.098824677317710011
40
0.19521540315576918
40
0.19521540315576918
40
0.19521540315576918
40
0.19521540315576918
10
107.76959425115992
20
202.22171846105482
30
0
10
107.73946880164402
20
202.55962049989921
30
0
10
107.67995986185169
20
203.22710239339531
30
0
10
107.23003372387979
20
203.7229692894233
30
0
10
107.00787550115992
20
203.96781149579908
30
0
0
SPLINE
5
915
100
AcDbEntity
8
0
100
AcDbSpline
70
0
71
3
72
9
73
5
74
0
42
0.000000001
43
0.0000000001
44
0.0000000001
40
0
40
0
40
0
40
0
40
0.12621469391149043
40
0.30563034243158305
40
0.30563034243158305
40
0.30563034243158305
40
0.30563034243158305
10
107.00787550115992
20
203.96781149579908
30
0
10
106.65600253117199
20
204.20222424770785
30
0
10
105.80393806088738
20
204.76985744013504
30
0
10
104.8199098103327
20
205.0619619408248
30
0
10
104.24225097799707
20
205.2334374494734
30
0
0
LINE
5
916
100
AcDbEntity
8
0
100
AcDbLine
10
104.24225097799707
20
205.2334374494734
30
0
11
101.31256347799707
21
206.07718768789198
31
0
0
SPLINE
5
917
100
AcDbEntity
8
0
100
AcDbSpline
70
0
71
3
72
9
73
5
74
0
42
0.000000001
43
0.0000000001
44
0.0000000001
40
0
40
0
40
0
40
0
40
0.22502206610968345
40
0.39553395314271822
40
0.39553395314271822
40
0.39553395314271822
40
0.39553395314271822
10
101.31256347799707
20
206.07718768789198
30
0
10
100.58601441721876
20
206.29905630067501
30
0
10
99.308918232253077
20
206.6890472513829
30
0
10
98.285152230485707
20
207.53893347072488
30
0
10
97.843813954834232
20
207.90531340314772
30
0
0
SPLINE
5
918
100
AcDbEntity
8
0
100
AcDbSpline
70
0
71
3
72
9
73
5
74
0
42
0.000000001
43
0.0000000001
44
0.0000000001
40
0
40
0
40
0
40
0
40
0.14142466008362123
40
0.2796773169008745
40
0.2796773169008745
40
0.2796773169008745
40
0.2796773169008745
10
97.843813954834232
20
207.90531340314772
30
0
10
97.549879510979537
20
208.28729506038121
30
0
10
96.968603257224203
20
209.04269093644163
30
0
10
96.879866103438559
20
209.99114898815094
30
0
10
96.836000739578495
20
210.45999947263624
30
0
0
SPLINE
5
919
100
AcDbEntity
8
0
100
AcDbSpline
70
0
71
3
72
9
73
5
74
0
42
0.000000001
43
0.0000000001
44
0.0000000001
40
0
40
0
40
0
40
0
40
0.10948811258401113
40
0.22072535425635462
40
0.22072535425635462
40
0.22072535425635462
40
0.22072535425635462
10
96.836000739578495
20
210.45999947263624
30
0
10
96.864201184640962
20
210.82915997180746
30
0
10
96.921052591425635
20
211.57337849959052
30
0
10
97.300848607672506
20
212.21614670146732
30
0
10
97.492251454834232
20
212.54007759763624
30
0
0
SPLINE
5
920
100
AcDbEntity
8
0
100
AcDbSpline
70
0
71
3
72
9
73
5
74
0
42
0.000000001
43
0.0000000001
44
0.0000000001
40
0
40
0
40
0
40
0
40
0.12092060438515273
40
0.25957195791417909
40
0.25957195791417909
40
0.25957195791417909
40
0.25957195791417909
10
97.492251454834232
20
212.54007759763624
30
0
10
97.754050964535125
20
212.85178401481733
30
0
10
98.316037994450923
20
213.52090277595414
30
0
10
99.092907620718734
20
213.92424217025172
30
0
10
99.507875501159916
20
214.1396874494734
30
0
0
SPLINE
5
921
100
AcDbEntity
8
0
100
AcDbSpline
70
0
71
3
72
9
73
5
74
0
42
0.000000001
43
0.0000000001
44
0.0000000001
40
0
40
0
40
0
40
0
40
0.15036495392168342
40
0.30647221904956912
40
0.30647221904956912
40
0.30647221904956912
40
0.30647221904956912
10
99.507875501159916
20
214.1396874494734
30
0
10
99.976614678796963
20
214.32765722133965
30
0
10
100.93199378928249
20
214.71077517266818
30
0
10
101.96053306734429
20
214.75943362252323
30
0
10
102.48443847799707
20
214.7842186994734
30
0
0
SPLINE
5
922
100
AcDbEntity
8
0
100
AcDbSpline
70
0
71
3
72
9
73
5
74
0
42
0.000000001
43
0.0000000001
44
0.0000000001
40
0
40
0
40
0
40
0
40
0.13352301151107424
40
0.26544243986061633
40
0.26544243986061633
40
0.26544243986061633
40
0.26544243986061633
10
102.48443847799707
20
214.7842186994734
30
0
10
102.93141403161185
20
214.76516371879484
30
0
10
103.81999705686601
20
214.72728260373029
30
0
10
104.66570364398841
20
214.45218603241898
30
0
10
105.08600240850855
20
214.3154686994734
30
0
0
SPLINE
5
923
100
AcDbEntity
8
0
100
AcDbSpline
70
0
71
3
72
9
73
5
74
0
42
0.000000001
43
0.0000000001
44
0.0000000001
40
0
40
0
40
0
40
0
40
0.093309420724108139
40
0.18758525730102629
40
0.18758525730102629
40
0.18758525730102629
40
0.18758525730102629
10
105.08600240850855
20
214.3154686994734
30
0
10
105.37373854009552
20
214.19385651632825
30
0
10
105.95219091778344
20
213.94937259938629
30
0
10
106.4519976439509
20
213.56908972276344
30
0
10
106.70318847799707
20
213.3779686994734
30
0
0
LINE
5
924
100
AcDbEntity
8
0
100
AcDbLine
10
106.70318847799707
20
213.3779686994734
30
0
11
107.19647413397242
21
214.50296822263624
31
0
0
LINE
5
925
100
AcDbEntity
8
0
100
AcDbLine
10
121.17584234381128
20
215.10062518789198
30
0
11
121.94928175115992
21
215.10062518789198
31
0
0
LINE
5
926
100
AcDbEntity
8
0
100
AcDbLine
10
121.94928175115992
20
215.10062518789198
30
0
11
122.0899057974856
21
214.50296941472914
31
0
0
LINE
5
927
100
AcDbEntity
8
0
100
AcDbLine
10
122.0899057974856
20
214.50296941472914
30
0
11
132.33209615850856
21
214.50296941472914
31
0
0
LINE
5
928
100
AcDbEntity
8
0
100
AcDbLine
10
132.33209615850856
20
214.50296941472914
30
0
11
132.33209615850856
21
213.50687566472914
31
0
0
SPLINE
5
929
100
AcDbEntity
8
0
100
AcDbSpline
70
0
71
3
72
9
73
5
74
0
42
0.000000001
43
0.0000000001
44
0.0000000001
40
0
40
0
40
0
40
0
40
0.28675852085286646
40
0.58804084271014123
40
0.58804084271014123
40
0.58804084271014123
40
0.58804084271014123
10
132.33209615850856
20
213.50687566472914
30
0
10
131.72738083412435
20
212.76452737513623
30
0
10
130.48732244669435
20
211.2422321962577
30
0
10
129.50262288252725
20
209.54332436041051
30
0
10
128.99811273718288
20
208.67289009763624
30
0
0
SPLINE
5
930
100
AcDbEntity
8
0
100
AcDbSpline
70
0
71
3
72
9
73
5
74
0
42
0.000000001
43
0.0000000001
44
0.0000000001
40
0
40
0
40
0
40
0
40
0.30418687011651452
40
0.59996319135604126
40
0.59996319135604126
40
0.59996319135604126
40
0.59996319135604126
10
128.99811273718288
20
208.67289009763624
30
0
10
128.53012231625081
20
207.77119873590021
30
0
10
127.6070810740074
20
205.9927471321275
30
0
10
126.98857341607794
20
204.08700988589956
30
0
10
126.68365484381128
20
203.14749899579908
30
0
0
SPLINE
5
931
100
AcDbEntity
8
0
100
AcDbSpline
70
0
71
3
72
9
73
5
74
0
42
0.000000001
43
0.0000000001
44
0.0000000001
40
0
40
0
40
0
40
0
40
0.23257528150990409
40
0.50899754077596193
40
0.50899754077596193
40
0.50899754077596193
40
0.50899754077596193
10
126.68365484381128
20
203.14749899579908
30
0
10
126.48931000068299
20
202.39630655190749
30
0
10
126.06398084888068
20
200.75230077404484
30
0
10
125.83523036654405
20
199.06930155086641
30
0
10
125.71100240850855
20
198.15531197263624
30
0
0
LINE
5
932
100
AcDbEntity
8
0
100
AcDbLine
10
125.71100240850855
20
198.15531197263624
30
0
11
123.30865865850855
21
198.15531197263624
31
0
0
SPLINE
5
933
100
AcDbEntity
8
0
100
AcDbSpline
70
0
71
3
72
9
73
5
74
0
42
0.000000001
43
0.0000000001
44
0.0000000001
40
0
40
0
40
0
40
0
40
0.25706086902100367
40
0.5027855323762066
40
0.5027855323762066
40
0.5027855323762066
40
0.5027855323762066
10
123.30865865850855
20
198.15531197263624
30
0
10
123.44150814860269
20
199.00329368662074
30
0
10
123.70134855860857
20
200.6618617103527
30
0
10
124.21292947232131
20
202.26065711846385
30
0
10
124.4629526724856
20
203.04203096105482
30
0
0
SPLINE
5
934
100
AcDbEntity
8
0
100
AcDbSpline
70
0
71
3
72
9
73
5
74
0
42
0.000000001
43
0.0000000001
44
0.0000000001
40
0
40
0
40
0
40
0
40
0.2523389458060693
40
0.52954092656881002
40
0.52954092656881002
40
0.52954092656881002
40
0.52954092656881002
10
124.4629526724856
20
203.04203096105482
30
0
10
124.77125173307468
20
203.82607965824974
30
0
10
125.41822665675568
20
205.47142961507629
30
0
10
126.3142299049556
20
206.99593947954378
30
0
10
126.78326612615992
20
207.79398384763624
30
0
0
SPLINE
5
935
100
AcDbEntity
8
0
100
AcDbSpline
70
0
71
3
72
9
73
5
74
0
42
0.000000001
43
0.0000000001
44
0.0000000001
40
0
40
0
40
0
40
0
40
0.29931197771859841
40
0.61778976627091775
40
0.61778976627091775
40
0.61778976627091775
40
0.61778976627091775
10
126.78326612615992
20
207.79398384763624
30
0
10
127.32680944788682
20
208.63192680062096
30
0
10
128.44870074086901
20
210.36146861521374
30
0
10
129.78166056776666
20
211.93432831046994
30
0
10
130.4688168158572
20
212.74515572263624
30
0
0
LINE
5
936
100
AcDbEntity
8
0
100
AcDbLine
10
130.4688168158572
20
212.74515572263624
30
0
11
123.16802984381128
21
212.74515572263624
31
0
0
SPLINE
5
937
100
AcDbEntity
8
0
100
AcDbSpline
70
0
71
3
72
9
73
5
74
0
42
0.000000001
43
0.0000000001
44
0.0000000001
40
0
40
0
40
0
40
0
40
0.067120893552691865
40
0.1094646559202718
40
0.1094646559202718
40
0.1094646559202718
40
0.1094646559202718
10
123.16802984381128
20
212.74515572263624
30
0
10
122.94370212376589
20
212.74619043491998
30
0
10
122.5778554344802
20
212.74787790387518
30
0
10
122.21756108787815
20
212.68676534569406
30
0
10
122.07818990850855
20
212.66312542631056
30
0
0
SPLINE
5
938
100
AcDbEntity
8
0
100
AcDbSpline
70
0
71
3
72
9
73
5
74
0
42
0.000000001
43
0.0000000001
44
0.0000000001
40
0
40
0
40
0
40
0
40
0.02812672053547316
40
0.05297391674966842
40
0.05297391674966842
40
0.05297391674966842
40
0.05297391674966842
10
122.07818990850855
20
212.66312542631056
30
0
10
121.98786416519582
20
212.63389639071849
30
0
10
121.81774449551853
20
212.57884637178105
30
0
10
121.68392382749033
20
212.46071957336488
30
0
10
121.6211557974856
20
212.40531268789198
30
0
0
SPLINE
5
939
100
AcDbEntity
8
0
100
AcDbSpline
70
0
71
3
72
9
73
5
74
0
42
0.000000001
43
0.0000000001
44
0.0000000001
40
0
40
0
40
0
40
0
40
0.028694561501935618
40
0.068625323072685485
40
0.068625323072685485
40
0.068625323072685485
40
0.068625323072685485
10
121.6211557974856
20
212.40531268789198
30
0
10
121.56621284383723
20
212.32623838499768
30
0
10
121.43481240600747
20
212.1371259086666
30
0
10
121.37481700546844
20
211.91403073530981
30
0
10
121.33990770483423
20
211.78421917631056
30
0
0
LINE
5
940
100
AcDbEntity
8
0
100
AcDbLine
10
121.33990770483423
20
211.78421917631056
30
0
11
121.28131395483423
21
211.5615624494734
31
0
0
LINE
5
941
100
AcDbEntity
8
0
100
AcDbLine
10
121.28131395483423
20
211.5615624494734
30
0
11
120.88287836218286
21
210.17875018789198
31
0
0
LINE
5
942
100
AcDbEntity
8
0
100
AcDbLine
10
120.88287836218286
20
210.17875018789198
30
0
11
119.88678222799707
21
210.3896874494734
31
0
0
LINE
5
943
100
AcDbEntity
8
0
100
AcDbLine
10
119.88678222799707
20
210.3896874494734
30
0
11
121.17584234381128
21
215.10062518789198
31
0
0
SPLINE
5
944
100
AcDbEntity
8
0
100
AcDbSpline
70
0
71
3
72
9
73
5
74
0
42
0.000000001
43
0.0000000001
44
0.0000000001
40
0
40
0
40
0
40
0
40
0.17060079452276219
40
0.33225486450097397
40
0.33225486450097397
40
0.33225486450097397
40
0.33225486450097397
10
140.93365675115993
20
214.7842186994734
30
0
10
141.50976770295321
20
214.75018831285871
30
0
10
142.63177693369019
20
214.68391217665902
30
0
10
143.61004189555419
20
214.1325525910753
30
0
10
144.08600336218288
20
213.86429610921766
30
0
0
SPLINE
5
945
100
AcDbEntity
8
0
100
AcDbSpline
70
0
71
3
72
9
73
5
74
0
42
0.000000001
43
0.0000000001
44
0.0000000001
40
0
40
0
40
0
40
0
40
0.1699979602513941
40
0.36627976814500662
40
0.36627976814500662
40
0.36627976814500662
40
0.36627976814500662
10
144.08600336218288
20
213.86429610921766
30
0
10
144.52276459763374
20
213.49314177491982
30
0
10
145.46381591271484
20
212.69344792381963
30
0
10
145.99354025754519
20
211.57498582552216
30
0
10
146.27740865850856
20
210.9756249494734
30
0
0
SPLINE
5
946
100
AcDbEntity
8
0
100
AcDbSpline
70
0
71
3
72
9
73
5
74
0
42
0.000000001
43
0.0000000001
44
0.0000000001
40
0
40
0
40
0
40
0
40
0.22668755718853706
40
0.48682154438444497
40
0.48682154438444497
40
0.48682154438444497
40
0.48682154438444497
10
146.27740865850856
20
210.9756249494734
30
0
10
146.52319100758544
20
210.25645343041475
30
0
10
147.0510194611804
20
208.71200081939537
30
0
10
147.09673143016968
20
207.07879825418956
30
0
10
147.12115770483425
20
206.20609346105482
30
0
0
SPLINE
5
947
100
AcDbEntity
8
0
100
AcDbSpline
70
0
71
3
72
9
73
5
74
0
42
0.000000001
43
0.0000000001
44
0.0000000001
40
0
40
0
40
0
40
0
40
0.37247502710267816
40
0.69004359920401848
40
0.69004359920401848
40
0.69004359920401848
40
0.69004359920401848
10
147.12115770483425
20
206.20609346105482
30
0
10
147.06580571142143
20
204.93690440650366
30
0
10
146.96326114875691
20
202.58561715354267
30
0
10
145.65090581650739
20
200.6430571774398
30
0
10
145.04693990850856
20
199.74906149579908
30
0
0
SPLINE
5
948
100
AcDbEntity
8
0
100
AcDbSpline
70
0
71
3
72
9
73
5
74
0
42
0.000000001
43
0.0000000001
44
0.0000000001
40
0
40
0
40
0
40
0
40
0.23719695624625717
40
0.47736244328872229
40
0.47736244328872229
40
0.47736244328872229
40
0.47736244328872229
10
145.04693990850856
20
199.74906149579908
30
0
10
144.44468801892199
20
199.20219250081692
30
0
10
143.23264702970368
20
198.10161042027579
30
0
10
141.6018074055944
20
197.95022493970532
30
0
10
140.7813168158572
20
197.87406149579908
30
0
0
SPLINE
5
949
100
AcDbEntity
8
0
100
AcDbSpline
70
0
71
3
72
9
73
5
74
0
42
0.000000001
43
0.0000000001
44
0.0000000001
40
0
40
0
40
0
40
0
40
0.16628771488191529
40
0.32699899564111073
40
0.32699899564111073
40
0.32699899564111073
40
0.32699899564111073
10
140.7813168158572
20
197.87406149579908
30
0
10
140.21985997386327
20
197.91016216171383
30
0
10
139.11577466270111
20
197.98115286300813
30
0
10
138.15819084781137
20
198.53399593393982
30
0
10
137.68756395483425
20
198.80570355131056
30
0
0
SPLINE
5
950
100
AcDbEntity
8
0
100
AcDbSpline
70
0
71
3
72
9
73
5
74
0
42
0.000000001
43
0.0000000001
44
0.0000000001
40
0
40
0
40
0
40
0
40
0.16856824835808584
40
0.35781695758901011
40
0.35781695758901011
40
0.35781695758901011
40
0.35781695758901011
10
137.68756395483425
20
198.80570355131056
30
0
10
137.25282710177117
20
199.17130107280866
30
0
10
136.33001856795764
20
199.94734872186913
30
0
10
135.79228537842826
20
201.02870020432346
30
0
10
135.5078793158572
20
201.6006249494734
30
0
0
SPLINE
5
951
100
AcDbEntity
8
0
100
AcDbSpline
70
0
71
3
72
9
73
5
74
0
42
0.000000001
43
0.0000000001
44
0.0000000001
40
0
40
0
40
0
40
0
40
0.2205362887155812
40
0.48327509089018306
40
0.48327509089018306
40
0.48327509089018306
40
0.48327509089018306
10
135.5078793158572
20
201.6006249494734
30
0
10
135.26568813114096
20
202.29937461319207
30
0
10
134.73495929967191
20
203.83058886010735
30
0
10
134.69666522910018
20
205.45297114887549
30
0
10
134.67584615850856
20
206.33500042631056
30
0
0
SPLINE
5
952
100
AcDbEntity
8
0
100
AcDbSpline
70
0
71
3
72
9
73
5
74
0
42
0.000000001
43
0.0000000001
44
0.0000000001
40
0
40
0
40
0
40
0
40
0.26358045603842795
40
0.48177766858226745
40
0.48177766858226745
40
0.48177766858226745
40
0.48177766858226745
10
134.67584615850856
20
206.33500042631056
30
0
10
134.69500079509771
20
207.21986830823337
30
0
10
134.73001202581327
20
208.83724765252714
30
0
10
135.2533007507129
20
210.36550648356967
30
0
10
135.49029832983425
20
211.05765524579908
30
0
0
SPLINE
5
953
100
AcDbEntity
8
0
100
AcDbSpline
70
0
71
3
72
9
73
5
74
0
42
0.000000001
43
0.0000000001
44
0.0000000001
40
0
40
0
40
0
40
0
40
0.18743432008495445
40
0.35918283637945914
40
0.35918283637945914
40
0.35918283637945914
40
0.35918283637945914
10
135.49029832983425
20
211.05765524579908
30
0
10
135.77536822416255
20
211.62272359188253
30
0
10
136.32165138705835
20
212.70557144601358
30
0
10
137.26156641187464
20
213.46964588691787
30
0
10
137.71100050115993
20
213.83499923421766
30
0
0
SPLINE
5
954
100
AcDbEntity
8
0
100
AcDbSpline
70
0
71
3
72
9
73
5
74
0
42
0.000000001
43
0.0000000001
44
0.0000000001
40
0
40
0
40
0
40
0
40
0.16683124428511639
40
0.33985304861654297
40
0.33985304861654297
40
0.33985304861654297
40
0.33985304861654297
10
137.71100050115993
20
213.83499923421766
30
0
10
138.20216861019918
20
214.11182898788979
30
0
10
139.20273046511727
20
214.67576073902183
30
0
10
140.34971704841496
20
214.74762967214329
30
0
10
140.93365675115993
20
214.7842186994734
30
0
0
SPLINE
5
955
100
AcDbEntity
8
0
100
AcDbSpline
70
0
71
3
72
9
73
5
74
0
42
0.000000001
43
0.0000000001
44
0.0000000001
40
0
40
0
40
0
40
0
40
0.11669445279512403
40
0.23687039842960567
40
0.23687039842960567
40
0.23687039842960567
40
0.23687039842960567
10
140.87506300115993
20
213.62406197263624
30
0
10
140.47882373255672
20
213.58481830518213
30
0
10
139.67452368932948
20
213.50516016443038
30
0
10
139.04826649152557
20
212.99318666292822
30
0
10
138.7305355658572
20
212.7334374494734
30
0
0
SPLINE
5
956
100
AcDbEntity
8
0
100
AcDbSpline
70
0
71
3
72
9
73
5
74
0
42
0.000000001
43
0.0000000001
44
0.0000000001
40
0
40
0
40
0
40
0
40
0.12311985111156225
40
0.27753004906052048
40
0.27753004906052048
40
0.27753004906052048
40
0.27753004906052048
10
138.7305355658572
20
212.7334374494734
30
0
10
138.46846439674209
20
212.41273471569428
30
0
10
137.87771786996186
20
211.68982411568953
30
0
10
137.60494974645707
20
210.79422408255681
30
0
10
137.45318895483425
20
210.29593649579908
30
0
0
SPLINE
5
957
100
AcDbEntity
8
0
100
AcDbSpline
70
0
71
3
72
9
73
5
74
0
42
0.000000001
43
0.0000000001
44
0.0000000001
40
0
40
0
40
0
40
0
40
0.20385388861245526
40
0.42399333274734574
40
0.42399333274734574
40
0.42399333274734574
40
0.42399333274734574
10
137.45318895483425
20
210.29593649579908
30
0
10
137.29602646795459
20
209.63285981209356
30
0
10
136.96914603879762
20
208.25373432714471
30
0
10
136.93293188458355
20
206.83647401778529
30
0
10
136.9141293158572
20
206.10062542631056
30
0
0
SPLINE
5
958
100
AcDbEntity
8
0
100
AcDbSpline
70
0
71
3
72
9
73
5
74
0
42
0.000000001
43
0.0000000001
44
0.0000000001
40
0
40
0
40
0
40
0
40
0.16998067077051618
40
0.3250927380272729
40
0.3250927380272729
40
0.3250927380272729
40
0.3250927380272729
10
136.9141293158572
20
206.10062542631056
30
0
10
136.92531571066326
20
205.53294170485555
30
0
10
136.94671000037673
20
204.44723087370772
30
0
10
137.15075464927207
20
203.38089266436853
30
0
10
137.24811082983425
20
202.87210884763624
30
0
0
SPLINE
5
959
100
AcDbEntity
8
0
100
AcDbSpline
70
0
71
3
72
9
73
5
74
0
42
0.000000001
43
0.0000000001
44
0.0000000001
40
0
40
0
40
0
40
0
40
0.13434383459333715
40
0.24277036543876435
40
0.24277036543876435
40
0.24277036543876435
40
0.24277036543876435
10
137.24811082983425
20
202.87210884763624
30
0
10
137.35656274213039
20
202.43492491601364
30
0
10
137.55254427310558
20
201.64489757188403
30
0
10
137.95370865937622
20
200.9378786521259
30
0
10
138.13287740850856
20
200.62210860921766
30
0
0
SPLINE
5
960
100
AcDbEntity
8
0
100
AcDbSpline
70
0
71
3
72
9
73
5
74
0
42
0.000000001
43
0.0000000001
44
0.0000000001
40
0
40
0
40
0
40
0
40
0.091283276753247558
40
0.17357900337067611
40
0.17357900337067611
40
0.17357900337067611
40
0.17357900337067611
10
138.13287740850856
20
200.62210860921766
30
0
10
138.31593458873925
20
200.37566449496751
30
0
10
138.66402554290363
20
199.90704061051002
30
0
10
139.15035038569684
20
199.58523011642117
30
0
10
139.38092237615993
20
199.4326561994734
30
0
0
SPLINE
5
961
100
AcDbEntity
8
0
100
AcDbSpline
70
0
71
3
72
9
73
5
74
0
42
0.000000001
43
0.0000000001
44
0.0000000001
40
0
40
0
40
0
40
0
40
0.077280123505629225
40
0.15333657276273405
40
0.15333657276273405
40
0.15333657276273405
40
0.15333657276273405
10
139.38092237615993
20
199.4326561994734
30
0
10
139.61547362124287
20
199.31986562068954
30
0
10
140.08086216394668
20
199.09607041946444
30
0
10
140.59607554634144
20
199.06255865887857
30
0
10
140.85162645483425
20
199.04593649579908
30
0
0
SPLINE
5
962
100
AcDbEntity
8
0
100
AcDbSpline
70
0
71
3
72
9
73
5
74
0
42
0.000000001
43
0.0000000001
44
0.0000000001
40
0
40
0
40
0
40
0
40
0.11445208673539932
40
0.23902772368597969
40
0.23902772368597969
40
0.23902772368597969
40
0.23902772368597969
10
140.85162645483425
20
199.04593649579908
30
0
10
141.23851111112407
20
199.08951472886972
30
0
10
142.04650126106151
20
199.18052578991936
30
0
10
142.68619950231374
20
199.6852369031667
30
0
10
143.01959520483425
20
199.94828048421766
30
0
0
SPLINE
5
963
100
AcDbEntity
8
0
100
AcDbSpline
70
0
71
3
72
9
73
5
74
0
42
0.000000001
43
0.0000000001
44
0.0000000001
40
0
40
0
40
0
40
0
40
0.1170428724703239
40
0.25680011866668828
40
0.25680011866668828
40
0.25680011866668828
40
0.25680011866668828
10
143.01959520483425
20
199.94828048421766
30
0
10
143.28055017368416
20
200.24316805932273
30
0
10
143.85310333777633
20
200.89017169723763
30
0
10
144.14052146170746
20
201.7069141404865
30
0
10
144.2969418158572
20
202.15140643789198
30
0
0
SPLINE
5
964
100
AcDbEntity
8
0
100
AcDbSpline
70
0
71
3
72
9
73
5
74
0
42
0.000000001
43
0.0000000001
44
0.0000000001
40
0
40
0
40
0
40
0
40
0.19819437359432737
40
0.42334097117548763
40
0.42334097117548763
40
0.42334097117548763
40
0.42334097117548763
10
144.2969418158572
20
202.15140643789198
30
0
10
144.46082457839248
20
202.7936723393633
30
0
10
144.81087633108561
20
204.16554514054738
30
0
10
144.8425780098249
20
205.58179327211553
30
0
10
144.85943800115993
20
206.33500042631056
30
0
0
SPLINE
5
965
100
AcDbEntity
8
0
100
AcDbSpline
70
0
71
3
72
9
73
5
74
0
42
0.000000001
43
0.0000000001
44
0.0000000001
40
0
40
0
40
0
40
0
40
0.23013563546480728
40
0.42708915829186372
40
0.42708915829186372
40
0.42708915829186372
40
0.42708915829186372
10
144.85943800115993
20
206.33500042631056
30
0
10
144.84388607236295
20
207.10522422426959
30
0
10
144.81502457003066
20
208.53461708166992
30
0
10
144.45243191421838
20
209.91649283729203
30
0
10
144.28522115850856
20
210.55374923421766
30
0
0
SPLINE
5
966
100
AcDbEntity
8
0
100
AcDbSpline
70
0
71
3
72
9
73
5
74
0
42
0.000000001
43
0.0000000001
44
0.0000000001
40
0
40
0
40
0
40
0
40
0.16012928980047689
40
0.28134643441666596
40
0.28134643441666596
40
0.28134643441666596
40
0.28134643441666596
10
144.28522115850856
20
210.55374923421766
30
0
10
144.10785381455941
20
211.06512792742586
30
0
10
143.79622019734785
20
211.96361796725583
30
0
10
143.15107110127082
20
212.65724581093875
30
0
10
142.87311082983425
20
212.95609298421766
30
0
0
SPLINE
5
967
100
AcDbEntity
8
0
100
AcDbSpline
70
0
71
3
72
9
73
5
74
0
42
0.000000001
43
0.0000000001
44
0.0000000001
40
0
40
0
40
0
40
0
40
0.10462016099030341
40
0.21386331726368213
40
0.21386331726368213
40
0.21386331726368213
40
0.21386331726368213
10
142.87311082983425
20
212.95609298421766
30
0
10
142.57637206289388
20
213.15089195923892
30
0
10
141.96978212403417
20
213.54909776014065
30
0
10
141.24519044214384
20
213.59871637342582
30
0
10
140.87506300115993
20
213.62406197263624
30
0
0
ENDSEC
0
SECTION
2
OBJECTS
0
DICTIONARY
5
C
100
AcDbDictionary
3
ACAD_GROUP
350
D
3
ACAD_MLINESTYLE
350
17
0
DICTIONARY
5
D
100
AcDbDictionary
0
DICTIONARY
5
1A
330
C
100
AcDbDictionary
0
DICTIONARY
5
17
100
AcDbDictionary
0
ENDSEC
0
EOF
