0
SECTION
2
HEADER
9
$INSUNITS
70
4
9
$ACADVER
1
AC1014
9
$HANDSEED
5
FFFF
0
ENDSEC
0
SECTION
2
TABLES
0
TABLE
2
VPORT
5
8
100
AcDbSymbolTable
0
ENDTAB
0
TABLE
2
LTYPE
5
5
100
AcDbSymbolTable
0
LTYPE
5
14
100
AcDbSymbolTableRecord
100
AcDbLinetypeTableRecord
2
BYBLOCK
70
0
0
LTYPE
5
15
100
AcDbSymbolTableRecord
100
AcDbLinetypeTableRecord
2
BYLAYER
70
0
0
LTYPE
5
16
100
AcDbSymbolTableRecord
100
AcDbLinetypeTableRecord
2
DASHED
70
0
3
Dashed __ __ __ __ __ __ __ __ __ __ __ __ __ _
72
65
73
2
40
0.75
49
0.5
74
0
49
-0.25
74
0
0
ENDTAB
0
TABLE
2
LAYER
5
2
100
AcDbSymbolTable
70
2
0
LAYER
5
50
100
AcDbSymbolTableRecord
100
AcDbLayerTableRecord
2
0
70
0
62
7
6
CONTINUOUS
0
ENDTAB
0
TABLE
2
STYLE
5
3
100
AcDbSymbolTable
70
1
0
STYLE
5
11
100
AcDbSymbolTableRecord
100
AcDbTextStyleTableRecord
2
STANDARD
70
0
0
ENDTAB
0
TABLE
2
VIEW
5
6
100
AcDbSymbolTable
70
0
0
ENDTAB
0
TABLE
2
UCS
5
7
100
AcDbSymbolTable
70
0
0
ENDTAB
0
TABLE
2
APPID
5
9
100
AcDbSymbolTable
70
2
0
APPID
5
12
100
AcDbSymbolTableRecord
100
AcDbRegAppTableRecord
2
ACAD
70
0
0
ENDTAB
0
TABLE
2
DIMSTYLE
5
A
100
AcDbSymbolTable
70
1
0
ENDTAB
0
TABLE
2
BLOCK_RECORD
5
1
100
AcDbSymbolTable
70
1
0
BLOCK_RECORD
5
1F
100
AcDbSymbolTableRecord
100
AcDbBlockTableRecord
2
*MODEL_SPACE
0
BLOCK_RECORD
5
1B
100
AcDbSymbolTableRecord
100
AcDbBlockTableRecord
2
*PAPER_SPACE
0
ENDTAB
0
ENDSEC
0
SECTION
2
BLOCKS
0
BLOCK
5
20
100
AcDbEntity
100
AcDbBlockBegin
2
*MODEL_SPACE
0
ENDBLK
5
21
100
AcDbEntity
100
AcDbBlockEnd
0
BLOCK
5
1C
100
AcDbEntity
100
AcDbBlockBegin
2
*PAPER_SPACE
0
ENDBLK
5
1D
100
AcDbEntity
100
AcDbBlockEnd
0
ENDSEC
0
SECTION
2
ENTITIES
0
LWPOLYLINE
5
100
100
AcDbEntity
8
0
100
AcDbPolyline
90
4
70
1
43
0.0
10
-1.9228884523029417
20
1.7500000000000004
10
1.9228884523029417
20
1.7500000000000013
42
-0.38692088439831923
10
1.9228884523029419
20
-1.7500000000000009
10
-1.9228884523029417
20
-1.7500000000000009
42
-0.38692088439831962
0
ARC
5
101
100
AcDbEntity
8
0
100
AcDbCircle
10
-1.3877787807814457e-15
20
-2.7755575615628914e-16
30
0
40
27.686
210
-0
220
0
230
1
100
AcDbArc
50
352.77490584501732
51
355.22509415498274
0
ARC
5
102
100
AcDbEntity
8
0
100
AcDbCircle
10
28.088178021551439
20
-2.3462419801960777
30
0
40
0.49999999999999994
210
0
220
-0
230
1
100
AcDbArc
50
86.241534674013863
51
175.22509415498294
0
LINE
5
103
100
AcDbEntity
8
0
100
AcDbLine
10
28.120953301544969
20
-1.8473173556070064
30
0
11
28.130147283283797
21
-1.8479213252466962
31
0
0
SPLINE
5
104
100
AcDbEntity
8
0
100
AcDbSpline
70
4
71
5
72
81
73
75
74
0
42
0.000000001
43
0.0000000001
44
0.0000000001
40
0
40
0
40
0
40
0
40
0
40
0
40
0.014285714285714285
40
0.028571428571428571
40
0.042857142857142858
40
0.057142857142857141
40
0.071428571428571425
40
0.085714285714285715
40
0.10000000000000001
40
0.1142857142857143
40
0.12857142857142859
40
0.14285714285714288
40
0.15714285714285717
40
0.17142857142857146
40
0.18571428571428575
40
0.20000000000000004
40
0.21428571428571433
40
0.22857142857142862
40
0.24285714285714291
40
0.25714285714285717
40
0.27142857142857146
40
0.28571428571428575
40
0.30000000000000004
40
0.31428571428571433
40
0.32857142857142863
40
0.34285714285714292
40
0.35714285714285721
40
0.3714285714285715
40
0.38571428571428579
40
0.40000000000000008
40
0.41428571428571437
40
0.42857142857142866
40
0.44285714285714295
40
0.45714285714285724
40
0.47142857142857153
40
0.48571428571428582
40
0.50000000000000011
40
0.51428571428571435
40
0.52857142857142858
40
0.54285714285714282
40
0.55714285714285705
40
0.57142857142857129
40
0.58571428571428552
40
0.59999999999999976
40
0.61428571428571399
40
0.62857142857142823
40
0.64285714285714246
40
0.6571428571428567
40
0.67142857142857093
40
0.68571428571428517
40
0.6999999999999994
40
0.71428571428571364
40
0.72857142857142787
40
0.74285714285714211
40
0.75714285714285634
40
0.77142857142857058
40
0.78571428571428481
40
0.79999999999999905
40
0.81428571428571328
40
0.82857142857142752
40
0.84285714285714175
40
0.85714285714285599
40
0.87142857142857022
40
0.88571428571428445
40
0.89999999999999869
40
0.91428571428571292
40
0.92857142857142716
40
0.94285714285714139
40
0.95714285714285563
40
0.97142857142856986
40
0.9857142857142841
40
1
40
1
40
1
40
1
40
1
40
1
41
1
41
1
41
1
41
1
41
1
41
1
41
1
41
1
41
1
41
1
41
1
41
1
41
1
41
1
41
1
41
1
41
1
41
1
41
1
41
1
41
1
41
1
41
1
41
1
41
1
41
1
41
1
41
1
41
1
41
1
41
1
41
1
41
1
41
1
41
1
41
1
41
1
41
1
41
1
41
1
41
1
41
1
41
1
41
1
41
1
41
1
41
1
41
1
41
1
41
1
41
1
41
1
41
1
41
1
41
1
41
1
41
1
41
1
41
1
41
1
41
1
41
1
41
1
41
1
41
1
41
1
41
1
41
1
41
1
41
1
41
1
41
1
41
1
41
1
41
1
10
28.130147283283797
20
-1.8479213252466962
30
0
10
28.141271485722324
20
-1.8486520946488429
30
0
10
28.163523812144284
20
-1.8498514092849203
30
0
10
28.196914066392541
20
-1.8508637159105503
30
0
10
28.241457399264807
20
-1.8507167888149401
30
0
10
28.297171490201709
20
-1.8484838776434998
30
0
10
28.352915666641302
20
-1.8447692603634323
30
0
10
28.408684257570332
20
-1.8401349567177794
30
0
10
28.464471386294964
20
-1.8350024067947979
30
0
10
28.520271547357162
20
-1.8295370934180886
30
0
10
28.576079680320952
20
-1.8237311099865947
30
0
10
28.63189128677751
20
-1.8174713250782373
30
0
10
28.687702524019173
20
-1.8106105197133846
30
0
10
28.743510327081783
20
-1.8030426690315469
30
0
10
28.799312467085795
20
-1.7947600652162354
30
0
10
28.855107312603717
20
-1.7858157137370043
30
0
10
28.910893625822833
20
-1.7762976874056648
30
0
10
28.966670354999525
20
-1.7663002217836012
30
0
10
29.022436407439422
20
-1.7558930924912359
30
0
10
29.078190497836054
20
-1.7451014686268704
30
0
10
29.133931250556646
20
-1.7339229682953361
30
0
10
29.189657261080644
20
-1.722338676758195
30
0
10
29.245367169241323
20
-1.7103258324390282
30
0
10
29.301059737809368
20
-1.6978714284438228
30
0
10
29.356733895986117
20
-1.6849801527858201
30
0
10
29.412388687169031
20
-1.671667022705716
30
0
10
29.468023234708852
20
-1.6579528790242146
30
0
10
29.523636702949403
20
-1.6438590784652853
30
0
10
29.579228255301985
20
-1.6294017632492632
30
0
10
29.634797031050031
20
-1.6145888718732655
30
0
10
29.690342164189456
20
-1.5994233629620775
30
0
10
29.745862793920796
20
-1.5839051842196152
30
0
10
29.801358077723545
20
-1.568033594084459
30
0
10
29.856827205761689
20
-1.5518096860057675
30
0
10
29.912269407384645
20
-1.5352376369401832
30
0
10
29.967683941188177
20
-1.5183233451976594
30
0
10
30.02307008876997
20
-1.5010736219504506
30
0
10
30.07842714757701
20
-1.4834952273655162
30
0
10
30.133754423558017
20
-1.4655938251812859
30
0
10
30.189051226916078
20
-1.4473734868498245
30
0
10
30.24431687398377
20
-1.4288372858633815
30
0
10
30.299550687953744
20
-1.409987660693925
30
0
10
30.354752000233862
20
-1.3908268447779804
30
0
10
30.409920151954207
20
-1.3713573350654111
30
0
10
30.465054495067573
20
-1.3515821255067373
30
0
10
30.520154392189195
20
-1.33150445580551
30
0
10
30.575219217066042
20
-1.3111276646954251
30
0
10
30.63024835480476
20
-1.2904550143838724
30
0
10
30.68524120308361
20
-1.2694895038593916
30
0
10
30.740197171228836
20
-1.2482337740178191
30
0
10
30.795115674870818
20
-1.2266902223343039
30
0
10
30.849996131507552
20
-1.204861077088331
30
0
10
30.904837956515156
20
-1.1827484843845506
30
0
10
30.959640557980251
20
-1.1603546041395605
30
0
10
31.01440333637532
20
-1.1376816641332101
30
0
10
31.069125695809959
20
-1.1147318979065999
30
0
10
31.123807053852431
20
-1.0915075057160974
30
0
10
31.178446851071968
20
-1.0680106110453227
30
0
10
31.233044563762448
20
-1.0442432144843841
30
0
10
31.287599707187837
20
-1.0202071707569635
30
0
10
31.342111807189941
20
-0.99590424409668599
30
0
10
31.396580376511874
20
-0.97133615333566947
30
0
10
31.451004891316863
20
-0.94650461996230573
30
0
10
31.505384763795089
20
-0.92141142379499497
30
0
10
31.559719328984535
20
-0.89605843667219132
30
0
10
31.614007903623566
20
-0.8704475353595813
30
0
10
31.668249836457768
20
-0.84458053132815891
30
0
10
31.722444561020261
20
-0.8184590966528178
30
0
10
31.776591650604029
20
-0.79208469127343939
30
0
10
31.830690864754182
20
-0.76545849713339686
30
0
10
31.884742096985306
20
-0.73858142544246885
30
0
10
31.927944683863039
20
-0.7168795805192032
30
0
10
31.96032503643896
20
-0.70049076268310351
30
0
10
31.981902346870662
20
-0.68951492998852171
30
0
10
31.992688604264611
20
-0.68401452510712291
30
0
0
ARC
5
105
100
AcDbEntity
8
0
100
AcDbCircle
10
-1.3877787807814457e-15
20
-2.7755575615628914e-16
30
0
40
32
210
-0
220
0
230
1
100
AcDbArc
50
-1.2248165781038125
51
1.2248165781032425
0
SPLINE
5
106
100
AcDbEntity
8
0
100
AcDbSpline
70
4
71
5
72
81
73
75
74
0
42
0.000000001
43
0.0000000001
44
0.0000000001
40
-1
40
-1
40
-1
40
-1
40
-1
40
-1
40
-0.9857142857142841
40
-0.97142857142856986
40
-0.95714285714285563
40
-0.94285714285714139
40
-0.92857142857142716
40
-0.91428571428571292
40
-0.89999999999999869
40
-0.88571428571428445
40
-0.87142857142857022
40
-0.85714285714285599
40
-0.84285714285714175
40
-0.82857142857142752
40
-0.81428571428571328
40
-0.79999999999999905
40
-0.78571428571428481
40
-0.77142857142857058
40
-0.75714285714285634
40
-0.74285714285714211
40
-0.72857142857142787
40
-0.71428571428571364
40
-0.6999999999999994
40
-0.68571428571428517
40
-0.67142857142857093
40
-0.6571428571428567
40
-0.64285714285714246
40
-0.62857142857142823
40
-0.61428571428571399
40
-0.59999999999999976
40
-0.58571428571428552
40
-0.57142857142857129
40
-0.55714285714285705
40
-0.54285714285714282
40
-0.52857142857142858
40
-0.51428571428571435
40
-0.50000000000000011
40
-0.48571428571428582
40
-0.47142857142857153
40
-0.45714285714285724
40
-0.44285714285714295
40
-0.42857142857142866
40
-0.41428571428571437
40
-0.40000000000000008
40
-0.38571428571428579
40
-0.3714285714285715
40
-0.35714285714285721
40
-0.34285714285714292
40
-0.32857142857142863
40
-0.31428571428571433
40
-0.30000000000000004
40
-0.28571428571428575
40
-0.27142857142857146
40
-0.25714285714285717
40
-0.24285714285714291
40
-0.22857142857142862
40
-0.21428571428571433
40
-0.20000000000000004
40
-0.18571428571428575
40
-0.17142857142857146
40
-0.15714285714285717
40
-0.14285714285714288
40
-0.12857142857142859
40
-0.1142857142857143
40
-0.10000000000000001
40
-0.085714285714285715
40
-0.071428571428571425
40
-0.057142857142857141
40
-0.042857142857142858
40
-0.028571428571428571
40
-0.014285714285714285
40
0
40
0
40
0
40
0
40
0
40
0
41
1
41
1
41
1
41
1
41
1
41
1
41
1
41
1
41
1
41
1
41
1
41
1
41
1
41
1
41
1
41
1
41
1
41
1
41
1
41
1
41
1
41
1
41
1
41
1
41
1
41
1
41
1
41
1
41
1
41
1
41
1
41
1
41
1
41
1
41
1
41
1
41
1
41
1
41
1
41
1
41
1
41
1
41
1
41
1
41
1
41
1
41
1
41
1
41
1
41
1
41
1
41
1
41
1
41
1
41
1
41
1
41
1
41
1
41
1
41
1
41
1
41
1
41
1
41
1
41
1
41
1
41
1
41
1
41
1
41
1
41
1
41
1
41
1
41
1
41
1
10
31.992688604264611
20
0.68401452510712291
30
0
10
31.981902346870662
20
0.68951492998852171
30
0
10
31.96032503643896
20
0.70049076268310351
30
0
10
31.927944683863039
20
0.7168795805192032
30
0
10
31.884742096985306
20
0.73858142544246885
30
0
10
31.830690864754182
20
0.76545849713339686
30
0
10
31.776591650604029
20
0.79208469127343939
30
0
10
31.722444561020261
20
0.8184590966528178
30
0
10
31.668249836457768
20
0.84458053132815891
30
0
10
31.614007903623566
20
0.8704475353595813
30
0
10
31.559719328984535
20
0.89605843667219132
30
0
10
31.505384763795089
20
0.92141142379499497
30
0
10
31.451004891316863
20
0.94650461996230573
30
0
10
31.396580376511874
20
0.97133615333566947
30
0
10
31.342111807189941
20
0.99590424409668599
30
0
10
31.287599707187837
20
1.0202071707569635
30
0
10
31.233044563762448
20
1.0442432144843841
30
0
10
31.178446851071968
20
1.0680106110453227
30
0
10
31.123807053852431
20
1.0915075057160974
30
0
10
31.069125695809959
20
1.1147318979065999
30
0
10
31.01440333637532
20
1.1376816641332101
30
0
10
30.959640557980251
20
1.1603546041395605
30
0
10
30.904837956515156
20
1.1827484843845506
30
0
10
30.849996131507552
20
1.204861077088331
30
0
10
30.795115674870818
20
1.2266902223343039
30
0
10
30.740197171228836
20
1.2482337740178191
30
0
10
30.68524120308361
20
1.2694895038593916
30
0
10
30.63024835480476
20
1.2904550143838724
30
0
10
30.575219217066042
20
1.3111276646954251
30
0
10
30.520154392189195
20
1.33150445580551
30
0
10
30.465054495067573
20
1.3515821255067373
30
0
10
30.409920151954207
20
1.3713573350654111
30
0
10
30.354752000233862
20
1.3908268447779804
30
0
10
30.299550687953744
20
1.409987660693925
30
0
10
30.24431687398377
20
1.4288372858633815
30
0
10
30.189051226916078
20
1.4473734868498245
30
0
10
30.133754423558017
20
1.4655938251812859
30
0
10
30.07842714757701
20
1.4834952273655162
30
0
10
30.02307008876997
20
1.5010736219504506
30
0
10
29.967683941188177
20
1.5183233451976594
30
0
10
29.912269407384645
20
1.5352376369401832
30
0
10
29.856827205761689
20
1.5518096860057675
30
0
10
29.801358077723545
20
1.568033594084459
30
0
10
29.745862793920796
20
1.5839051842196152
30
0
10
29.690342164189456
20
1.5994233629620775
30
0
10
29.634797031050031
20
1.6145888718732655
30
0
10
29.579228255301985
20
1.6294017632492632
30
0
10
29.523636702949403
20
1.6438590784652853
30
0
10
29.468023234708852
20
1.6579528790242146
30
0
10
29.412388687169031
20
1.671667022705716
30
0
10
29.356733895986117
20
1.6849801527858201
30
0
10
29.301059737809368
20
1.6978714284438228
30
0
10
29.245367169241323
20
1.7103258324390282
30
0
10
29.189657261080644
20
1.722338676758195
30
0
10
29.133931250556646
20
1.7339229682953361
30
0
10
29.078190497836054
20
1.7451014686268704
30
0
10
29.022436407439422
20
1.7558930924912359
30
0
10
28.966670354999525
20
1.7663002217836012
30
0
10
28.910893625822833
20
1.7762976874056648
30
0
10
28.855107312603717
20
1.7858157137370043
30
0
10
28.799312467085795
20
1.7947600652162354
30
0
10
28.743510327081783
20
1.8030426690315469
30
0
10
28.687702524019173
20
1.8106105197133846
30
0
10
28.63189128677751
20
1.8174713250782373
30
0
10
28.576079680320952
20
1.8237311099865947
30
0
10
28.520271547357162
20
1.8295370934180886
30
0
10
28.464471386294964
20
1.8350024067947979
30
0
10
28.408684257570332
20
1.8401349567177794
30
0
10
28.352915666641302
20
1.8447692603634323
30
0
10
28.297171490201709
20
1.8484838776434998
30
0
10
28.241457399264807
20
1.8507167888149401
30
0
10
28.196914066392541
20
1.8508637159105503
30
0
10
28.163523812144284
20
1.8498514092849203
30
0
10
28.141271485722324
20
1.8486520946488429
30
0
10
28.130147283283797
20
1.8479213252466962
30
0
0
LINE
5
107
100
AcDbEntity
8
0
100
AcDbLine
10
28.130147283283797
20
1.8479213252466962
30
0
11
28.120953301544969
21
1.8473173556070059
31
0
0
ARC
5
108
100
AcDbEntity
8
0
100
AcDbCircle
10
28.088178021551439
20
2.3462419801960772
30
0
40
0.50000000000000111
210
0
220
0
230
1
100
AcDbArc
50
184.77490584501723
51
273.75846532598609
0
ARC
5
109
100
AcDbEntity
8
0
100
AcDbCircle
10
-1.3877787807814457e-15
20
-2.7755575615628914e-16
30
0
40
27.685999999999993
210
0
220
-0
230
1
100
AcDbArc
50
4.7749058450172255
51
7.2250941549826777
0
ARC
5
110
100
AcDbEntity
8
0
100
AcDbCircle
10
27.96219507793473
20
3.5448896207812597
30
0
40
0.5
210
0
220
0
230
1
100
AcDbArc
50
98.241534674014517
51
187.22509415498246
0
LINE
5
111
100
AcDbEntity
8
0
100
AcDbLine
10
27.890521877134844
20
4.0397259091505546
30
0
11
27.899640520662864
21
4.0410466739852424
31
0
0
SPLINE
5
112
100
AcDbEntity
8
0
100
AcDbSpline
70
4
71
5
72
81
73
75
74
0
42
0.000000001
43
0.0000000001
44
0.0000000001
40
0
40
0
40
0
40
0
40
0
40
0
40
0.014285714285714285
40
0.028571428571428571
40
0.042857142857142858
40
0.057142857142857141
40
0.071428571428571425
40
0.085714285714285715
40
0.10000000000000001
40
0.1142857142857143
40
0.12857142857142859
40
0.14285714285714288
40
0.15714285714285717
40
0.17142857142857146
40
0.18571428571428575
40
0.20000000000000004
40
0.21428571428571433
40
0.22857142857142862
40
0.24285714285714291
40
0.25714285714285717
40
0.27142857142857146
40
0.28571428571428575
40
0.30000000000000004
40
0.31428571428571433
40
0.32857142857142863
40
0.34285714285714292
40
0.35714285714285721
40
0.3714285714285715
40
0.38571428571428579
40
0.40000000000000008
40
0.41428571428571437
40
0.42857142857142866
40
0.44285714285714295
40
0.45714285714285724
40
0.47142857142857153
40
0.48571428571428582
40
0.50000000000000011
40
0.51428571428571435
40
0.52857142857142858
40
0.54285714285714282
40
0.55714285714285705
40
0.57142857142857129
40
0.58571428571428552
40
0.59999999999999976
40
0.61428571428571399
40
0.62857142857142823
40
0.64285714285714246
40
0.6571428571428567
40
0.67142857142857093
40
0.68571428571428517
40
0.6999999999999994
40
0.71428571428571364
40
0.72857142857142787
40
0.74285714285714211
40
0.75714285714285634
40
0.77142857142857058
40
0.78571428571428481
40
0.79999999999999905
40
0.81428571428571328
40
0.82857142857142752
40
0.84285714285714175
40
0.85714285714285599
40
0.87142857142857022
40
0.88571428571428445
40
0.89999999999999869
40
0.91428571428571292
40
0.92857142857142716
40
0.94285714285714139
40
0.95714285714285563
40
0.97142857142856986
40
0.9857142857142841
40
1
40
1
40
1
40
1
40
1
40
1
41
1
41
1
41
1
41
1
41
1
41
1
41
1
41
1
41
1
41
1
41
1
41
1
41
1
41
1
41
1
41
1
41
1
41
1
41
1
41
1
41
1
41
1
41
1
41
1
41
1
41
1
41
1
41
1
41
1
41
1
41
1
41
1
41
1
41
1
41
1
41
1
41
1
41
1
41
1
41
1
41
1
41
1
41
1
41
1
41
1
41
1
41
1
41
1
41
1
41
1
41
1
41
1
41
1
41
1
41
1
41
1
41
1
41
1
41
1
41
1
41
1
41
1
41
1
41
1
41
1
41
1
41
1
41
1
41
1
41
1
41
1
41
1
41
1
41
1
41
1
10
27.899640520662864
20
4.0410466739852424
30
0
10
27.910673568090182
20
4.0426447253858369
30
0
10
27.932688979324375
20
4.0460981374630514
30
0
10
27.965560046787363
20
4.0520501763835739
30
0
10
28.009099453104184
20
4.0614549724217586
30
0
10
28.063131809144082
20
4.0752226999758214
30
0
10
28.116885529223907
20
4.0904460099327622
30
0
10
28.170471916730719
20
4.1065739849594074
30
0
10
28.223972845711849
20
4.1231931726112245
30
0
10
28.277417336830396
20
4.1401405616122569
30
0
10
28.330798796358255
20
4.1574228336615562
30
0
10
28.384089302842387
20
4.1751497127164141
30
0
10
28.437254489000523
20
4.1934644017246914
30
0
10
28.490269313037327
20
4.2124699714074154
30
0
10
28.543129992234448
20
4.2321734977366745
30
0
10
28.595845951271805
20
4.252522794346751
30
0
10
28.64843429075307
20
4.2734314556723474
30
0
10
28.700913574592654
20
4.294807086755398
30
0
10
28.7532972411414
20
4.3165812095562615
30
0
10
28.805589266129651
20
4.3387289377515827
30
0
10
28.85778780876166
20
4.3612523151762677
30
0
10
28.909887562613758
20
4.3841695512200953
30
0
10
28.961882464844297
20
4.4075026272698663
30
0
10
29.013768600975069
20
4.4312640087533133
30
0
10
29.065545898299675
20
4.4554488874699683
30
0
10
29.117216543379548
20
4.4800423754530287
30
0
10
29.168784011772594
20
4.5050239050380938
30
0
10
29.220251926396323
20
4.530372412454164
30
0
10
29.271622825099822
20
4.5560719342905776
30
0
10
29.322897516481603
20
4.5821145265723899
30
0
10
29.374075768594533
20
4.6084971152754903
30
0
10
29.42515672857672
20
4.6352195725828977
30
0
10
29.47613941813945
20
4.662282448681272
30
0
10
29.527023272484449
20
4.6896845056415675
30
0
10
29.577808406239804
20
4.7174214975563986
30
0
10
29.628495320530334
20
4.7454875008614312
30
0
10
29.679084728774889
20
4.7738757038606225
30
0
10
29.729577349290661
20
4.8025793480438992
30
0
10
29.779973680750487
20
4.8315927491377257
30
0
10
29.830273894933658
20
4.8609117812441944
30
0
10
29.880477962127493
20
4.8905332958917853
30
0
10
29.930585727301334
20
4.920454767178831
30
0
10
29.980597000830965
20
4.9506738714666332
30
0
10
30.0305116573894
20
4.9811880293829134
30
0
10
30.080329685568156
20
5.0119941776655654
30
0
10
30.130051135483082
20
5.0430890148865872
30
0
10
30.179676088728066
20
5.0744691450663009
30
0
10
30.229204622097683
20
5.1061312494408551
30
0
10
30.27863676995716
20
5.1380722693270755
30
0
10
30.327972503613484
20
5.170289498731055
30
0
10
30.377211749930044
20
5.202780471070958
30
0
10
30.426354402419243
20
5.2355428856515696
30
0
10
30.475400335432887
20
5.2685745217156388
30
0
10
30.524349419064233
20
5.3018731434802158
30
0
10
30.573201530068353
20
5.3354364471990054
30
0
10
30.621956549955797
20
5.3692621242465597
30
0
10
30.67061436648136
20
5.4033479013530217
30
0
10
30.719174873936264
20
5.4376915851257879
30
0
10
30.767637976004693
20
5.47229110980782
30
0
10
30.81600358416199
20
5.5071445604233062
30
0
10
30.864271601416249
20
5.5422501127083299
30
0
10
30.912441908523611
20
5.5776059840849772
30
0
10
30.960514351011966
20
5.6132103817717161
30
0
10
31.00848872396158
20
5.6490614426309165
30
0
10
31.05636476611857
20
5.6851571974749069
30
0
10
31.104142199353721
20
5.7214956684917526
30
0
10
31.151820763270099
20
5.7580749483920437
30
0
10
31.199400251423395
20
5.7948932838646439
30
0
10
31.246880549969735
20
5.831949158155485
30
0
10
31.294261669448595
20
5.8692413651561104
30
0
10
31.341543695152687
20
5.9067689914292991
30
0
10
31.379290134580774
20
5.9369789218579392
30
0
10
31.40755547193702
20
5.9597418585565176
30
0
10
31.426379262432409
20
5.9749640180679329
30
0
10
31.435786215744123
20
5.9825868149181103
30
0
0
ARC
5
113
100
AcDbEntity
8
0
100
AcDbCircle
10
-1.3877787807814457e-15
20
-2.7755575615628914e-16
30
0
40
32.000000000000007
210
0
220
-0
230
1
100
AcDbArc
50
10.775183421896159
51
13.224816578103683
0
SPLINE
5
114
100
AcDbEntity
8
0
100
AcDbSpline
70
4
71
5
72
81
73
75
74
0
42
0.000000001
43
0.0000000001
44
0.0000000001
40
-1
40
-1
40
-1
40
-1
40
-1
40
-1
40
-0.9857142857142841
40
-0.97142857142856986
40
-0.95714285714285563
40
-0.94285714285714139
40
-0.92857142857142716
40
-0.91428571428571292
40
-0.89999999999999869
40
-0.88571428571428445
40
-0.87142857142857022
40
-0.85714285714285599
40
-0.84285714285714175
40
-0.82857142857142752
40
-0.81428571428571328
40
-0.79999999999999905
40
-0.78571428571428481
40
-0.77142857142857058
40
-0.75714285714285634
40
-0.74285714285714211
40
-0.72857142857142787
40
-0.71428571428571364
40
-0.6999999999999994
40
-0.68571428571428517
40
-0.67142857142857093
40
-0.6571428571428567
40
-0.64285714285714246
40
-0.62857142857142823
40
-0.61428571428571399
40
-0.59999999999999976
40
-0.58571428571428552
40
-0.57142857142857129
40
-0.55714285714285705
40
-0.54285714285714282
40
-0.52857142857142858
40
-0.51428571428571435
40
-0.50000000000000011
40
-0.48571428571428582
40
-0.47142857142857153
40
-0.45714285714285724
40
-0.44285714285714295
40
-0.42857142857142866
40
-0.41428571428571437
40
-0.40000000000000008
40
-0.38571428571428579
40
-0.3714285714285715
40
-0.35714285714285721
40
-0.34285714285714292
40
-0.32857142857142863
40
-0.31428571428571433
40
-0.30000000000000004
40
-0.28571428571428575
40
-0.27142857142857146
40
-0.25714285714285717
40
-0.24285714285714291
40
-0.22857142857142862
40
-0.21428571428571433
40
-0.20000000000000004
40
-0.18571428571428575
40
-0.17142857142857146
40
-0.15714285714285717
40
-0.14285714285714288
40
-0.12857142857142859
40
-0.1142857142857143
40
-0.10000000000000001
40
-0.085714285714285715
40
-0.071428571428571425
40
-0.057142857142857141
40
-0.042857142857142858
40
-0.028571428571428571
40
-0.014285714285714285
40
0
40
0
40
0
40
0
40
0
40
0
41
1
41
1
41
1
41
1
41
1
41
1
41
1
41
1
41
1
41
1
41
1
41
1
41
1
41
1
41
1
41
1
41
1
41
1
41
1
41
1
41
1
41
1
41
1
41
1
41
1
41
1
41
1
41
1
41
1
41
1
41
1
41
1
41
1
41
1
41
1
41
1
41
1
41
1
41
1
41
1
41
1
41
1
41
1
41
1
41
1
41
1
41
1
41
1
41
1
41
1
41
1
41
1
41
1
41
1
41
1
41
1
41
1
41
1
41
1
41
1
41
1
41
1
41
1
41
1
41
1
41
1
41
1
41
1
41
1
41
1
41
1
41
1
41
1
41
1
41
1
10
31.151356982826268
20
7.3207211481193211
30
0
10
31.139662832556407
20
7.3238587669447544
30
0
10
31.116275034193684
20
7.3301085762658609
30
0
10
31.081194843183827
20
7.3394070052577707
30
0
10
31.034424269212018
20
7.351652289915509
30
0
10
30.975966128668944
20
7.3667041500207837
30
0
10
30.917513215102691
20
7.3815006388496691
30
0
10
30.859065822122869
20
7.3960408872440659
30
0
10
30.8006244306697
20
7.4103237890822857
30
0
10
30.742189761664193
20
7.4243480050450108
30
0
10
30.683762716838501
20
7.4381120173712842
30
0
10
30.625344309841545
20
7.4516141895785033
30
0
10
30.566935599205593
20
7.4648528279709003
30
0
10
30.508537624538732
20
7.4778262398675555
30
0
10
30.450151330850801
20
7.4905328065559065
30
0
10
30.39177758844902
20
7.5029709530780018
30
0
10
30.333417231307852
20
7.5151390994687342
30
0
10
30.275071090028781
20
7.5270356186302445
30
0
10
30.216740024373941
20
7.5386587971513048
30
0
10
30.158424962551294
20
7.5500067870441248
30
0
10
30.100126893263763
20
7.5610776275404925
30
0
10
30.041846843674577
20
7.5718692875592879
30
0
10
29.983585861031816
20
7.5823797062602249
30
0
10
29.925344994943359
20
7.5926068291945681
30
0
10
29.867125273459763
20
7.6025486667107938
30
0
10
29.808927714629728
20
7.6122032411519225
30
0
10
29.750753351511548
20
7.6215684940407016
30
0
10
29.692603254168066
20
7.6306422017898416
30
0
10
29.634478549438533
20
7.6394219040213951
30
0
10
29.576380450007278
20
7.6479047925116497
30
0
10
29.518310235581819
20
7.6560878041837901
30
0
10
29.460269212891824
20
7.6639678034687888
30
0
10
29.402258678965921
20
7.6715417539781345
30
0
10
29.344279890167236
20
7.6788068619228991
30
0
10
29.286334010112864
20
7.6857608219043243
30
0
10
29.22842215714217
20
7.6924015882999512
30
0
10
29.170545500259468
20
7.6987269166404371
30
0
10
29.112705347207381
20
7.7047339427391615
30
0
10
29.054903219211575
20
7.7104188275318961
30
0
10
28.997140972714096
20
7.7157761753478642
30
0
10
28.93942070043321
20
7.720799519814955
30
0
10
28.881744521194783
20
7.7254823479656114
30
0
10
28.824114386529157
20
7.7298190445287123
30
0
10
28.766531918684493
20
7.7338056840514042
30
0
10
28.708998137140792
20
7.7374413653533924
30
0
10
28.651513711828187
20
7.7407269889610619
30
0
10
28.594079473862632
20
7.7436627849979756
30
0
10
28.536696885456646
20
7.7462460395447703
30
0
10
28.479368439024405
20
7.7484691665325753
30
0
10
28.422098309029483
20
7.7503165504238698
30
0
10
28.364891753179538
20
7.7517674749330308
30
0
10
28.30775396201723
20
7.752801736926922
30
0
10
28.250688993500923
20
7.7534048462164362
30
0
10
28.193698869722525
20
7.7535724398642278
30
0
10
28.136782096589595
20
7.7533174977669113
30
0
10
28.079935272148116
20
7.752662566900411
30
0
10
28.023155837631244
20
7.7516264406869908
30
0
10
27.966444643387032
20
7.7502117349818347
30
0
10
27.909808179584697
20
7.7483940979220645
30
0
10
27.853262022207836
20
7.7461055058359101
30
0
10
27.796826792691853
20
7.7432540011048925
30
0
10
27.740522013167496
20
7.7397536928751842
30
0
10
27.684360299868462
20
7.7355530731667628
30
0
10
27.628342230422763
20
7.7306601447719512
30
0
10
27.572448759009735
20
7.7251792528955319
30
0
10
27.516653035817672
20
7.7192551983730642
30
0
10
27.460935939609115
20
7.7129995757054051
30
0
10
27.405300776362598
20
7.7064211708392101
30
0
10
27.349787337042333
20
7.6993592617966993
30
0
10
27.294488992243622
20
7.691402839800042
30
0
10
27.239528139529526
20
7.6820033456559722
30
0
10
27.195927637490954
20
7.6728859823898956
30
0
10
27.163477510792294
20
7.6649535728752385
30
0
10
27.141960802625714
20
7.6591539473304158
30
0
10
27.131231626202389
20
7.6561262952550235
30
0
0
LINE
5
115
100
AcDbEntity
8
0
100
AcDbLine
10
27.131231626202386
20
7.6561262952550244
30
0
11
27.122364127372357
21
7.6536239875123773
31
0
0
ARC
5
116
100
AcDbEntity
8
0
100
AcDbCircle
10
26.986572803594377
20
8.1348315481207116
30
0
40
0.50000000000000178
210
0
220
0
230
1
100
AcDbArc
50
196.77490584501714
51
285.75846532598621
0
ARC
5
117
100
AcDbEntity
8
0
100
AcDbCircle
10
-1.3877787807814457e-15
20
-2.7755575615628914e-16
30
0
40
27.685999999999993
210
0
220
-0
230
1
100
AcDbArc
50
16.774905845017273
51
19.225094154982749
0
ARC
5
118
100
AcDbEntity
8
0
100
AcDbCircle
10
26.614130031913525
20
9.2810925350627933
30
0
40
0.49999999999999989
210
0
220
0
230
1
100
AcDbArc
50
110.24153467401403
51
199.22509415498126
0
LINE
5
119
100
AcDbEntity
8
0
100
AcDbLine
10
26.441140813121365
20
9.7502137669226165
30
0
11
26.449785589960296
21
9.7534015424706784
31
0
0
SPLINE
5
120
100
AcDbEntity
8
0
100
AcDbSpline
70
4
71
5
72
81
73
75
74
0
42
0.000000001
43
0.0000000001
44
0.0000000001
40
0
40
0
40
0
40
0
40
0
40
0
40
0.014285714285714285
40
0.028571428571428571
40
0.042857142857142858
40
0.057142857142857141
40
0.071428571428571425
40
0.085714285714285715
40
0.10000000000000001
40
0.1142857142857143
40
0.12857142857142859
40
0.14285714285714288
40
0.15714285714285717
40
0.17142857142857146
40
0.18571428571428575
40
0.20000000000000004
40
0.21428571428571433
40
0.22857142857142862
40
0.24285714285714291
40
0.25714285714285717
40
0.27142857142857146
40
0.28571428571428575
40
0.30000000000000004
40
0.31428571428571433
40
0.32857142857142863
40
0.34285714285714292
40
0.35714285714285721
40
0.3714285714285715
40
0.38571428571428579
40
0.40000000000000008
40
0.41428571428571437
40
0.42857142857142866
40
0.44285714285714295
40
0.45714285714285724
40
0.47142857142857153
40
0.48571428571428582
40
0.50000000000000011
40
0.51428571428571435
40
0.52857142857142858
40
0.54285714285714282
40
0.55714285714285705
40
0.57142857142857129
40
0.58571428571428552
40
0.59999999999999976
40
0.61428571428571399
40
0.62857142857142823
40
0.64285714285714246
40
0.6571428571428567
40
0.67142857142857093
40
0.68571428571428517
40
0.6999999999999994
40
0.71428571428571364
40
0.72857142857142787
40
0.74285714285714211
40
0.75714285714285634
40
0.77142857142857058
40
0.78571428571428481
40
0.79999999999999905
40
0.81428571428571328
40
0.82857142857142752
40
0.84285714285714175
40
0.85714285714285599
40
0.87142857142857022
40
0.88571428571428445
40
0.89999999999999869
40
0.91428571428571292
40
0.92857142857142716
40
0.94285714285714139
40
0.95714285714285563
40
0.97142857142856986
40
0.9857142857142841
40
1
40
1
40
1
40
1
40
1
40
1
41
1
41
1
41
1
41
1
41
1
41
1
41
1
41
1
41
1
41
1
41
1
41
1
41
1
41
1
41
1
41
1
41
1
41
1
41
1
41
1
41
1
41
1
41
1
41
1
41
1
41
1
41
1
41
1
41
1
41
1
41
1
41
1
41
1
41
1
41
1
41
1
41
1
41
1
41
1
41
1
41
1
41
1
41
1
41
1
41
1
41
1
41
1
41
1
41
1
41
1
41
1
41
1
41
1
41
1
41
1
41
1
41
1
41
1
41
1
41
1
41
1
41
1
41
1
41
1
41
1
41
1
41
1
41
1
41
1
41
1
41
1
41
1
41
1
41
1
41
1
10
26.449785589960296
20
9.7534015424706784
30
0
10
26.460245285261401
20
9.7572585721595058
30
0
10
26.481061602195229
20
9.7652137802709262
30
0
10
26.511976859491927
20
9.7778700320757252
30
0
10
26.552609458272009
20
9.7961216623404006
30
0
10
26.602598606179942
20
9.8208224905180828
30
0
10
26.652012574393552
20
9.8468891614572343
30
0
10
26.701074776208067
20
9.8738059379655994
30
0
10
26.749951258123286
20
9.9011854250981557
30
0
10
26.798704298581182
20
9.9288742075015701
30
0
10
26.847326058739085
20
9.9568774499505803
30
0
10
26.895766414401216
20
9.9852966734742363
30
0
10
26.943961975725841
20
10.014264806332649
30
0
10
26.991866818533083
20
10.04387746042228
30
0
10
27.039475771588712
20
10.074140770616889
30
0
10
27.08680890377633
20
10.105005650449193
30
0
10
27.133900906737566
20
10.136391137938228
30
0
10
27.180789148712712
20
10.168210716832277
30
0
10
27.227501011777409
20
10.20040019949141
30
0
10
27.274045558940315
20
10.232936070018962
30
0
10
27.32042056469432
20
10.26581994486418
30
0
10
27.366617052628833
20
10.299068532230482
30
0
10
27.412624522202535
20
10.332702072622959
30
0
10
27.458436552769804
20
10.366731945204064
30
0
10
27.504054072894153
20
10.401153431727529
30
0
10
27.549482316737738
20
10.435952424176039
30
0
10
27.594728960167068
20
10.471109526947117
30
0
10
27.639801926334457
20
10.506604889810616
30
0
10
27.684707016610606
20
10.542423425843179
30
0
10
27.729446673569473
20
10.578557532781867
30
0
10
27.774021309458071
20
10.615004155552851
30
0
10
27.818430116626235
20
10.651762991812292
30
0
10
27.86267202377298
20
10.688834376326298
30
0
10
27.906746735822129
20
10.726216980789376
30
0
10
27.95065524767066
20
10.763906675909922
30
0
10
27.994399281070898
20
10.801897771757407
30
0
10
28.037980950083007
20
10.840183753815806
30
0
10
28.081402362500501
20
10.878758160611246
30
0
10
28.124665187925928
20
10.917615535765126
30
0
10
28.167770452207193
20
10.956751879255226
30
0
10
28.210718780884957
20
10.996164105234067
30
0
10
28.253510547480836
20
11.03584971076431
30
0
10
28.296146049626007
20
11.07580638355924
30
0
10
28.338625701013843
20
11.116031574555114
30
0
10
28.380950127373158
20
11.156522285057493
30
0
10
28.423120064130121
20
11.197275296202168
30
0
10
28.465136297159482
20
11.238287303184084
30
0
10
28.506999591587476
20
11.279555075728837
30
0
10
28.54871061696435
20
11.321075629137752
30
0
10
28.590269907831889
20
11.36284631058377
30
0
10
28.63167790548286
20
11.404864692179819
30
0
10
28.672934984098145
20
11.447128501366389
30
0
10
28.714041482496633
20
11.489635539791374
30
0
10
28.754997738455785
20
11.53238359351991
30
0
10
28.795804110399636
20
11.575370383524028
30
0
10
28.836460962418254
20
11.61859362699194
30
0
10
28.876968657358638
20
11.662051076993105
30
0
10
28.917327547853962
20
11.705740566087712
30
0
10
28.957537969188184
20
11.749660053635294
30
0
10
28.997600232916977
20
11.79380764810154
30
0
10
29.037514623453728
20
11.838181544921325
30
0
10
29.07728139477916
20
11.882779975678146
30
0
10
29.116900768536958
20
11.927601154650493
30
0
10
29.156372931653486
20
11.97264321680956
30
0
10
29.195698038001019
20
12.017904181681407
30
0
10
29.234876226738358
20
12.063382056847725
30
0
10
29.273907639706632
20
12.109074922558381
30
0
10
29.312792439506715
20
12.154981020894109
30
0
10
29.351530830133402
20
12.201098844576093
30
0
10
29.390123072659904
20
12.247427216043508
30
0
10
29.428569440429364
20
12.293965259553293
30
0
10
29.459210031877284
20
12.331362956564245
30
0
10
29.482125023139247
20
12.359505162562886
30
0
10
29.497372603727108
20
12.37830836747646
30
0
10
29.504989123957301
20
12.387720403494825
30
0
0
ARC
5
121
100
AcDbEntity
8
0
100
AcDbCircle
10
-1.3877787807814457e-15
20
-2.7755575615628914e-16
30
0
40
32.000000000000014
210
0
220
-0
230
1
100
AcDbArc
50
22.775183421896152
51
25.224816578103681
0
SPLINE
5
122
100
AcDbEntity
8
0
100
AcDbSpline
70
4
71
5
72
81
73
75
74
0
42
0.000000001
43
0.0000000001
44
0.0000000001
40
-1
40
-1
40
-1
40
-1
40
-1
40
-1
40
-0.9857142857142841
40
-0.97142857142856986
40
-0.95714285714285563
40
-0.94285714285714139
40
-0.92857142857142716
40
-0.91428571428571292
40
-0.89999999999999869
40
-0.88571428571428445
40
-0.87142857142857022
40
-0.85714285714285599
40
-0.84285714285714175
40
-0.82857142857142752
40
-0.81428571428571328
40
-0.79999999999999905
40
-0.78571428571428481
40
-0.77142857142857058
40
-0.75714285714285634
40
-0.74285714285714211
40
-0.72857142857142787
40
-0.71428571428571364
40
-0.6999999999999994
40
-0.68571428571428517
40
-0.67142857142857093
40
-0.6571428571428567
40
-0.64285714285714246
40
-0.62857142857142823
40
-0.61428571428571399
40
-0.59999999999999976
40
-0.58571428571428552
40
-0.57142857142857129
40
-0.55714285714285705
40
-0.54285714285714282
40
-0.52857142857142858
40
-0.51428571428571435
40
-0.50000000000000011
40
-0.48571428571428582
40
-0.47142857142857153
40
-0.45714285714285724
40
-0.44285714285714295
40
-0.42857142857142866
40
-0.41428571428571437
40
-0.40000000000000008
40
-0.38571428571428579
40
-0.3714285714285715
40
-0.35714285714285721
40
-0.34285714285714292
40
-0.32857142857142863
40
-0.31428571428571433
40
-0.30000000000000004
40
-0.28571428571428575
40
-0.27142857142857146
40
-0.25714285714285717
40
-0.24285714285714291
40
-0.22857142857142862
40
-0.21428571428571433
40
-0.20000000000000004
40
-0.18571428571428575
40
-0.17142857142857146
40
-0.15714285714285717
40
-0.14285714285714288
40
-0.12857142857142859
40
-0.1142857142857143
40
-0.10000000000000001
40
-0.085714285714285715
40
-0.071428571428571425
40
-0.057142857142857141
40
-0.042857142857142858
40
-0.028571428571428571
40
-0.014285714285714285
40
0
40
0
40
0
40
0
40
0
40
0
41
1
41
1
41
1
41
1
41
1
41
1
41
1
41
1
41
1
41
1
41
1
41
1
41
1
41
1
41
1
41
1
41
1
41
1
41
1
41
1
41
1
41
1
41
1
41
1
41
1
41
1
41
1
41
1
41
1
41
1
41
1
41
1
41
1
41
1
41
1
41
1
41
1
41
1
41
1
41
1
41
1
41
1
41
1
41
1
41
1
41
1
41
1
41
1
41
1
41
1
41
1
41
1
41
1
41
1
41
1
41
1
41
1
41
1
41
1
41
1
41
1
41
1
41
1
41
1
41
1
41
1
41
1
41
1
41
1
41
1
41
1
41
1
41
1
41
1
41
1
10
28.948561580442988
20
13.637477128241171
30
0
10
28.93647062777876
20
13.638114832012
30
0
10
28.912294500500582
20
13.639365471302387
30
0
10
28.876047643737344
20
13.641167125484346
30
0
10
28.82775318118415
20
13.643420672177623
30
0
10
28.76744303358414
20
13.645989482183802
30
0
10
28.707191093412824
20
13.648309588138279
30
0
10
28.646997828571877
20
13.650380200921006
30
0
10
28.586863939467449
20
13.652200338574808
30
0
10
28.526790409726836
20
13.653768840935609
30
0
10
28.466778436937425
20
13.655084410889827
30
0
10
28.406829352841349
20
13.656145658465398
30
0
10
28.346944544978548
20
13.656951147059097
30
0
10
28.287125382167339
20
13.657499437125821
30
0
10
28.227373125316074
20
13.657789141804354
30
0
10
28.167688953165879
20
13.657818901500406
30
0
10
28.108074009960056
20
13.657587344167927
30
0
10
28.048529446442146
20
13.657093050956819
30
0
10
27.989056459824631
20
13.656334524652598
30
0
10
27.929656342250162
20
13.655310150635721
30
0
10
27.870330468482774
20
13.654018216548369
30
0
10
27.811080265525234
20
13.652456949252658
30
0
10
27.751907186213508
20
13.650624550677728
30
0
10
27.692812684362941
20
13.648519229495225
30
0
10
27.633798179230531
20
13.646139253276008
30
0
10
27.574865077796193
20
13.643482899243889
30
0
10
27.516014818524887
20
13.640548368689167
30
0
10
27.457248910405813
20
13.637333709093847
30
0
10
27.398568967195423
20
13.633836748128196
30
0
10
27.339976758940519
20
13.630054991066181
30
0
10
27.28147417423342
20
13.625985707832715
30
0
10
27.223063143170076
20
13.621626103062852
30
0
10
27.164745565736599
20
13.616973476387868
30
0
10
27.106523251702946
20
13.612025356282413
30
0
10
27.048397818577733
20
13.606779729655813
30
0
10
26.990370785570761
20
13.601234828103204
30
0
10
26.932443762792207
20
13.595388699251941
30
0
10
26.87461862490526
20
13.589238813399739
30
0
10
26.81689765807949
20
13.582781731655729
30
0
10
26.75928380001227
20
13.57601256223349
30
0
10
26.701780442125305
20
13.568925415167254
30
0
10
26.644391011065128
20
13.561514360342095
30
0
10
26.587118583196986
20
13.553774310940018
30
0
10
26.529965561466554
20
13.545701764573085
30
0
10
26.472933130441668
20
13.537296051715771
30
0
10
26.416021758182922
20
13.528558192502096
30
0
10
26.359232209799011
20
13.519488584825599
30
0
10
26.302566479805161
20
13.510084878083642
30
0
10
26.246028583382731
20
13.500340170183204
30
0
10
26.189625850426058
20
13.490240054743516
30
0
10
26.133367730907239
20
13.479765361318375
30
0
10
26.077263502410698
20
13.46889740743608
30
0
10
26.021320146898393
20
13.45762286324991
30
0
10
25.96554054938035
20
13.44593788157972
30
0
10
25.909920549741372
20
13.433854848040937
30
0
10
25.854452132588431
20
13.421395109597981
30
0
10
25.799128887697663
20
13.408576516994188
30
0
10
25.743951102968108
20
13.395401805719334
30
0
10
25.688930189780194
20
13.381848505439233
30
0
10
25.634095526661529
20
13.367853317391631
30
0
10
25.579486403483603
20
13.353330580890148
30
0
10
25.525139773484437
20
13.338200340881405
30
0
10
25.471078686313945
20
13.322414838020791
30
0
10
25.417302043103511
20
13.305982020316041
30
0
10
25.363769519641394
20
13.288999992930087
30
0
10
25.310424747062122
20
13.271604810063053
30
0
10
25.257225820171818
20
13.253901652079412
30
0
10
25.204174146004419
20
13.235899800283381
30
0
10
25.151342061974255
20
13.217450317864664
30
0
10
25.098906351835026
20
13.198170590411685
30
0
10
25.047100790338781
20
13.177549493949979
30
0
10
25.006348670291413
20
13.159566312846902
30
0
10
24.976256897392055
20
13.145060484802933
30
0
10
24.956416190876361
20
13.134914019815366
30
0
10
24.946550956962241
20
13.129721807990709
30
0
0
LINE
5
123
100
AcDbEntity
8
0
100
AcDbLine
10
24.946550956962245
20
13.129721807990705
30
0
11
24.93839749329085
21
13.12543052500086
31
0
0
ARC
5
124
100
AcDbEntity
8
0
100
AcDbCircle
10
24.705524858176581
20
13.567889942139812
30
0
40
0.50000000000000222
210
0
220
0
230
1
100
AcDbArc
50
208.7749058450172
51
297.75846532598621
0
ARC
5
125
100
AcDbEntity
8
0
100
AcDbCircle
10
-1.3877787807814457e-15
20
-2.7755575615628914e-16
30
0
40
27.685999999999993
210
0
220
-0
230
1
100
AcDbArc
50
28.77490584501728
51
31.225094154982781
0
ARC
5
126
100
AcDbEntity
8
0
100
AcDbCircle
10
24.102899794732743
20
14.61166716993896
30
0
40
0.50000000000000211
210
0
220
0
230
1
100
AcDbArc
50
122.24153467401402
51
211.22509415498064
0
LINE
5
127
100
AcDbEntity
8
0
100
AcDbLine
10
23.836155016903888
20
15.034570496363614
30
0
11
23.843948108823625
21
15.039485961536947
31
0
0
SPLINE
5
128
100
AcDbEntity
8
0
100
AcDbSpline
70
4
71
5
72
81
73
75
74
0
42
0.000000001
43
0.0000000001
44
0.0000000001
40
0
40
0
40
0
40
0
40
0
40
0
40
0.014285714285714285
40
0.028571428571428571
40
0.042857142857142858
40
0.057142857142857141
40
0.071428571428571425
40
0.085714285714285715
40
0.10000000000000001
40
0.1142857142857143
40
0.12857142857142859
40
0.14285714285714288
40
0.15714285714285717
40
0.17142857142857146
40
0.18571428571428575
40
0.20000000000000004
40
0.21428571428571433
40
0.22857142857142862
40
0.24285714285714291
40
0.25714285714285717
40
0.27142857142857146
40
0.28571428571428575
40
0.30000000000000004
40
0.31428571428571433
40
0.32857142857142863
40
0.34285714285714292
40
0.35714285714285721
40
0.3714285714285715
40
0.38571428571428579
40
0.40000000000000008
40
0.41428571428571437
40
0.42857142857142866
40
0.44285714285714295
40
0.45714285714285724
40
0.47142857142857153
40
0.48571428571428582
40
0.50000000000000011
40
0.51428571428571435
40
0.52857142857142858
40
0.54285714285714282
40
0.55714285714285705
40
0.57142857142857129
40
0.58571428571428552
40
0.59999999999999976
40
0.61428571428571399
40
0.62857142857142823
40
0.64285714285714246
40
0.6571428571428567
40
0.67142857142857093
40
0.68571428571428517
40
0.6999999999999994
40
0.71428571428571364
40
0.72857142857142787
40
0.74285714285714211
40
0.75714285714285634
40
0.77142857142857058
40
0.78571428571428481
40
0.79999999999999905
40
0.81428571428571328
40
0.82857142857142752
40
0.84285714285714175
40
0.85714285714285599
40
0.87142857142857022
40
0.88571428571428445
40
0.89999999999999869
40
0.91428571428571292
40
0.92857142857142716
40
0.94285714285714139
40
0.95714285714285563
40
0.97142857142856986
40
0.9857142857142841
40
1
40
1
40
1
40
1
40
1
40
1
41
1
41
1
41
1
41
1
41
1
41
1
41
1
41
1
41
1
41
1
41
1
41
1
41
1
41
1
41
1
41
1
41
1
41
1
41
1
41
1
41
1
41
1
41
1
41
1
41
1
41
1
41
1
41
1
41
1
41
1
41
1
41
1
41
1
41
1
41
1
41
1
41
1
41
1
41
1
41
1
41
1
41
1
41
1
41
1
41
1
41
1
41
1
41
1
41
1
41
1
41
1
41
1
41
1
41
1
41
1
41
1
41
1
41
1
41
1
41
1
41
1
41
1
41
1
41
1
41
1
41
1
41
1
41
1
41
1
41
1
41
1
41
1
41
1
41
1
41
1
10
23.843948108823625
20
15.039485961536947
30
0
10
23.853377313122664
20
15.04543339880852
30
0
10
23.872084762818361
20
15.057542722186358
30
0
10
23.89969306485704
20
15.076350047940128
30
0
10
23.935643016556838
20
15.102650828607683
30
0
10
23.979404190694702
20
15.137205212689899
30
0
10
24.022318779516624
20
15.172976006009456
30
0
10
24.064712541992996
20
15.2095051917051
30
0
10
24.10682844004722
20
15.24644836334935
30
0
10
24.148759288033418
20
15.283668406498595
30
0
10
24.19049634458937
20
15.321168743277829
30
0
10
24.231969473444437
20
15.359038254831736
30
0
10
24.273089032637728
20
15.397393785129845
30
0
10
24.31379022271177
20
15.436319308545393
30
0
10
24.354066709924286
20
15.47581975073037
30
0
10
24.393948330256002
20
15.515851270430105
30
0
10
24.433485850195289
20
15.556341887675028
30
0
10
24.47273380913694
20
15.597214746095132
30
0
10
24.511732336153258
20
15.638412753758049
30
0
10
24.550495185434293
20
15.679914792951347
30
0
10
24.589019844026883
20
15.721721982092028
30
0
10
24.627294057845724
20
15.763848797968469
30
0
10
24.665303347573897
20
15.806312855596873
30
0
10
24.70303906701136
20
15.849123950550389
30
0
10
24.740503105408855
20
15.892277660746977
30
0
10
24.777703515771286
20
15.935761274706838
30
0
10
24.814651838801556
20
15.979557416570344
30
0
10
24.851359951607002
20
16.023648317198482
30
0
10
24.887836665532198
20
16.068020425526171
30
0
10
24.924085950374359
20
16.112666813257835
30
0
10
24.960108844557467
20
16.157584577791305
30
0
10
24.995904620941261
20
16.202773255469779
30
0
10
25.031472162033474
20
16.248232951007914
30
0
10
25.066811455376289
20
16.293962303777096
30
0
10
25.101924332653809
20
16.339957481571371
30
0
10
25.136813660997003
20
16.386213276771269
30
0
10
25.171482862712793
20
16.432723756756396
30
0
10
25.205935342950298
20
16.479483039486503
30
0
10
25.240173869272162
20
16.526486134947834
30
0
10
25.274200276760425
20
16.57372934381403
30
0
10
25.308015818869961
20
16.621209777728009
30
0
10
25.341621381349967
20
16.668925066107111
30
0
10
25.375017736079094
20
16.716873009074646
30
0
10
25.408205817690693
20
16.765051199281714
30
0
10
25.441186861703528
20
16.813456833658876
30
0
10
25.473962256712454
20
16.862086916585536
30
0
10
25.506533458526548
20
16.910938378867108
30
0
10
25.538901887164034
20
16.960008219897112
30
0
10
25.57106881809764
20
17.009293659407025
30
0
10
25.603035325741867
20
17.058792213677918
30
0
10
25.634802346532304
20
17.108501599627807
30
0
10
25.666370718964746
20
17.158419672154629
30
0
10
25.697741231517199
20
17.208544351389953
30
0
10
25.728914674888813
20
17.25887354200659
30
0
10
25.759891873507765
20
17.309405089299354
30
0
10
25.79067365813113
20
17.360136836039946
30
0
10
25.821260850839948
20
17.411066659838777
30
0
10
25.851654247197601
20
17.462192513936365
30
0
10
25.881854599434298
20
17.513512471994581
30
0
10
25.91186260556956
20
17.565024748589749
30
0
10
25.941678918991869
20
17.616727637723688
30
0
10
25.971304155806298
20
17.6686194624296
30
0
10
26.00073890408548
20
17.72069852209059
30
0
10
26.029983734432278
20
17.772963031297373
30
0
10
26.059039209120165
20
17.825411084845971
30
0
10
26.087905878514064
20
17.878040762789929
30
0
10
26.11658428049402
20
17.930850216820705
30
0
10
26.14507493959966
20
17.983837761240391
30
0
10
26.173378368748885
20
18.037001964120741
30
0
10
26.201495068138495
20
18.090341727913636
30
0
10
26.22942548721565
20
18.143856252844323
30
0
10
26.251621089807266
20
18.186807257624153
30
0
10
26.268184239898467
20
18.219098783479424
30
0
10
26.279189218141113
20
18.240661243512651
30
0
10
26.284682426807592
20
18.251451167561235
30
0
0
ARC
5
129
100
AcDbEntity
8
0
100
AcDbCircle
10
-1.3877787807814457e-15
20
-2.7755575615628914e-16
30
0
40
32
210
0
220
-0
230
1
100
AcDbArc
50
34.775183421896166
51
37.224816578103706
0
SPLINE
5
130
100
AcDbEntity
8
0
100
AcDbSpline
70
4
71
5
72
81
73
75
74
0
42
0.000000001
43
0.0000000001
44
0.0000000001
40
-1
40
-1
40
-1
40
-1
40
-1
40
-1
40
-0.9857142857142841
40
-0.97142857142856986
40
-0.95714285714285563
40
-0.94285714285714139
40
-0.92857142857142716
40
-0.91428571428571292
40
-0.89999999999999869
40
-0.88571428571428445
40
-0.87142857142857022
40
-0.85714285714285599
40
-0.84285714285714175
40
-0.82857142857142752
40
-0.81428571428571328
40
-0.79999999999999905
40
-0.78571428571428481
40
-0.77142857142857058
40
-0.75714285714285634
40
-0.74285714285714211
40
-0.72857142857142787
40
-0.71428571428571364
40
-0.6999999999999994
40
-0.68571428571428517
40
-0.67142857142857093
40
-0.6571428571428567
40
-0.64285714285714246
40
-0.62857142857142823
40
-0.61428571428571399
40
-0.59999999999999976
40
-0.58571428571428552
40
-0.57142857142857129
40
-0.55714285714285705
40
-0.54285714285714282
40
-0.52857142857142858
40
-0.51428571428571435
40
-0.50000000000000011
40
-0.48571428571428582
40
-0.47142857142857153
40
-0.45714285714285724
40
-0.44285714285714295
40
-0.42857142857142866
40
-0.41428571428571437
40
-0.40000000000000008
40
-0.38571428571428579
40
-0.3714285714285715
40
-0.35714285714285721
40
-0.34285714285714292
40
-0.32857142857142863
40
-0.31428571428571433
40
-0.30000000000000004
40
-0.28571428571428575
40
-0.27142857142857146
40
-0.25714285714285717
40
-0.24285714285714291
40
-0.22857142857142862
40
-0.21428571428571433
40
-0.20000000000000004
40
-0.18571428571428575
40
-0.17142857142857146
40
-0.15714285714285717
40
-0.14285714285714288
40
-0.12857142857142859
40
-0.1142857142857143
40
-0.10000000000000001
40
-0.085714285714285715
40
-0.071428571428571425
40
-0.057142857142857141
40
-0.042857142857142858
40
-0.028571428571428571
40
-0.014285714285714285
40
0
40
0
40
0
40
0
40
0
40
0
41
1
41
1
41
1
41
1
41
1
41
1
41
1
41
1
41
1
41
1
41
1
41
1
41
1
41
1
41
1
41
1
41
1
41
1
41
1
41
1
41
1
41
1
41
1
41
1
41
1
41
1
41
1
41
1
41
1
41
1
41
1
41
1
41
1
41
1
41
1
41
1
41
1
41
1
41
1
41
1
41
1
41
1
41
1
41
1
41
1
41
1
41
1
41
1
41
1
41
1
41
1
41
1
41
1
41
1
41
1
41
1
41
1
41
1
41
1
41
1
41
1
41
1
41
1
41
1
41
1
41
1
41
1
41
1
41
1
41
1
41
1
41
1
41
1
41
1
41
1
10
25.480575126383982
20
19.358209917983181
30
0
10
25.468615803975652
20
19.356319835984582
30
0
10
25.444707960553995
20
19.352516646306022
30
0
10
25.408878599609661
20
19.34674278474499
30
0
10
25.361170948231177
20
19.338906102669583
30
0
10
25.301644636424552
20
19.328879593252882
30
0
10
25.242226968554561
20
19.318621916569633
30
0
10
25.182918566365366
20
19.308132398026185
30
0
10
25.123720319117954
20
19.297410222746109
30
0
10
25.064633430156679
20
19.286454460425308
30
0
10
25.005659340583843
20
19.275264091287671
30
0
10
24.946799642031259
20
19.263838032620107
30
0
10
24.888055990404403
20
19.252175167698397
30
0
10
24.829430023907886
20
19.240274373028292
30
0
10
24.770923264240849
20
19.228134554212399
30
0
10
24.712537147061617
20
19.215754626440884
30
0
10
24.65427307687348
20
19.20313348555176
30
0
10
24.596132474268977
20
19.190269982953239
30
0
10
24.538116821587025
20
19.177162903063042
30
0
10
24.480227718432126
20
19.163810935196498
30
0
10
24.422466865545644
20
19.15021269024443
30
0
10
24.364836027403001
20
19.136366730506829
30
0
10
24.307336998932175
20
19.122271599266579
30
0
10
24.249971574617255
20
19.107925846605355
30
0
10
24.192741502893348
20
19.093328073031877
30
0
10
24.135648518179771
20
19.078476885944312
30
0
10
24.078694401480366
20
19.063370825012761
30
0
10
24.021881034760618
20
19.048008294122948
30
0
10
23.965210448165266
20
19.032387503934579
30
0
10
23.908684891744066
20
19.016506382250785
30
0
10
23.85230678043358
20
19.000362651315605
30
0
10
23.796078583341579
20
18.983953978139027
30
0
10
23.740002720373159
20
18.967278116391192
30
0
10
23.684081475609457
20
18.950333024827835
30
0
10
23.628316849757756
20
18.933117070648105
30
0
10
23.572710696501503
20
18.915628839952497
30
0
10
23.517264996687214
20
18.897866757793128
30
0
10
23.461982109966861
20
18.87982873951216
30
0
10
23.40686498753735
20
18.861511896688135
30
0
10
23.351917519959887
20
18.842912055213517
30
0
10
23.297144249138235
20
18.824024158948657
30
0
10
23.242549759778683
20
18.804843119805732
30
0
10
23.188138118629457
20
18.785364601738227
30
0
10
23.133912404313499
20
18.765585678494283
30
0
10
23.079873914715186
20
18.745505941464607
30
0
10
23.026022895569067
20
18.725126485806129
30
0
10
22.972360012537667
20
18.704447859792488
30
0
10
22.918887705269025
20
18.683468178870395
30
0
10
22.865611336228998
20
18.662181526577267
30
0
10
22.812541070391113
20
18.640575335317031
30
0
10
22.759690136982805
20
18.618632818323423
30
0
10
22.70707149515529
20
18.596337630299832
30
0
10
22.654694745728872
20
18.573678184320176
30
0
10
22.602563510542929
20
18.55065131710175
30
0
10
22.550671145276503
20
18.527268278667989
30
0
10
22.499005371408671
20
18.503548283006982
30
0
10
22.44755620741612
20
18.479507458020034
30
0
10
22.396323366166285
20
18.455148539277474
30
0
10
22.345322681518741
20
18.430451920035232
30
0
10
22.294596050562458
20
18.405361792900226
30
0
10
22.244199714449124
20
18.379802537901217
30
0
10
22.194186442490164
20
18.353703630204762
30
0
10
22.144588710371451
20
18.327023146414213
30
0
10
22.095403790753537
20
18.299768632386634
30
0
10
22.046571843395167
20
18.272027665576708
30
0
10
21.998009443967042
20
18.243921607327756
30
0
10
21.949653734776874
20
18.215544626981192
30
0
10
21.901504162419879
20
18.186906095561284
30
0
10
21.853662449268391
20
18.157875370678493
30
0
10
21.80638106593619
20
18.128114954373288
30
0
10
21.759994947285833
20
18.097173496460318
30
0
10
21.723872272426107
20
18.071110448827326
30
0
10
21.697454008198104
20
18.05066517654625
30
0
10
21.680156437414308
20
18.036615321324035
30
0
10
21.671586304070086
20
18.029485474321852
30
0
0
LINE
5
131
100
AcDbEntity
8
0
100
AcDbLine
10
21.671586304070086
20
18.029485474321852
30
0
11
21.664503221044434
21
18.02359276574332
31
0
0
ARC
5
132
100
AcDbEntity
8
0
100
AcDbCircle
10
21.344726926195253
20
18.407966439728071
30
0
40
0.500000000000002
210
0
220
0
230
1
100
AcDbArc
50
220.77490584501714
51
309.75846532598604
0
ARC
5
133
100
AcDbEntity
8
0
100
AcDbCircle
10
-1.3877787807814457e-15
20
-2.7755575615628914e-16
30
0
40
27.685999999999993
210
0
220
-0
230
1
100
AcDbArc
50
40.774905845017294
51
43.225094154982742
0
ARC
5
134
100
AcDbEntity
8
0
100
AcDbCircle
10
20.538257177976824
20
19.303641834930612
30
0
40
0.49999999999999956
210
0
220
0
230
1
100
AcDbArc
50
134.24153467401371
51
223.22509415498189
0
LINE
5
135
100
AcDbEntity
8
0
100
AcDbLine
10
20.189414867885858
20
19.661844351240028
30
0
11
20.196015679374092
21
19.668272676623545
31
0
0
SPLINE
5
136
100
AcDbEntity
8
0
100
AcDbSpline
70
4
71
5
72
81
73
75
74
0
42
0.000000001
43
0.0000000001
44
0.0000000001
40
0
40
0
40
0
40
0
40
0
40
0
40
0.014285714285714285
40
0.028571428571428571
40
0.042857142857142858
40
0.057142857142857141
40
0.071428571428571425
40
0.085714285714285715
40
0.10000000000000001
40
0.1142857142857143
40
0.12857142857142859
40
0.14285714285714288
40
0.15714285714285717
40
0.17142857142857146
40
0.18571428571428575
40
0.20000000000000004
40
0.21428571428571433
40
0.22857142857142862
40
0.24285714285714291
40
0.25714285714285717
40
0.27142857142857146
40
0.28571428571428575
40
0.30000000000000004
40
0.31428571428571433
40
0.32857142857142863
40
0.34285714285714292
40
0.35714285714285721
40
0.3714285714285715
40
0.38571428571428579
40
0.40000000000000008
40
0.41428571428571437
40
0.42857142857142866
40
0.44285714285714295
40
0.45714285714285724
40
0.47142857142857153
40
0.48571428571428582
40
0.50000000000000011
40
0.51428571428571435
40
0.52857142857142858
40
0.54285714285714282
40
0.55714285714285705
40
0.57142857142857129
40
0.58571428571428552
40
0.59999999999999976
40
0.61428571428571399
40
0.62857142857142823
40
0.64285714285714246
40
0.6571428571428567
40
0.67142857142857093
40
0.68571428571428517
40
0.6999999999999994
40
0.71428571428571364
40
0.72857142857142787
40
0.74285714285714211
40
0.75714285714285634
40
0.77142857142857058
40
0.78571428571428481
40
0.79999999999999905
40
0.81428571428571328
40
0.82857142857142752
40
0.84285714285714175
40
0.85714285714285599
40
0.87142857142857022
40
0.88571428571428445
40
0.89999999999999869
40
0.91428571428571292
40
0.92857142857142716
40
0.94285714285714139
40
0.95714285714285563
40
0.97142857142856986
40
0.9857142857142841
40
1
40
1
40
1
40
1
40
1
40
1
41
1
41
1
41
1
41
1
41
1
41
1
41
1
41
1
41
1
41
1
41
1
41
1
41
1
41
1
41
1
41
1
41
1
41
1
41
1
41
1
41
1
41
1
41
1
41
1
41
1
41
1
41
1
41
1
41
1
41
1
41
1
41
1
41
1
41
1
41
1
41
1
41
1
41
1
41
1
41
1
41
1
41
1
41
1
41
1
41
1
41
1
41
1
41
1
41
1
41
1
41
1
41
1
41
1
41
1
41
1
41
1
41
1
41
1
41
1
41
1
41
1
41
1
41
1
41
1
41
1
41
1
41
1
41
1
41
1
41
1
41
1
41
1
41
1
41
1
41
1
10
20.196015679374092
20
19.668272676623545
30
0
10
20.204002291196865
20
19.676050589930135
30
0
10
20.219783268334407
20
19.691784793035794
30
0
10
20.242877999836651
20
19.715921222355529
30
0
10
20.27257411905989
20
19.749121683105653
30
0
10
20.308194746128425
20
19.792019430697678
30
0
10
20.342734382100115
20
19.835930991082261
30
0
10
20.376606894390275
20
19.880476085263801
30
0
10
20.410121541744036
20
19.925368347545884
30
0
10
20.443397617994997
20
19.970492956953763
30
0
10
20.476425861300886
20
20.015851443399381
30
0
10
20.509119188607787
20
20.061516163610555
30
0
10
20.541365623619434
20
20.107582770624084
30
0
10
20.573084323648082
20
20.1541199312069
30
0
10
20.604268069258268
20
20.201131146514616
30
0
10
20.634955159552327
20
20.248579736578357
30
0
10
20.665210217126273
20
20.296405849310027
30
0
10
20.695102568896058
20
20.34454564721349
30
0
10
20.724683337097709
20
20.392951629255354
30
0
10
20.753970365978493
20
20.441605998852769
30
0
10
20.782960964967344
20
20.490509327510313
30
0
10
20.811640137866579
20
20.539673227896206
30
0
10
20.839990059399277
20
20.589111919677016
30
0
10
20.868000235691461
20
20.638833186723051
30
0
10
20.895673434111735
20
20.688833096382695
30
0
10
20.923020174552796
20
20.739100889266329
30
0
10
20.950055358169859
20
20.789621968665625
30
0
10
20.976794296938696
20
20.840381423129337
30
0
10
21.003248427079729
20
20.891367829697227
30
0
10
21.029423072114206
20
20.942575236840852
30
0
10
21.055319851258993
20
20.994001021287353
30
0
10
21.080938149663254
20
21.045644578330975
30
0
10
21.106276852483205
20
21.097505778058405
30
0
10
21.131336230423866
20
21.149583286983898
30
0
10
21.156118871903061
20
21.201873737472937
30
0
10
21.180628664123041
20
21.254372631815084
30
0
10
21.204870188066241
20
21.307074878569544
30
0
10
21.22884799741605
20
21.359975432203075
30
0
10
21.252565836739397
20
21.413069987154326
30
0
10
21.276026270150616
20
21.466355306471108
30
0
10
21.299231124236751
20
21.51982882552177
30
0
10
21.32218175826312
20
21.573488409684213
30
0
10
21.344879384621059
20
21.627332067636907
30
0
10
21.367325418035911
20
21.681357638958513
30
0
10
21.389521649818303
20
21.735562638712178
30
0
10
21.411470061043492
20
21.789944425443903
30
0
10
21.433172713829087
20
21.844500299708095
30
0
10
21.454631621023665
20
21.899227621707116
30
0
10
21.475848608278135
20
21.954123937113678
30
0
10
21.496825242922675
20
22.009187039867392
30
0
10
21.517562915608952
20
22.064414891473007
30
0
10
21.538062892501397
20
22.119805568037165
30
0
10
21.558326377276856
20
22.17535719907535
30
0
10
21.578354578998816
20
22.231067899443893
30
0
10
21.598148752068127
20
22.286935732931347
30
0
10
21.61771015760079
20
22.342958762174113
30
0
10
21.637040040983045
20
22.3991350820822
30
0
10
21.656139605938506
20
22.455462856029634
30
0
10
21.67500998876757
20
22.511940356170864
30
0
10
21.693652243446806
20
22.568565981224413
30
0
10
21.712067363783568
20
22.625338198319369
30
0
10
21.730256301080544
20
22.682255495230123
30
0
10
21.748219984137712
20
22.739316330769505
30
0
10
21.765959342296355
20
22.796519077178733
30
0
10
21.783475321657111
20
22.853861987790328
30
0
10
21.800768859737403
20
22.911343299040567
30
0
10
21.817840866948274
20
22.968961314842428
30
0
10
21.834692206843201
20
23.02671449539249
30
0
10
21.851323678846228
20
23.084601546695186
30
0
10
21.867736000416723
20
23.142621499183225
30
0
10
21.883929777462882
20
23.20077366400416
30
0
10
21.896710336858614
20
23.2474008115422
30
0
10
21.906197756641266
20
23.2824303626223
30
0
10
21.912479162181743
20
23.305809694803557
30
0
10
21.915608979706455
20
23.31750593542565
30
0
0
ARC
5
137
100
AcDbEntity
8
0
100
AcDbCircle
10
-1.3877787807814457e-15
20
-2.7755575615628914e-16
30
0
40
32.000000000000014
210
0
220
-0
230
1
100
AcDbArc
50
46.775183421896159
51
49.224816578103685
0
SPLINE
5
138
100
AcDbEntity
8
0
100
AcDbSpline
70
4
71
5
72
81
73
75
74
0
42
0.000000001
43
0.0000000001
44
0.0000000001
40
-1
40
-1
40
-1
40
-1
40
-1
40
-1
40
-0.9857142857142841
40
-0.97142857142856986
40
-0.95714285714285563
40
-0.94285714285714139
40
-0.92857142857142716
40
-0.91428571428571292
40
-0.89999999999999869
40
-0.88571428571428445
40
-0.87142857142857022
40
-0.85714285714285599
40
-0.84285714285714175
40
-0.82857142857142752
40
-0.81428571428571328
40
-0.79999999999999905
40
-0.78571428571428481
40
-0.77142857142857058
40
-0.75714285714285634
40
-0.74285714285714211
40
-0.72857142857142787
40
-0.71428571428571364
40
-0.6999999999999994
40
-0.68571428571428517
40
-0.67142857142857093
40
-0.6571428571428567
40
-0.64285714285714246
40
-0.62857142857142823
40
-0.61428571428571399
40
-0.59999999999999976
40
-0.58571428571428552
40
-0.57142857142857129
40
-0.55714285714285705
40
-0.54285714285714282
40
-0.52857142857142858
40
-0.51428571428571435
40
-0.50000000000000011
40
-0.48571428571428582
40
-0.47142857142857153
40
-0.45714285714285724
40
-0.44285714285714295
40
-0.42857142857142866
40
-0.41428571428571437
40
-0.40000000000000008
40
-0.38571428571428579
40
-0.3714285714285715
40
-0.35714285714285721
40
-0.34285714285714292
40
-0.32857142857142863
40
-0.31428571428571433
40
-0.30000000000000004
40
-0.28571428571428575
40
-0.27142857142857146
40
-0.25714285714285717
40
-0.24285714285714291
40
-0.22857142857142862
40
-0.21428571428571433
40
-0.20000000000000004
40
-0.18571428571428575
40
-0.17142857142857146
40
-0.15714285714285717
40
-0.14285714285714288
40
-0.12857142857142859
40
-0.1142857142857143
40
-0.10000000000000001
40
-0.085714285714285715
40
-0.071428571428571425
40
-0.057142857142857141
40
-0.042857142857142858
40
-0.028571428571428571
40
-0.014285714285714285
40
0
40
0
40
0
40
0
40
0
40
0
41
1
41
1
41
1
41
1
41
1
41
1
41
1
41
1
41
1
41
1
41
1
41
1
41
1
41
1
41
1
41
1
41
1
41
1
41
1
41
1
41
1
41
1
41
1
41
1
41
1
41
1
41
1
41
1
41
1
41
1
41
1
41
1
41
1
41
1
41
1
41
1
41
1
41
1
41
1
41
1
41
1
41
1
41
1
41
1
41
1
41
1
41
1
41
1
41
1
41
1
41
1
41
1
41
1
41
1
41
1
41
1
41
1
41
1
41
1
41
1
41
1
41
1
41
1
41
1
41
1
41
1
41
1
41
1
41
1
41
1
41
1
41
1
41
1
41
1
41
1
10
20.89896526993698
20
24.232896043312042
30
0
10
20.887660257560981
20
24.228560781196968
30
0
10
20.865065585475939
20
24.219869980188157
30
0
10
20.83121963535212
20
24.206772948340394
30
0
10
20.786183848440309
20
24.189188538107583
30
0
10
20.73004295789195
20
24.167004915842046
30
0
10
20.674056399526798
20
24.144617766213923
30
0
10
20.618224921758312
20
24.12202655863894
30
0
10
20.562549563837337
20
24.099230680935424
30
0
10
20.507031696233359
20
24.07622947331803
30
0
10
20.451672940580504
20
24.05302223791719
30
0
10
20.396475078838336
20
24.029608246598578
30
0
10
20.34143996290684
20
24.005986751323185
30
0
10
20.286569428779501
20
23.982156993749673
30
0
10
20.231865192440711
20
23.958118219774924
30
0
10
20.177328883720868
20
23.933869666784943
30
0
10
20.122962105999662
20
23.909410546758984
30
0
10
20.06876648763194
20
23.884740031562544
30
0
10
20.014743731297735
20
23.859857240372317
30
0
10
19.960895674153019
20
23.834761223721721
30
0
10
19.907224268585914
20
23.809450976460962
30
0
10
19.853731539428452
20
23.78392545916229
30
0
10
19.800419545253643
20
23.758183620127863
30
0
10
19.747290342786773
20
23.732224414217775
30
0
10
19.694345933226046
20
23.706046836043075
30
0
10
19.641588302627756
20
23.679649884039694
30
0
10
19.589019496696196
20
23.653032500080961
30
0
10
19.536641688122206
20
23.626193514214133
30
0
10
19.484457234711758
20
23.599131598291141
30
0
10
19.432468768179572
20
23.571845193209228
30
0
10
19.380679124262159
20
23.544332573080414
30
0
10
19.329091203167255
20
23.516591969252492
30
0
10
19.277707838957447
20
23.488621687609847
30
0
10
19.226531690199785
20
23.46042020640148
30
0
10
19.175565053359676
20
23.431986344477593
30
0
10
19.124810035579369
20
23.403319104238221
30
0
10
19.074268901869214
20
23.374417356993035
30
0
10
19.023944393741857
20
23.345279554238196
30
0
10
18.97383999844007
20
23.315903484259529
30
0
10
18.9239603893527
20
23.286285873056922
30
0
10
18.874311060362579
20
23.256422719294388
30
0
10
18.824897553862094
20
23.226309999285078
30
0
10
18.775724749246031
20
23.195944317259993
30
0
10
18.726796266264
20
23.165323450994599
30
0
10
18.678113459393153
20
23.134447270654029
30
0
10
18.629676341302201
20
23.103316898554503
30
0
10
18.581485449114862
20
23.071933009387571
30
0
10
18.533543560987667
20
23.040294267013319
30
0
10
18.485857152305467
20
23.008395999177399
30
0
10
18.438438778862892
20
22.976228026332699
30
0
10
18.391304870961946
20
22.943776679055127
30
0
10
18.344471502943577
20
22.911028663591043
30
0
10
18.297950474884516
20
22.877974642339307
30
0
10
18.251745987161708
20
22.844612274165254
30
0
10
18.205849201637182
20
22.810951181820336
30
0
10
18.160244113292375
20
22.777007606572838
30
0
10
18.114917605544989
20
22.742795248615337
30
0
10
18.069868828779946
20
22.708316724041183
30
0
10
18.025117347320304
20
22.673556146605208
30
0
10
17.98071574571258
20
22.638467639334394
30
0
10
17.936734758380432
20
22.602988927928219
30
0
10
17.893240664436593
20
22.567062000046842
30
0
10
17.850273946259566
20
22.530652600495177
30
0
10
17.80783036723691
20
22.493767543189435
30
0
10
17.765833186403526
20
22.456480050321073
30
0
10
17.724175570009791
20
22.418891486303501
30
0
10
17.682776455047804
20
22.381080893803016
30
0
10
17.641633351860499
20
22.343057324005201
30
0
10
17.600872922022425
20
22.304714138640595
30
0
10
17.560812288830114
20
22.265773706482012
30
0
10
17.521872908995963
20
22.225864177302167
30
0
10
17.491958413551075
20
22.192860343385206
30
0
10
17.470368262910096
20
22.167369183373005
30
0
10
17.456369814704395
20
22.150029984008043
30
0
10
17.449469337881268
20
22.14127411035512
30
0
0
LINE
5
139
100
AcDbEntity
8
0
100
AcDbLine
10
17.449469337881268
20
22.14127411035512
30
0
11
17.443766200217993
21
22.134037515829146
31
0
0
ARC
5
140
100
AcDbEntity
8
0
100
AcDbCircle
10
17.051062004175719
20
22.443526472677032
30
0
40
0.50000000000000155
210
0
220
0
230
1
100
AcDbArc
50
232.77490584501808
51
321.75846532598632
0
ARC
5
141
100
AcDbEntity
8
0
100
AcDbCircle
10
-1.3877787807814457e-15
20
-2.7755575615628914e-16
30
0
40
27.685999999999993
210
0
220
-0
230
1
100
AcDbArc
50
52.774905845017251
51
55.225094154982756
0
ARC
5
142
100
AcDbEntity
8
0
100
AcDbCircle
10
16.075994169051029
20
23.151954722585245
30
0
40
0.49999999999999889
210
0
220
0
230
1
100
AcDbArc
50
146.24153467401413
51
235.22509415498132
0
LINE
5
143
100
AcDbEntity
8
0
100
AcDbLine
10
15.660300409580044
20
23.429801259970322
30
0
11
15.665420453500547
21
23.437461496898237
31
0
0
SPLINE
5
144
100
AcDbEntity
8
0
100
AcDbSpline
70
4
71
5
72
81
73
75
74
0
42
0.000000001
43
0.0000000001
44
0.0000000001
40
0
40
0
40
0
40
0
40
0
40
0
40
0.014285714285714285
40
0.028571428571428571
40
0.042857142857142858
40
0.057142857142857141
40
0.071428571428571425
40
0.085714285714285715
40
0.10000000000000001
40
0.1142857142857143
40
0.12857142857142859
40
0.14285714285714288
40
0.15714285714285717
40
0.17142857142857146
40
0.18571428571428575
40
0.20000000000000004
40
0.21428571428571433
40
0.22857142857142862
40
0.24285714285714291
40
0.25714285714285717
40
0.27142857142857146
40
0.28571428571428575
40
0.30000000000000004
40
0.31428571428571433
40
0.32857142857142863
40
0.34285714285714292
40
0.35714285714285721
40
0.3714285714285715
40
0.38571428571428579
40
0.40000000000000008
40
0.41428571428571437
40
0.42857142857142866
40
0.44285714285714295
40
0.45714285714285724
40
0.47142857142857153
40
0.48571428571428582
40
0.50000000000000011
40
0.51428571428571435
40
0.52857142857142858
40
0.54285714285714282
40
0.55714285714285705
40
0.57142857142857129
40
0.58571428571428552
40
0.59999999999999976
40
0.61428571428571399
40
0.62857142857142823
40
0.64285714285714246
40
0.6571428571428567
40
0.67142857142857093
40
0.68571428571428517
40
0.6999999999999994
40
0.71428571428571364
40
0.72857142857142787
40
0.74285714285714211
40
0.75714285714285634
40
0.77142857142857058
40
0.78571428571428481
40
0.79999999999999905
40
0.81428571428571328
40
0.82857142857142752
40
0.84285714285714175
40
0.85714285714285599
40
0.87142857142857022
40
0.88571428571428445
40
0.89999999999999869
40
0.91428571428571292
40
0.92857142857142716
40
0.94285714285714139
40
0.95714285714285563
40
0.97142857142856986
40
0.9857142857142841
40
1
40
1
40
1
40
1
40
1
40
1
41
1
41
1
41
1
41
1
41
1
41
1
41
1
41
1
41
1
41
1
41
1
41
1
41
1
41
1
41
1
41
1
41
1
41
1
41
1
41
1
41
1
41
1
41
1
41
1
41
1
41
1
41
1
41
1
41
1
41
1
41
1
41
1
41
1
41
1
41
1
41
1
41
1
41
1
41
1
41
1
41
1
41
1
41
1
41
1
41
1
41
1
41
1
41
1
41
1
41
1
41
1
41
1
41
1
41
1
41
1
41
1
41
1
41
1
41
1
41
1
41
1
41
1
41
1
41
1
41
1
41
1
41
1
41
1
41
1
41
1
41
1
41
1
41
1
41
1
41
1
10
15.665420453500547
20
23.437461496898237
30
0
10
15.671615419586381
20
23.446729954105766
30
0
10
15.683780219739333
20
23.465401376762447
30
0
10
15.701352030117675
20
23.493812031867446
30
0
10
15.723496453956507
20
23.532461153251859
30
0
10
15.749419741626099
20
23.581827426937689
30
0
10
15.774074876916016
20
23.631960608487454
30
0
10
15.797945747694545
20
23.682574776788083
30
0
10
15.821394393437371
20
23.733454122429297
30
0
10
15.844561373744597
20
23.784511136132785
30
0
10
15.867437311080863
20
23.835745388732946
30
0
10
15.889921981556279
20
23.887209550204528
30
0
10
15.911885968440727
20
23.938973902154874
30
0
10
15.93323591902951
20
23.991088802677414
30
0
10
15.953964043717978
20
24.043556175414082
30
0
10
15.97411543087555
20
24.096348104772439
30
0
10
15.993765734888278
20
24.149419482369339
30
0
10
16.012996040274455
20
24.202722279587398
30
0
10
16.031866228146743
20
24.2562206623153
30
0
10
16.050397452930433
20
24.309900932895864
30
0
10
16.068586964027411
20
24.363763090943728
30
0
10
16.086417678533394
20
24.417815377477645
30
0
10
16.103869204261635
20
24.472067995346869
30
0
10
16.120929658296813
20
24.526526376526409
30
0
10
16.13760256517817
20
24.581187249670784
30
0
10
16.153900451916371
20
24.636042277717554
30
0
10
16.169840928866954
20
24.691080281055847
30
0
10
16.185442073667321
20
24.746289857624188
30
0
10
16.20071744759602
20
24.80166221180535
30
0
10
16.215673495234924
20
24.857192628948354
30
0
10
16.230312345826228
20
24.912878879759276
30
0
10
16.244633523680463
20
24.968720244911964
30
0
10
16.258635965326334
20
25.02471636554295
30
0
10
16.272320212800601
20
25.080865993589097
30
0
10
16.285689498128516
20
25.137166373169109
30
0
10
16.298748558694239
20
25.193613913053102
30
0
10
16.311502933944798
20
25.250204585500295
30
0
10
16.323958127080019
20
25.306934401998447
30
0
10
16.336118696015618
20
25.363799929612306
30
0
10
16.347987821834053
20
25.420798535234191
30
0
10
16.359567824423987
20
25.477928090044621
30
0
10
16.370860477160406
20
25.535186788675244
30
0
10
16.381867379960028
20
25.592572935390038
30
0
10
16.39259036580988
20
25.650084711115973
30
0
10
16.403031703523592
20
25.707720057652455
30
0
10
16.413193880074349
20
25.765476803156304
30
0
10
16.423079473763831
20
25.823352735909637
30
0
10
16.432691002299833
20
25.881345692295497
30
0
10
16.44203076172175
20
25.939453651193688
30
0
10
16.451100743775584
20
25.9976747806178
30
0
10
16.459902732550905
20
26.056007375751346
30
0
10
16.468438366543356
20
26.114449817993037
30
0
10
16.476709212022143
20
26.173000527991412
30
0
10
16.484716843573228
20
26.231657913176157
30
0
10
16.492462890746779
20
26.290420340451277
30
0
10
16.499948989900943
20
26.349286176990002
30
0
10
16.507176755297749
20
26.408253818263461
30
0
10
16.514147746212579
20
26.467321718048602
30
0
10
16.520863433354226
20
26.526488422507548
30
0
10
16.527325180592506
20
26.585752584484752
30
0
10
16.533534278719443
20
26.645112911230346
30
0
10
16.539491972658887
20
26.704568121351446
30
0
10
16.54519949134513
20
26.764116900447892
30
0
10
16.550658082241203
20
26.823757849552244
30
0
10
16.555869033925759
20
26.883489456871288
30
0
10
16.560833630094741
20
26.943310192300242
30
0
10
16.565553113900833
20
27.003218586100743
30
0
10
16.570028650169942
20
27.063213311660629
30
0
10
16.574261289893574
20
27.123293269470853
30
0
10
16.578251936437276
20
27.183457660319689
30
0
10
16.582001325689156
20
27.243705936383162
30
0
10
16.584808270115488
20
27.291971396590107
30
0
10
16.58680531381939
20
27.328208013422405
30
0
10
16.588088619094044
20
27.352382428748889
30
0
10
16.588718257432632
20
27.364473804104513
30
0
0
ARC
5
145
100
AcDbEntity
8
0
100
AcDbCircle
10
-1.3877787807814457e-15
20
-2.7755575615628914e-16
30
0
40
32.000000000000014
210
0
220
-0
230
1
100
AcDbArc
50
58.775183421896145
51
61.224816578103692
0
SPLINE
5
146
100
AcDbEntity
8
0
100
AcDbSpline
70
4
71
5
72
81
73
75
74
0
42
0.000000001
43
0.0000000001
44
0.0000000001
40
-1
40
-1
40
-1
40
-1
40
-1
40
-1
40
-0.9857142857142841
40
-0.97142857142856986
40
-0.95714285714285563
40
-0.94285714285714139
40
-0.92857142857142716
40
-0.91428571428571292
40
-0.89999999999999869
40
-0.88571428571428445
40
-0.87142857142857022
40
-0.85714285714285599
40
-0.84285714285714175
40
-0.82857142857142752
40
-0.81428571428571328
40
-0.79999999999999905
40
-0.78571428571428481
40
-0.77142857142857058
40
-0.75714285714285634
40
-0.74285714285714211
40
-0.72857142857142787
40
-0.71428571428571364
40
-0.6999999999999994
40
-0.68571428571428517
40
-0.67142857142857093
40
-0.6571428571428567
40
-0.64285714285714246
40
-0.62857142857142823
40
-0.61428571428571399
40
-0.59999999999999976
40
-0.58571428571428552
40
-0.57142857142857129
40
-0.55714285714285705
40
-0.54285714285714282
40
-0.52857142857142858
40
-0.51428571428571435
40
-0.50000000000000011
40
-0.48571428571428582
40
-0.47142857142857153
40
-0.45714285714285724
40
-0.44285714285714295
40
-0.42857142857142866
40
-0.41428571428571437
40
-0.40000000000000008
40
-0.38571428571428579
40
-0.3714285714285715
40
-0.35714285714285721
40
-0.34285714285714292
40
-0.32857142857142863
40
-0.31428571428571433
40
-0.30000000000000004
40
-0.28571428571428575
40
-0.27142857142857146
40
-0.25714285714285717
40
-0.24285714285714291
40
-0.22857142857142862
40
-0.21428571428571433
40
-0.20000000000000004
40
-0.18571428571428575
40
-0.17142857142857146
40
-0.15714285714285717
40
-0.14285714285714288
40
-0.12857142857142859
40
-0.1142857142857143
40
-0.10000000000000001
40
-0.085714285714285715
40
-0.071428571428571425
40
-0.057142857142857141
40
-0.042857142857142858
40
-0.028571428571428571
40
-0.014285714285714285
40
0
40
0
40
0
40
0
40
0
40
0
41
1
41
1
41
1
41
1
41
1
41
1
41
1
41
1
41
1
41
1
41
1
41
1
41
1
41
1
41
1
41
1
41
1
41
1
41
1
41
1
41
1
41
1
41
1
41
1
41
1
41
1
41
1
41
1
41
1
41
1
41
1
41
1
41
1
41
1
41
1
41
1
41
1
41
1
41
1
41
1
41
1
41
1
41
1
41
1
41
1
41
1
41
1
41
1
41
1
41
1
41
1
41
1
41
1
41
1
41
1
41
1
41
1
41
1
41
1
41
1
41
1
41
1
41
1
41
1
41
1
41
1
41
1
41
1
41
1
41
1
41
1
41
1
41
1
41
1
41
1
10
15.40397034683199
20
28.048488329211633
30
0
10
15.393813727776626
20
28.041897358737415
30
0
10
15.373519722619582
20
28.028698776105504
30
0
10
15.343136413747567
20
28.008850977109315
30
0
10
15.302740771296154
20
27.982287361825627
30
0
10
15.252438928316918
20
27.948916157453077
30
0
10
15.202330360710468
20
27.915377960744294
30
0
10
15.152415910850333
20
27.881672408313452
30
0
10
15.102696722556948
20
27.847799117428909
30
0
10
15.053174273528839
20
27.813757727659819
30
0
10
15.00385029505879
20
27.779547893543484
30
0
10
14.954726681553897
20
27.745169273347244
30
0
10
14.905805399971747
20
27.710621520410193
30
0
10
14.857088403852995
20
27.675904274687113
30
0
10
14.808577528470508
20
27.641017155327035
30
0
10
14.760274526595346
20
27.60595975524172
30
0
10
14.712181130408229
20
27.570731636991937
30
0
10
14.664299104859403
20
27.535332329093922
30
0
10
14.616630298554693
20
27.499761323979559
30
0
10
14.569176705909028
20
27.4640180748966
30
0
10
14.521940445628552
20
27.428102004584481
30
0
10
14.474923714407037
20
27.392012517315713
30
0
10
14.428128744493021
20
27.355749012375959
30
0
10
14.381557764964207
20
27.319310895081369
30
0
10
14.335212942319927
20
27.282697598085651
30
0
10
14.28909642745327
20
27.245908554635623
30
0
10
14.243210441361875
20
27.208943155053081
30
0
10
14.197557352504939
20
27.171800706679367
30
0
10
14.152139743302222
20
27.134480400605064
30
0
10
14.106960512114854
20
27.096981258961812
30
0
10
14.062022791543987
20
27.059302183159197
30
0
10
14.017329786144334
20
27.021442046181392
30
0
10
13.972884620273852
20
26.983399780168014
30
0
10
13.928690210793345
20
26.945174449369169
30
0
10
13.884749049559794
20
26.906765375907998
30
0
10
13.841063405082036
20
26.868172022084011
30
0
10
13.797635727542412
20
26.829393754793589
30
0
10
13.754469020497002
20
26.790429629363963
30
0
10
13.711567154825184
20
26.751278207450746
30
0
10
13.668935382493954
20
26.711937258250764
30
0
10
13.626579909256138
20
26.672404010109293
30
0
10
13.584506992961103
20
26.632675679594865
30
0
10
13.542722112397218
20
26.592749959627412
30
0
10
13.501229270240344
20
26.552625429131581
30
0
10
13.460029818363232
20
26.512302242721365
30
0
10
13.419123535815116
20
26.471781500821621
30
0
10
13.378510807705979
20
26.431063975054609
30
0
10
13.338194629282095
20
26.390148936089478
30
0
10
13.298182305841914
20
26.349033160080062
30
0
10
13.258488235252672
20
26.307709300423273
30
0
10
13.219131330807958
20
26.26616740245661
30
0
10
13.180130079512566
20
26.224397804970231
30
0
10
13.141497964979701
20
26.182393827785898
30
0
10
13.103239582547257
20
26.140154054235836
30
0
10
13.065344286529248
20
26.097686059239066
30
0
10
13.027793044905632
20
26.055002401522735
30
0
10
12.990570179292686
20
26.012113754806538
30
0
10
12.953674314725081
20
25.969022501371001
30
0
10
12.917127890934568
20
25.925717169775005
30
0
10
12.880991881728178
20
25.882163818509447
30
0
10
12.845348423367824
20
25.838316240630313
30
0
10
12.810274408052278
20
25.794131471708958
30
0
10
12.775816555578455
20
25.74958442186826
30
0
10
12.741969305221241
20
25.704680875282762
30
0
10
12.708642369240097
20
25.659476498719545
30
0
10
12.675710173612577
20
25.614048229550871
30
0
10
12.643076992857605
20
25.568456529224093
30
0
10
12.610738509875794
20
25.522709733505859
30
0
10
12.578840789725291
20
25.476729868850892
30
0
10
12.547751748575621
20
25.430311304581188
30
0
10
12.51796094530831
20
25.383177942066801
30
0
10
12.495562036274874
20
25.344675747777995
30
0
10
12.479743592404962
20
25.315252786047363
30
0
10
12.469656066135952
20
25.295382048754611
30
0
10
12.46472682978326
20
25.285382822144928
30
0
0
LINE
5
147
100
AcDbEntity
8
0
100
AcDbLine
10
12.46472682978326
20
25.285382822144932
30
0
11
12.460652891964925
21
25.277118615577329
31
0
0
ARC
5
148
100
AcDbEntity
8
0
100
AcDbCircle
10
12.012183852500414
20
25.498196702781321
30
0
40
0.50000000000000244
210
0
220
0
230
1
100
AcDbArc
50
244.77490584501732
51
333.75846532598592
0
ARC
5
149
100
AcDbEntity
8
0
100
AcDbCircle
10
-1.3877787807814457e-15
20
-2.7755575615628914e-16
30
0
40
27.685999999999996
210
0
220
-0
230
1
100
AcDbArc
50
64.774905845017273
51
67.225094154982713
0
ARC
5
150
100
AcDbEntity
8
0
100
AcDbCircle
10
10.911133073759009
20
25.988416093458294
30
0
40
0.50000000000000022
210
0
220
0
230
1
100
AcDbArc
50
158.24153467401416
51
247.22509415498376
0
LINE
5
151
100
AcDbEntity
8
0
100
AcDbLine
10
10.446755676916856
20
26.1737634249797
30
0
11
10.450171182781599
21
26.182320784340369
31
0
0
SPLINE
5
152
100
AcDbEntity
8
0
100
AcDbSpline
70
4
71
5
72
81
73
75
74
0
42
0.000000001
43
0.0000000001
44
0.0000000001
40
0
40
0
40
0
40
0
40
0
40
0
40
0.014285714285714285
40
0.028571428571428571
40
0.042857142857142858
40
0.057142857142857141
40
0.071428571428571425
40
0.085714285714285715
40
0.10000000000000001
40
0.1142857142857143
40
0.12857142857142859
40
0.14285714285714288
40
0.15714285714285717
40
0.17142857142857146
40
0.18571428571428575
40
0.20000000000000004
40
0.21428571428571433
40
0.22857142857142862
40
0.24285714285714291
40
0.25714285714285717
40
0.27142857142857146
40
0.28571428571428575
40
0.30000000000000004
40
0.31428571428571433
40
0.32857142857142863
40
0.34285714285714292
40
0.35714285714285721
40
0.3714285714285715
40
0.38571428571428579
40
0.40000000000000008
40
0.41428571428571437
40
0.42857142857142866
40
0.44285714285714295
40
0.45714285714285724
40
0.47142857142857153
40
0.48571428571428582
40
0.50000000000000011
40
0.51428571428571435
40
0.52857142857142858
40
0.54285714285714282
40
0.55714285714285705
40
0.57142857142857129
40
0.58571428571428552
40
0.59999999999999976
40
0.61428571428571399
40
0.62857142857142823
40
0.64285714285714246
40
0.6571428571428567
40
0.67142857142857093
40
0.68571428571428517
40
0.6999999999999994
40
0.71428571428571364
40
0.72857142857142787
40
0.74285714285714211
40
0.75714285714285634
40
0.77142857142857058
40
0.78571428571428481
40
0.79999999999999905
40
0.81428571428571328
40
0.82857142857142752
40
0.84285714285714175
40
0.85714285714285599
40
0.87142857142857022
40
0.88571428571428445
40
0.89999999999999869
40
0.91428571428571292
40
0.92857142857142716
40
0.94285714285714139
40
0.95714285714285563
40
0.97142857142856986
40
0.9857142857142841
40
1
40
1
40
1
40
1
40
1
40
1
41
1
41
1
41
1
41
1
41
1
41
1
41
1
41
1
41
1
41
1
41
1
41
1
41
1
41
1
41
1
41
1
41
1
41
1
41
1
41
1
41
1
41
1
41
1
41
1
41
1
41
1
41
1
41
1
41
1
41
1
41
1
41
1
41
1
41
1
41
1
41
1
41
1
41
1
41
1
41
1
41
1
41
1
41
1
41
1
41
1
41
1
41
1
41
1
41
1
41
1
41
1
41
1
41
1
41
1
41
1
41
1
41
1
41
1
41
1
41
1
41
1
41
1
41
1
41
1
41
1
41
1
41
1
41
1
41
1
41
1
41
1
41
1
41
1
41
1
41
1
10
10.450171182781599
20
26.182320784340369
30
0
10
10.454303753385792
20
26.192674709393884
30
0
10
10.462320716414286
20
26.21346732083606
30
0
10
10.473601633236292
20
26.24491051976878
30
0
10
10.487226544108223
20
26.287319149723931
30
0
10
10.50231952031397
20
26.34099640645784
30
0
10
10.516012607201491
20
26.395160148573353
30
0
10
10.528838564870217
20
26.449631308964612
30
0
10
10.541196390664048
20
26.504274066414251
30
0
10
10.553241766820614
20
26.55903204791576
30
0
10
10.564965609954736
20
26.613902883982632
30
0
10
10.57625893560548
20
26.668917255905853
30
0
10
10.586980542740969
20
26.72411700221987
30
0
10
10.597028648600737
20
26.779531971454261
30
0
10
10.606395233854023
20
26.835162425664898
30
0
10
10.615130205559229
20
26.890990433681139
30
0
10
10.623316943432769
20
26.946987602277559
30
0
10
10.631044745812716
20
27.003123810796581
30
0
10
10.63837963559642
20
27.059376458171602
30
0
10
10.645345152837287
20
27.115736544324417
30
0
10
10.651938607124487
20
27.172203496996605
30
0
10
10.658141575452058
20
27.228781825385351
30
0
10
10.663931989959792
20
27.285477269609171
30
0
10
10.669297098031496
20
27.34229267234436
30
0
10
10.674241027337729
20
27.399225566525093
30
0
10
10.678777764516671
20
27.456270401785726
30
0
10
10.682926859467138
20
27.513419904215493
30
0
10
10.686708365408668
20
27.570666679467482
30
0
10
10.690137375984964
20
27.628004943678157
30
0
10
10.69322117517941
20
27.68543142512689
30
0
10
10.695962309201391
20
27.742944385929526
30
0
10
10.698360462312724
20
27.800543023577497
30
0
10
10.70041466889343
20
27.858226765941264
30
0
10
10.702125718622362
20
27.915994504926644
30
0
10
10.703497345877228
20
27.973844216850793
30
0
10
10.704534931177644
20
28.031773373918348
30
0
10
10.705244730334829
20
28.089779188120154
30
0
10
10.705632955548809
20
28.147858902282103
30
0
10
10.705704778881282
20
28.206010106130766
30
0
10
10.705463859354296
20
28.264230885482419
30
0
10
10.704912908767826
20
28.322519640369379
30
0
10
10.70405403710156
20
28.380874973580319
30
0
10
10.702889161873523
20
28.439295559076484
30
0
10
10.701420454222156
20
28.497779998635409
30
0
10
10.699650561306004
20
28.556326750745988
30
0
10
10.697582367303525
20
28.614934208095821
30
0
10
10.695218854016318
20
28.67360074335744
30
0
10
10.692562933975488
20
28.732324763654994
30
0
10
10.689617273260975
20
28.79110476940804
30
0
10
10.686384200985739
20
28.849939382770749
30
0
10
10.682865816704005
20
28.908827307114038
30
0
10
10.679064059632477
20
28.96776729986934
30
0
10
10.674980790179255
20
29.026758141843505
30
0
10
10.670617879635795
20
29.085798602642505
30
0
10
10.665977261482452
20
29.144887423659974
30
0
10
10.661060875802782
20
29.204023347968288
30
0
10
10.655870635183632
20
29.26320514172534
30
0
10
10.650408386304331
20
29.322431616688334
30
0
10
10.644675870005038
20
29.381701656566804
30
0
10
10.638674700441131
20
29.44101422720825
30
0
10
10.632406408975545
20
29.500368332483259
30
0
10
10.625872479744116
20
29.559762977834655
30
0
10
10.61907438810513
20
29.6191971330949
30
0
10
10.612013645123252
20
29.678669689229498
30
0
10
10.604691825538078
20
29.738179435392102
30
0
10
10.597110503120376
20
29.797725141809789
30
0
10
10.589271199432773
20
29.85730562932747
30
0
10
10.581175329665093
20
29.916919842503585
30
0
10
10.572824150442951
20
29.976566924369408
30
0
10
10.564218711556652
20
30.036246280998157
30
0
10
10.555359846712387
20
30.095957529536882
30
0
10
10.548070499228668
20
30.14375187019834
30
0
10
10.54248988646108
20
30.179611838744677
30
0
10
10.538719004871435
20
30.203524799264905
30
0
10
10.536820945807152
20
30.215482858230157
30
0
0
ARC
5
153
100
AcDbEntity
8
0
100
AcDbCircle
10
-1.3877787807814457e-15
20
-2.7755575615628914e-16
30
0
40
32.000000000000014
210
0
220
-0
230
1
100
AcDbArc
50
70.775183421896131
51
73.224816578103685
0
SPLINE
5
154
100
AcDbEntity
8
0
100
AcDbSpline
70
4
71
5
72
81
73
75
74
0
42
0.000000001
43
0.0000000001
44
0.0000000001
40
-1
40
-1
40
-1
40
-1
40
-1
40
-1
40
-0.9857142857142841
40
-0.97142857142856986
40
-0.95714285714285563
40
-0.94285714285714139
40
-0.92857142857142716
40
-0.91428571428571292
40
-0.89999999999999869
40
-0.88571428571428445
40
-0.87142857142857022
40
-0.85714285714285599
40
-0.84285714285714175
40
-0.82857142857142752
40
-0.81428571428571328
40
-0.79999999999999905
40
-0.78571428571428481
40
-0.77142857142857058
40
-0.75714285714285634
40
-0.74285714285714211
40
-0.72857142857142787
40
-0.71428571428571364
40
-0.6999999999999994
40
-0.68571428571428517
40
-0.67142857142857093
40
-0.6571428571428567
40
-0.64285714285714246
40
-0.62857142857142823
40
-0.61428571428571399
40
-0.59999999999999976
40
-0.58571428571428552
40
-0.57142857142857129
40
-0.55714285714285705
40
-0.54285714285714282
40
-0.52857142857142858
40
-0.51428571428571435
40
-0.50000000000000011
40
-0.48571428571428582
40
-0.47142857142857153
40
-0.45714285714285724
40
-0.44285714285714295
40
-0.42857142857142866
40
-0.41428571428571437
40
-0.40000000000000008
40
-0.38571428571428579
40
-0.3714285714285715
40
-0.35714285714285721
40
-0.34285714285714292
40
-0.32857142857142863
40
-0.31428571428571433
40
-0.30000000000000004
40
-0.28571428571428575
40
-0.27142857142857146
40
-0.25714285714285717
40
-0.24285714285714291
40
-0.22857142857142862
40
-0.21428571428571433
40
-0.20000000000000004
40
-0.18571428571428575
40
-0.17142857142857146
40
-0.15714285714285717
40
-0.14285714285714288
40
-0.12857142857142859
40
-0.1142857142857143
40
-0.10000000000000001
40
-0.085714285714285715
40
-0.071428571428571425
40
-0.057142857142857141
40
-0.042857142857142858
40
-0.028571428571428571
40
-0.014285714285714285
40
0
40
0
40
0
40
0
40
0
40
0
41
1
41
1
41
1
41
1
41
1
41
1
41
1
41
1
41
1
41
1
41
1
41
1
41
1
41
1
41
1
41
1
41
1
41
1
41
1
41
1
41
1
41
1
41
1
41
1
41
1
41
1
41
1
41
1
41
1
41
1
41
1
41
1
41
1
41
1
41
1
41
1
41
1
41
1
41
1
41
1
41
1
41
1
41
1
41
1
41
1
41
1
41
1
41
1
41
1
41
1
41
1
41
1
41
1
41
1
41
1
41
1
41
1
41
1
41
1
41
1
41
1
41
1
41
1
41
1
41
1
41
1
41
1
41
1
41
1
41
1
41
1
41
1
41
1
41
1
41
1
10
9.2357480031198218
20
30.638227083544976
30
0
10
9.2271836703746715
20
30.629668461748317
30
0
10
9.2100772775524273
20
30.612538938888164
30
0
10
9.1844845063252176
20
30.586807816799976
30
0
10
9.1504944917491411
20
30.552425953919673
30
0
10
9.1082301282522256
20
30.509325649204012
30
0
10
9.0661895362564735
20
30.466102185544859
30
0
10
9.0243736152796767
20
30.422755382636563
30
0
10
8.982783563721437
20
30.379285103924719
30
0
10
8.9414209019268061
20
30.335691304085582
30
0
10
8.9002873951814028
20
30.291974005161613
30
0
10
8.8593849675452017
20
30.248133266757236
30
0
10
8.8187156150678945
20
30.204169158740406
30
0
10
8.7782813234582022
20
30.160081735097677
30
0
10
8.7380839670672401
20
30.115871004875281
30
0
10
8.6981253450022233
20
30.071536934302415
30
0
10
8.6584072425402976
20
30.027079455639605
30
0
10
8.618931484090286
20
29.982498474659884
30
0
10
8.5796999833909062
20
29.93779387923351
30
0
10
8.5407148049505111
20
29.892965549218239
30
0
10
8.5019781411956448
20
29.848013360471839
30
0
10
8.4634922646757698
20
29.802937187003185
30
0
10
8.4252594837549672
20
29.75773690533558
30
0
10
8.3872821024419704
20
29.712412397231738
30
0
10
8.3495623578508269
20
29.666963558183802
30
0
10
8.3121024717070604
20
29.62139028101932
30
0
10
8.2749047432334226
20
29.575692431154383
30
0
10
8.2379716331444133
20
29.529869823496963
30
0
10
8.2013058356094568
20
29.483922203729499
30
0
10
8.1649103889637971
20
29.437849217955559
30
0
10
8.128788585763532
20
29.39165044289598
30
0
10
8.0929437948559215
20
29.345325442427313
30
0
10
8.0573792943448712
20
29.29887382161505
30
0
10
8.0220981319041247
20
29.252295271607117
30
0
10
7.9871028858761246
20
29.205589647426102
30
0
10
7.9523958869915665
20
29.158756894771059
30
0
10
7.9179796635200788
20
29.111796903794769
30
0
10
7.8838573497913433
20
29.06470937494224
30
0
10
7.8500330311453457
20
29.01749370610144
30
0
10
7.8165123085910651
20
28.97014880716295
30
0
10
7.7833018285301616
20
28.92267325728789
30
0
10
7.7504082907709204
20
28.875065634949515
30
0
10
7.717837534045958
20
28.827324822587119
30
0
10
7.6855937690212439
20
28.779450262382376
30
0
10
7.6536782858818082
20
28.731442386640751
30
0
10
7.6220906397139885
20
28.683302225801917
30
0
10
7.5908310467829168
20
28.635030614695207
30
0
10
7.5599025885179554
20
28.586627462674112
30
0
10
7.5293130808545587
20
28.538091135198197
30
0
10
7.4990781344766946
20
28.489417439690207
30
0
10
7.4692183190678163
20
28.440600571315727
30
0
10
7.4397537263257814
20
28.391634923649974
30
0
10
7.4106989341016485
20
28.342516765893457
30
0
10
7.3820587318559507
20
28.293245667760431
30
0
10
7.3538211316222561
20
28.243826825277232
30
0
10
7.3259649061696299
20
28.194268565753184
30
0
10
7.298472500533542
20
28.144578069942344
30
0
10
7.2713420744909785
20
28.094757382195322
30
0
10
7.2445979624584309
20
28.044799947232097
30
0
10
7.2183068626555125
20
27.994685242414267
30
0
10
7.1925587234335921
20
27.944385147619503
30
0
10
7.167437689519419
20
27.893873624082083
30
0
10
7.1429946762490317
20
27.843135843790847
30
0
10
7.1192230418149887
20
27.792176308382519
30
0
10
7.0960228977088473
20
27.741030696294917
30
0
10
7.0732554178226774
20
27.689748155326829
30
0
10
7.050814397865083
20
27.638367923251295
30
0
10
7.0286938819723268
20
27.586897256103011
30
0
10
7.0070529549422256
20
27.535290252878962
30
0
10
6.986294246115202
20
27.483422270497723
30
0
10
6.966954020469645
20
27.431125028761624
30
0
10
6.9530496376543125
20
27.388807204745426
30
0
10
6.9436942424578927
20
27.356738365911038
30
0
10
6.9379585114288602
20
27.335204537260552
30
0
10
6.9352159468283112
20
27.324398971878573
30
0
0
LINE
5
155
100
AcDbEntity
8
0
100
AcDbLine
10
6.9352159468283112
20
27.32439897187858
30
0
11
6.9329492594865076
21
27.315468338752407
31
0
0
ARC
5
156
100
AcDbEntity
8
0
100
AcDbCircle
10
6.448315625617564
20
27.438473383051324
30
0
40
0.49999999999999922
210
0
220
0
230
1
100
AcDbArc
50
256.77490584501714
51
345.75846532598621
0
ARC
5
157
100
AcDbEntity
8
0
100
AcDbCircle
10
-1.3877787807814457e-15
20
-2.7755575615628914e-16
30
0
40
27.685999999999996
210
0
220
-0
230
1
100
AcDbArc
50
76.774905845017258
51
79.225094154982727
0
ARC
5
158
100
AcDbEntity
8
0
100
AcDbCircle
10
5.2694031057182666
20
27.689058974790864
30
0
40
0.5
210
0
220
0
230
1
100
AcDbArc
50
170.24153467401408
51
259.22509415498251
0
LINE
5
159
100
AcDbEntity
8
0
100
AcDbLine
10
4.7766375920769297
20
27.77380653266594
30
0
11
4.7781992858902154
21
27.782887016792522
31
0
0
SPLINE
5
160
100
AcDbEntity
8
0
100
AcDbSpline
70
4
71
5
72
81
73
75
74
0
42
0.000000001
43
0.0000000001
44
0.0000000001
40
0
40
0
40
0
40
0
40
0
40
0
40
0.014285714285714285
40
0.028571428571428571
40
0.042857142857142858
40
0.057142857142857141
40
0.071428571428571425
40
0.085714285714285715
40
0.10000000000000001
40
0.1142857142857143
40
0.12857142857142859
40
0.14285714285714288
40
0.15714285714285717
40
0.17142857142857146
40
0.18571428571428575
40
0.20000000000000004
40
0.21428571428571433
40
0.22857142857142862
40
0.24285714285714291
40
0.25714285714285717
40
0.27142857142857146
40
0.28571428571428575
40
0.30000000000000004
40
0.31428571428571433
40
0.32857142857142863
40
0.34285714285714292
40
0.35714285714285721
40
0.3714285714285715
40
0.38571428571428579
40
0.40000000000000008
40
0.41428571428571437
40
0.42857142857142866
40
0.44285714285714295
40
0.45714285714285724
40
0.47142857142857153
40
0.48571428571428582
40
0.50000000000000011
40
0.51428571428571435
40
0.52857142857142858
40
0.54285714285714282
40
0.55714285714285705
40
0.57142857142857129
40
0.58571428571428552
40
0.59999999999999976
40
0.61428571428571399
40
0.62857142857142823
40
0.64285714285714246
40
0.6571428571428567
40
0.67142857142857093
40
0.68571428571428517
40
0.6999999999999994
40
0.71428571428571364
40
0.72857142857142787
40
0.74285714285714211
40
0.75714285714285634
40
0.77142857142857058
40
0.78571428571428481
40
0.79999999999999905
40
0.81428571428571328
40
0.82857142857142752
40
0.84285714285714175
40
0.85714285714285599
40
0.87142857142857022
40
0.88571428571428445
40
0.89999999999999869
40
0.91428571428571292
40
0.92857142857142716
40
0.94285714285714139
40
0.95714285714285563
40
0.97142857142856986
40
0.9857142857142841
40
1
40
1
40
1
40
1
40
1
40
1
41
1
41
1
41
1
41
1
41
1
41
1
41
1
41
1
41
1
41
1
41
1
41
1
41
1
41
1
41
1
41
1
41
1
41
1
41
1
41
1
41
1
41
1
41
1
41
1
41
1
41
1
41
1
41
1
41
1
41
1
41
1
41
1
41
1
41
1
41
1
41
1
41
1
41
1
41
1
41
1
41
1
41
1
41
1
41
1
41
1
41
1
41
1
41
1
41
1
41
1
41
1
41
1
41
1
41
1
41
1
41
1
41
1
41
1
41
1
41
1
41
1
41
1
41
1
41
1
41
1
41
1
41
1
41
1
41
1
41
1
41
1
41
1
41
1
41
1
41
1
10
4.7781992858902154
20
27.782887016792522
30
0
10
4.7800888478470904
20
27.793873893483539
30
0
10
4.7836075939971225
20
27.815878956817176
30
0
10
4.7881045870658241
20
27.848980480903045
30
0
10
4.7926145109861746
20
27.893295158800711
30
0
10
4.7962175402437532
20
27.948937444891367
30
0
10
4.7983501251251663
20
28.004764532135724
30
0
10
4.7995706137881946
20
28.060712033526872
30
0
10
4.8002975233464173
20
28.116730052079348
30
0
10
4.8006948546141492
20
28.172795814829321
30
0
10
4.8007542153439262
20
28.228905115527279
30
0
10
4.8003626236476729
20
28.285065305860861
30
0
10
4.7993732653544017
20
28.34128795274686
30
0
10
4.7976803760429165
20
28.397581090627039
30
0
10
4.7952760571395938
20
28.453943308518102
30
0
10
4.7922128532138757
20
28.510367443349416
30
0
10
4.7885782252188296
20
28.566843057973458
30
0
10
4.7844657825464285
20
28.623359256109747
30
0
10
4.7799448043612891
20
28.679907657511436
30
0
10
4.7750401875316442
20
28.736484353025944
30
0
10
4.7697494194178169
20
28.793088223532166
30
0
10
4.7640535420859127
20
28.849719849332228
30
0
10
4.7579297764736674
20
28.906380256943134
30
0
10
4.7513650576145192
20
28.963069575503894
30
0
10
4.7443639359113448
20
29.019786250050949
30
0
10
4.7369412463466265
20
29.076527759493068
30
0
10
4.7291176239380759
20
29.133291053524385
30
0
10
4.7209142210654376
20
29.190073068681009
30
0
10
4.7123470040729405
20
29.246871285635663
30
0
10
4.7034237780004071
20
29.303684018587987
30
0
10
4.69414739474289
20
29.360510097017453
30
0
10
4.6845177123127417
20
29.41734867030657
30
0
10
4.6745339051435213
20
29.474198978064521
30
0
10
4.6641969760434456
20
29.531060100595102
30
0
10
4.6535109985324272
20
29.587930834858575
30
0
10
4.642481761111017
20
29.644809826970921
30
0
10
4.6311159625456657
20
29.70169565050394
30
0
10
4.6194202525336419
20
29.758586900123404
30
0
10
4.6074001912387121
20
29.815482293558247
30
0
10
4.5950597557056838
20
29.872380719207719
30
0
10
4.5824019311272002
20
29.929281175882171
30
0
10
4.569429071871383
20
29.986182735592138
30
0
10
4.5561433292528566
20
30.043084499950425
30
0
10
4.542547117672262
20
30.09998555269414
30
0
10
4.5286433469395773
20
30.156884936373093
30
0
10
4.5144351723860652
20
30.213781678452946
30
0
10
4.4999258489942173
20
30.270674807118656
30
0
10
4.4851185568268592
20
30.327563369851781
30
0
10
4.4700162154839891
20
30.384446454150513
30
0
10
4.4546213896521181
20
30.441323196528074
30
0
10
4.4389364025895208
20
30.498192765211691
30
0
10
4.4229634094808921
20
30.555054347971733
30
0
10
4.4067044835644591
20
30.611907139057944
30
0
10
4.3901617110527793
20
30.668750324026735
30
0
10
4.3733372448539933
20
30.725583073768451
30
0
10
4.3562332439861304
20
30.782404562188436
30
0
10
4.3388518357716226
20
30.839213980056144
30
0
10
4.32119507358499
20
30.896010549040945
30
0
10
4.3032648923147025
20
30.952793539187049
30
0
10
4.285063085855354
20
31.009562274542411
30
0
10
4.2665913592128941
20
31.066316099133715
30
0
10
4.2478513708712748
20
31.123054348706436
30
0
10
4.22884477813255
20
31.179776322348886
30
0
10
4.2095732896222273
20
31.236481249429659
30
0
10
4.1900386974171777
20
31.293168272969076
30
0
10
4.1702427965816824
20
31.34983651727303
30
0
10
4.1501873205886781
20
31.40648514530448
30
0
10
4.129873873141352
20
31.463113418920287
30
0
10
4.109303861578848
20
31.51972076114572
30
0
10
4.088478436235353
20
31.576306809296391
30
0
10
4.0673984921981843
20
31.632871362222868
30
0
10
4.0503314322676252
20
31.678105741309224
30
0
10
4.0374170625852477
20
31.712021808868904
30
0
10
4.0287567997514628
20
31.734628203461035
30
0
10
4.0244139975733209
20
31.745930321478003
30
0
0
ARC
5
161
100
AcDbEntity
8
0
100
AcDbCircle
10
-1.3877787807814457e-15
20
-2.7755575615628914e-16
30
0
40
32.000000000000007
210
0
220
-0
230
1
100
AcDbArc
50
82.775183421896145
51
85.224816578103685
0
SPLINE
5
162
100
AcDbEntity
8
0
100
AcDbSpline
70
4
71
5
72
81
73
75
74
0
42
0.000000001
43
0.0000000001
44
0.0000000001
40
-1
40
-1
40
-1
40
-1
40
-1
40
-1
40
-0.9857142857142841
40
-0.97142857142856986
40
-0.95714285714285563
40
-0.94285714285714139
40
-0.92857142857142716
40
-0.91428571428571292
40
-0.89999999999999869
40
-0.88571428571428445
40
-0.87142857142857022
40
-0.85714285714285599
40
-0.84285714285714175
40
-0.82857142857142752
40
-0.81428571428571328
40
-0.79999999999999905
40
-0.78571428571428481
40
-0.77142857142857058
40
-0.75714285714285634
40
-0.74285714285714211
40
-0.72857142857142787
40
-0.71428571428571364
40
-0.6999999999999994
40
-0.68571428571428517
40
-0.67142857142857093
40
-0.6571428571428567
40
-0.64285714285714246
40
-0.62857142857142823
40
-0.61428571428571399
40
-0.59999999999999976
40
-0.58571428571428552
40
-0.57142857142857129
40
-0.55714285714285705
40
-0.54285714285714282
40
-0.52857142857142858
40
-0.51428571428571435
40
-0.50000000000000011
40
-0.48571428571428582
40
-0.47142857142857153
40
-0.45714285714285724
40
-0.44285714285714295
40
-0.42857142857142866
40
-0.41428571428571437
40
-0.40000000000000008
40
-0.38571428571428579
40
-0.3714285714285715
40
-0.35714285714285721
40
-0.34285714285714292
40
-0.32857142857142863
40
-0.31428571428571433
40
-0.30000000000000004
40
-0.28571428571428575
40
-0.27142857142857146
40
-0.25714285714285717
40
-0.24285714285714291
40
-0.22857142857142862
40
-0.21428571428571433
40
-0.20000000000000004
40
-0.18571428571428575
40
-0.17142857142857146
40
-0.15714285714285717
40
-0.14285714285714288
40
-0.12857142857142859
40
-0.1142857142857143
40
-0.10000000000000001
40
-0.085714285714285715
40
-0.071428571428571425
40
-0.057142857142857141
40
-0.042857142857142858
40
-0.028571428571428571
40
-0.014285714285714285
40
0
40
0
40
0
40
0
40
0
40
0
41
1
41
1
41
1
41
1
41
1
41
1
41
1
41
1
41
1
41
1
41
1
41
1
41
1
41
1
41
1
41
1
41
1
41
1
41
1
41
1
41
1
41
1
41
1
41
1
41
1
41
1
41
1
41
1
41
1
41
1
41
1
41
1
41
1
41
1
41
1
41
1
41
1
41
1
41
1
41
1
41
1
41
1
41
1
41
1
41
1
41
1
41
1
41
1
41
1
41
1
41
1
41
1
41
1
41
1
41
1
41
1
41
1
41
1
41
1
41
1
41
1
41
1
41
1
41
1
41
1
41
1
41
1
41
1
41
1
41
1
41
1
41
1
41
1
41
1
41
1
10
2.6638791536353903
20
31.888928295802401
30
0
10
2.6572814096376485
20
31.878776075524648
30
0
10
2.6441102606021136
20
31.858464254781804
30
0
10
2.6244265539300859
20
31.82797438310849
30
0
10
2.5983276939684927
20
31.787276925021946
30
0
10
2.5659479654456407
20
31.736331210097433
30
0
10
2.5338127246639397
20
31.685311552259012
30
0
10
2.5019228889722198
20
31.634217962161397
30
0
10
2.470279658973431
20
31.583050555395506
30
0
10
2.4388845312127749
20
31.531809603725534
30
0
10
2.4077392278172596
20
31.480495495735795
30
0
10
2.3768456184090736
20
31.429108689762764
30
0
10
2.3462056408930696
20
31.37764966914968
30
0
10
2.315821226361038
20
31.326118899555418
30
0
10
2.2856942063242047
20
31.274516779528039
30
0
10
2.2558263475963161
20
31.222843650090152
30
0
10
2.226219410525764
20
31.171099816162506
30
0
10
2.1968751992445457
20
31.119285564893179
30
0
10
2.1677956089846839
20
31.06740118449137
30
0
10
2.1389826841190409
20
31.015446986675663
30
0
10
2.1104385949750104
20
30.963423305847716
30
0
10
2.0821655906364214
20
30.911330491259239
30
0
10
2.0541659546963054
20
30.859168902067676
30
0
10
2.0264419653981989
20
30.806938901649843
30
0
10
1.9989958326982371
20
30.754640852903815
30
0
10
1.9718297520543293
20
30.702275112921804
30
0
10
1.9449460004272467
20
30.649842028096185
30
0
10
1.9183470232417765
20
30.59734192899095
30
0
10
1.8920355086688734
20
30.544775126995297
30
0
10
1.8660145022280694
20
30.492141907651718
30
0
10
1.840287312529898
20
30.439442541491587
30
0
10
1.8148573254793887
20
30.386677302344559
30
0
10
1.7897278296575092
20
30.333846485462512
30
0
10
1.7649018703529817
20
30.28095042238952
30
0
10
1.7403819997077796
20
30.227989507383821
30
0
10
1.7161705088103374
20
30.174964171917232
30
0
10
1.6922698935200498
20
30.121874834199769
30
0
10
1.6686832819549602
20
30.068721852886235
30
0
10
1.645414795366702
20
30.015505488412117
30
0
10
1.6224701390152696
20
29.962225839004745
30
0
10
1.5998561094715069
20
29.908882896738618
30
0
10
1.5775795556888406
20
29.855476664119188
30
0
10
1.5556464211635168
20
29.802007261947931
30
0
10
1.5340609405252892
20
29.748475020042857
30
0
10
1.5128242858842023
20
29.694880629507068
30
0
10
1.4919358078085621
20
29.641225005759924
30
0
10
1.4713955442668136
20
29.587509010351766
30
0
10
1.451206528198159
20
29.533733195282124
30
0
10
1.4313767445811787
20
29.479897586753552
30
0
10
1.4119223346547727
20
29.426001329450351
30
0
10
1.3928646254983901
20
29.372043022065348
30
0
10
1.3742244353993438
20
29.318021357986463
30
0
10
1.3560167993245031
20
29.263935718846778
30
0
10
1.3382464915346248
20
29.209786679548181
30
0
10
1.3209007057144961
20
29.155576830132969
30
0
10
1.303956947154139
20
29.101309902549325
30
0
10
1.2873965515444041
20
29.046989270752231
30
0
10
1.2712172938311705
20
28.992616551814461
30
0
10
1.2554443395849013
20
28.938190393114258
30
0
10
1.2401471964055311
20
28.883704587821732
30
0
10
1.2254196935593198
20
28.829150331620514
30
0
10
1.2113495507726679
20
28.774519649426789
30
0
10
1.1979896536762247
20
28.719808623150634
30
0
10
1.1853325696590788
20
28.665020275147775
30
0
10
1.1732731750520198
20
28.610168736207907
30
0
10
1.1616654590287101
20
28.555273216561648
30
0
10
1.1503973801246059
20
28.500350015428758
30
0
10
1.1394616040114292
20
28.445404991988475
30
0
10
1.1290232824576296
20
28.390426323874113
30
0
10
1.1195021611403355
20
28.335375803101577
30
0
10
1.1114577737819376
20
28.280200322557661
30
0
10
1.1066556054343735
20
28.235916360787026
30
0
10
1.1041721345737032
20
28.202603206989284
30
0
10
1.1030388777537004
20
28.180347418623889
30
0
10
1.1026028481386219
20
28.169207769527649
30
0
0
LINE
5
163
100
AcDbEntity
8
0
100
AcDbLine
10
1.1026028481386219
20
28.169207769527649
30
0
11
1.1022424763869618
21
28.160001021364476
31
0
0
ARC
5
164
100
AcDbEntity
8
0
100
AcDbCircle
10
0.60262506344384115
20
28.179557112078768
30
0
40
0.49999999999999845
210
0
220
0
230
1
100
AcDbArc
50
268.77490584501726
51
357.75846532598672
0
ARC
5
165
100
AcDbEntity
8
0
100
AcDbCircle
10
-1.3877787807814457e-15
20
-2.7755575615628914e-16
30
0
40
27.685999999999996
210
0
220
-0
230
1
100
AcDbArc
50
88.774905845017273
51
91.225094154982742
0
ARC
5
166
100
AcDbEntity
8
0
100
AcDbCircle
10
-0.60262506344383138
20
28.179557112078768
30
0
40
0.50000000000000011
210
0
220
0
230
1
100
AcDbArc
50
182.24153467401328
51
271.22509415498115
0
LINE
5
167
100
AcDbEntity
8
0
100
AcDbLine
10
-1.1022424763869496
20
28.160001021364476
30
0
11
-1.1026028481386136
21
28.169207769527659
31
0
0
SPLINE
5
168
100
AcDbEntity
8
0
100
AcDbSpline
70
4
71
5
72
81
73
75
74
0
42
0.000000001
43
0.0000000001
44
0.0000000001
40
0
40
0
40
0
40
0
40
0
40
0
40
0.014285714285714285
40
0.028571428571428571
40
0.042857142857142858
40
0.057142857142857141
40
0.071428571428571425
40
0.085714285714285715
40
0.10000000000000001
40
0.1142857142857143
40
0.12857142857142859
40
0.14285714285714288
40
0.15714285714285717
40
0.17142857142857146
40
0.18571428571428575
40
0.20000000000000004
40
0.21428571428571433
40
0.22857142857142862
40
0.24285714285714291
40
0.25714285714285717
40
0.27142857142857146
40
0.28571428571428575
40
0.30000000000000004
40
0.31428571428571433
40
0.32857142857142863
40
0.34285714285714292
40
0.35714285714285721
40
0.3714285714285715
40
0.38571428571428579
40
0.40000000000000008
40
0.41428571428571437
40
0.42857142857142866
40
0.44285714285714295
40
0.45714285714285724
40
0.47142857142857153
40
0.48571428571428582
40
0.50000000000000011
40
0.51428571428571435
40
0.52857142857142858
40
0.54285714285714282
40
0.55714285714285705
40
0.57142857142857129
40
0.58571428571428552
40
0.59999999999999976
40
0.61428571428571399
40
0.62857142857142823
40
0.64285714285714246
40
0.6571428571428567
40
0.67142857142857093
40
0.68571428571428517
40
0.6999999999999994
40
0.71428571428571364
40
0.72857142857142787
40
0.74285714285714211
40
0.75714285714285634
40
0.77142857142857058
40
0.78571428571428481
40
0.79999999999999905
40
0.81428571428571328
40
0.82857142857142752
40
0.84285714285714175
40
0.85714285714285599
40
0.87142857142857022
40
0.88571428571428445
40
0.89999999999999869
40
0.91428571428571292
40
0.92857142857142716
40
0.94285714285714139
40
0.95714285714285563
40
0.97142857142856986
40
0.9857142857142841
40
1
40
1
40
1
40
1
40
1
40
1
41
1
41
1
41
1
41
1
41
1
41
1
41
1
41
1
41
1
41
1
41
1
41
1
41
1
41
1
41
1
41
1
41
1
41
1
41
1
41
1
41
1
41
1
41
1
41
1
41
1
41
1
41
1
41
1
41
1
41
1
41
1
41
1
41
1
41
1
41
1
41
1
41
1
41
1
41
1
41
1
41
1
41
1
41
1
41
1
41
1
41
1
41
1
41
1
41
1
41
1
41
1
41
1
41
1
41
1
41
1
41
1
41
1
41
1
41
1
41
1
41
1
41
1
41
1
41
1
41
1
41
1
41
1
41
1
41
1
41
1
41
1
41
1
41
1
41
1
41
1
10
-1.1026028481386136
20
28.169207769527659
30
0
10
-1.1030388777536904
20
28.180347418623889
30
0
10
-1.1041721345736937
20
28.202603206989288
30
0
10
-1.1066556054343639
20
28.235916360787026
30
0
10
-1.1114577737819298
20
28.280200322557661
30
0
10
-1.1195021611403277
20
28.335375803101584
30
0
10
-1.1290232824576196
20
28.390426323874117
30
0
10
-1.1394616040114207
20
28.445404991988479
30
0
10
-1.1503973801245975
20
28.500350015428761
30
0
10
-1.1616654590287028
20
28.555273216561652
30
0
10
-1.1732731750520109
20
28.610168736207914
30
0
10
-1.1853325696590704
20
28.665020275147771
30
0
10
-1.1979896536762142
20
28.719808623150634
30
0
10
-1.2113495507726584
20
28.774519649426797
30
0
10
-1.2254196935593114
20
28.829150331620514
30
0
10
-1.2401471964055215
20
28.883704587821736
30
0
10
-1.2554443395848924
20
28.938190393114262
30
0
10
-1.2712172938311634
20
28.992616551814464
30
0
10
-1.2873965515443935
20
29.046989270752238
30
0
10
-1.303956947154129
20
29.101309902549325
30
0
10
-1.3209007057144877
20
29.155576830132972
30
0
10
-1.3382464915346159
20
29.209786679548188
30
0
10
-1.3560167993244949
20
29.263935718846781
30
0
10
-1.3742244353993343
20
29.318021357986467
30
0
10
-1.3928646254983819
20
29.372043022065345
30
0
10
-1.4119223346547622
20
29.426001329450347
30
0
10
-1.4313767445811725
20
29.479897586753552
30
0
10
-1.4512065281981501
20
29.533733195282128
30
0
10
-1.4713955442668025
20
29.58750901035177
30
0
10
-1.4919358078085543
20
29.641225005759928
30
0
10
-1.5128242858841934
20
29.694880629507068
30
0
10
-1.5340609405252803
20
29.748475020042861
30
0
10
-1.5556464211635084
20
29.802007261947931
30
0
10
-1.5775795556888332
20
29.855476664119195
30
0
10
-1.5998561094714963
20
29.908882896738621
30
0
10
-1.62247013901526
20
29.962225839004752
30
0
10
-1.6454147953666927
20
30.015505488412121
30
0
10
-1.6686832819549502
20
30.068721852886235
30
0
10
-1.6922698935200393
20
30.121874834199769
30
0
10
-1.7161705088103281
20
30.174964171917239
30
0
10
-1.7403819997077707
20
30.227989507383821
30
0
10
-1.7649018703529729
20
30.28095042238952
30
0
10
-1.7897278296575003
20
30.333846485462516
30
0
10
-1.8148573254793798
20
30.386677302344562
30
0
10
-1.8402873125298891
20
30.439442541491587
30
0
10
-1.8660145022280605
20
30.492141907651718
30
0
10
-1.8920355086688652
20
30.544775126995305
30
0
10
-1.9183470232417665
20
30.597341928990947
30
0
10
-1.9449460004272372
20
30.649842028096192
30
0
10
-1.9718297520543204
20
30.702275112921807
30
0
10
-1.9989958326982289
20
30.754640852903812
30
0
10
-2.0264419653981887
20
30.806938901649843
30
0
10
-2.0541659546962969
20
30.859168902067676
30
0
10
-2.0821655906364112
20
30.91133049125925
30
0
10
-2.1104385949750011
20
30.963423305847719
30
0
10
-2.138982684119032
20
31.015446986675663
30
0
10
-2.1677956089846746
20
31.067401184491374
30
0
10
-2.1968751992445359
20
31.119285564893183
30
0
10
-2.2262194105257551
20
31.17109981616251
30
0
10
-2.2558263475963063
20
31.222843650090152
30
0
10
-2.2856942063241941
20
31.274516779528042
30
0
10
-2.3158212263610292
20
31.326118899555418
30
0
10
-2.3462056408930603
20
31.37764966914968
30
0
10
-2.3768456184090629
20
31.429108689762767
30
0
10
-2.4077392278172494
20
31.480495495735795
30
0
10
-2.4388845312127652
20
31.531809603725538
30
0
10
-2.4702796589734222
20
31.583050555395506
30
0
10
-2.50192288897221
20
31.634217962161394
30
0
10
-2.533812724663929
20
31.685311552259023
30
0
10
-2.5659479654456305
20
31.736331210097436
30
0
10
-2.5983276939684847
20
31.787276925021942
30
0
10
-2.6244265539300757
20
31.827974383108497
30
0
10
-2.6441102606021043
20
31.858464254781815
30
0
10
-2.6572814096376396
20
31.878776075524648
30
0
10
-2.6638791536353805
20
31.888928295802405
30
0
0
ARC
5
169
100
AcDbEntity
8
0
100
AcDbCircle
10
-1.3877787807814457e-15
20
-2.7755575615628914e-16
30
0
40
32.000000000000007
210
0
220
0
230
1
100
AcDbArc
50
94.775183421896159
51
97.224816578103685
0
SPLINE
5
170
100
AcDbEntity
8
0
100
AcDbSpline
70
4
71
5
72
81
73
75
74
0
42
0.000000001
43
0.0000000001
44
0.0000000001
40
-1
40
-1
40
-1
40
-1
40
-1
40
-1
40
-0.9857142857142841
40
-0.97142857142856986
40
-0.95714285714285563
40
-0.94285714285714139
40
-0.92857142857142716
40
-0.91428571428571292
40
-0.89999999999999869
40
-0.88571428571428445
40
-0.87142857142857022
40
-0.85714285714285599
40
-0.84285714285714175
40
-0.82857142857142752
40
-0.81428571428571328
40
-0.79999999999999905
40
-0.78571428571428481
40
-0.77142857142857058
40
-0.75714285714285634
40
-0.74285714285714211
40
-0.72857142857142787
40
-0.71428571428571364
40
-0.6999999999999994
40
-0.68571428571428517
40
-0.67142857142857093
40
-0.6571428571428567
40
-0.64285714285714246
40
-0.62857142857142823
40
-0.61428571428571399
40
-0.59999999999999976
40
-0.58571428571428552
40
-0.57142857142857129
40
-0.55714285714285705
40
-0.54285714285714282
40
-0.52857142857142858
40
-0.51428571428571435
40
-0.50000000000000011
40
-0.48571428571428582
40
-0.47142857142857153
40
-0.45714285714285724
40
-0.44285714285714295
40
-0.42857142857142866
40
-0.41428571428571437
40
-0.40000000000000008
40
-0.38571428571428579
40
-0.3714285714285715
40
-0.35714285714285721
40
-0.34285714285714292
40
-0.32857142857142863
40
-0.31428571428571433
40
-0.30000000000000004
40
-0.28571428571428575
40
-0.27142857142857146
40
-0.25714285714285717
40
-0.24285714285714291
40
-0.22857142857142862
40
-0.21428571428571433
40
-0.20000000000000004
40
-0.18571428571428575
40
-0.17142857142857146
40
-0.15714285714285717
40
-0.14285714285714288
40
-0.12857142857142859
40
-0.1142857142857143
40
-0.10000000000000001
40
-0.085714285714285715
40
-0.071428571428571425
40
-0.057142857142857141
40
-0.042857142857142858
40
-0.028571428571428571
40
-0.014285714285714285
40
0
40
0
40
0
40
0
40
0
40
0
41
1
41
1
41
1
41
1
41
1
41
1
41
1
41
1
41
1
41
1
41
1
41
1
41
1
41
1
41
1
41
1
41
1
41
1
41
1
41
1
41
1
41
1
41
1
41
1
41
1
41
1
41
1
41
1
41
1
41
1
41
1
41
1
41
1
41
1
41
1
41
1
41
1
41
1
41
1
41
1
41
1
41
1
41
1
41
1
41
1
41
1
41
1
41
1
41
1
41
1
41
1
41
1
41
1
41
1
41
1
41
1
41
1
41
1
41
1
41
1
41
1
41
1
41
1
41
1
41
1
41
1
41
1
41
1
41
1
41
1
41
1
41
1
41
1
41
1
41
1
10
-4.0244139975733111
20
31.745930321478006
30
0
10
-4.0287567997514531
20
31.734628203461043
30
0
10
-4.0374170625852388
20
31.712021808868908
30
0
10
-4.0503314322676172
20
31.678105741309231
30
0
10
-4.0673984921981745
20
31.632871362222872
30
0
10
-4.0884784362353424
20
31.576306809296391
30
0
10
-4.1093038615788382
20
31.519720761145727
30
0
10
-4.1298738731413422
20
31.463113418920297
30
0
10
-4.1501873205886692
20
31.406485145304487
30
0
10
-4.17024279658167
20
31.349836517273033
30
0
10
-4.1900386974171688
20
31.293168272969076
30
0
10
-4.2095732896222176
20
31.236481249429666
30
0
10
-4.2288447781325402
20
31.179776322348896
30
0
10
-4.2478513708712651
20
31.123054348706439
30
0
10
-4.2665913592128826
20
31.066316099133722
30
0
10
-4.2850630858553451
20
31.009562274542422
30
0
10
-4.3032648923146901
20
30.952793539187049
30
0
10
-4.3211950735849793
20
30.896010549040952
30
0
10
-4.3388518357716137
20
30.839213980056147
30
0
10
-4.3562332439861198
20
30.782404562188436
30
0
10
-4.3733372448539845
20
30.725583073768451
30
0
10
-4.3901617110527678
20
30.668750324026739
30
0
10
-4.4067044835644484
20
30.611907139057948
30
0
10
-4.4229634094808823
20
30.555054347971748
30
0
10
-4.4389364025895111
20
30.498192765211694
30
0
10
-4.4546213896521101
20
30.441323196528074
30
0
10
-4.4700162154839802
20
30.384446454150513
30
0
10
-4.4851185568268503
20
30.327563369851784
30
0
10
-4.4999258489942093
20
30.27067480711866
30
0
10
-4.5144351723860536
20
30.21378167845295
30
0
10
-4.5286433469395684
20
30.156884936373093
30
0
10
-4.5425471176722541
20
30.09998555269414
30
0
10
-4.556143329252845
20
30.043084499950432
30
0
10
-4.569429071871375
20
29.986182735592145
30
0
10
-4.5824019311271904
20
29.929281175882171
30
0
10
-4.5950597557056758
20
29.872380719207726
30
0
10
-4.6074001912387006
20
29.815482293558251
30
0
10
-4.6194202525336303
20
29.758586900123404
30
0
10
-4.6311159625456542
20
29.701695650503936
30
0
10
-4.6424817611110081
20
29.644809826970928
30
0
10
-4.6535109985324183
20
29.587930834858582
30
0
10
-4.664196976043435
20
29.531060100595106
30
0
10
-4.6745339051435124
20
29.474198978064521
30
0
10
-4.6845177123127328
20
29.41734867030657
30
0
10
-4.6941473947428802
20
29.360510097017457
30
0
10
-4.7034237780003991
20
29.303684018587997
30
0
10
-4.7123470040729307
20
29.246871285635663
30
0
10
-4.7209142210654287
20
29.190073068681013
30
0
10
-4.729117623938067
20
29.133291053524385
30
0
10
-4.7369412463466176
20
29.076527759493072
30
0
10
-4.7443639359113359
20
29.019786250050949
30
0
10
-4.7513650576145121
20
28.963069575503894
30
0
10
-4.7579297764736594
20
28.906380256943137
30
0
10
-4.7640535420859038
20
28.849719849332232
30
0
10
-4.7697494194178089
20
28.79308822353217
30
0
10
-4.7750401875316353
20
28.736484353025944
30
0
10
-4.7799448043612793
20
28.679907657511446
30
0
10
-4.7844657825464205
20
28.623359256109751
30
0
10
-4.7885782252188189
20
28.566843057973461
30
0
10
-4.792212853213865
20
28.510367443349423
30
0
10
-4.7952760571395849
20
28.453943308518106
30
0
10
-4.7976803760429068
20
28.397581090627039
30
0
10
-4.7993732653543937
20
28.341287952746864
30
0
10
-4.8003626236476622
20
28.285065305860869
30
0
10
-4.8007542153439173
20
28.228905115527287
30
0
10
-4.8006948546141412
20
28.172795814829325
30
0
10
-4.8002975233464094
20
28.116730052079348
30
0
10
-4.7995706137881839
20
28.060712033526883
30
0
10
-4.7983501251251575
20
28.004764532135727
30
0
10
-4.7962175402437461
20
27.948937444891367
30
0
10
-4.7926145109861666
20
27.893295158800711
30
0
10
-4.7881045870658161
20
27.848980480903052
30
0
10
-4.7836075939971137
20
27.815878956817176
30
0
10
-4.7800888478470815
20
27.793873893483543
30
0
10
-4.7781992858902056
20
27.782887016792529
30
0
0
LINE
5
171
100
AcDbEntity
8
0
100
AcDbLine
10
-4.7781992858902056
20
27.782887016792529
30
0
11
-4.7766375920769253
21
27.77380653266594
31
0
0
ARC
5
172
100
AcDbEntity
8
0
100
AcDbCircle
10
-5.2694031057182631
20
27.689058974790864
30
0
40
0.49999999999999856
210
-0
220
0
230
1
100
AcDbArc
50
-79.225094154982685
51
9.7584653259859202
0
ARC
5
173
100
AcDbEntity
8
0
100
AcDbCircle
10
-1.3877787807814457e-15
20
-2.7755575615628914e-16
30
0
40
27.685999999999996
210
0
220
0
230
1
100
AcDbArc
50
100.77490584501727
51
103.22509415498271
0
ARC
5
174
100
AcDbEntity
8
0
100
AcDbCircle
10
-6.4483156256175542
20
27.438473383051331
30
0
40
0.50000000000000067
210
0
220
0
230
1
100
AcDbArc
50
194.24153467401399
51
283.2250941549832
0
LINE
5
175
100
AcDbEntity
8
0
100
AcDbLine
10
-6.9329492594865023
20
27.31546833875241
30
0
11
-6.9352159468283041
21
27.324398971878573
31
0
0
SPLINE
5
176
100
AcDbEntity
8
0
100
AcDbSpline
70
4
71
5
72
81
73
75
74
0
42
0.000000001
43
0.0000000001
44
0.0000000001
40
0
40
0
40
0
40
0
40
0
40
0
40
0.014285714285714285
40
0.028571428571428571
40
0.042857142857142858
40
0.057142857142857141
40
0.071428571428571425
40
0.085714285714285715
40
0.10000000000000001
40
0.1142857142857143
40
0.12857142857142859
40
0.14285714285714288
40
0.15714285714285717
40
0.17142857142857146
40
0.18571428571428575
40
0.20000000000000004
40
0.21428571428571433
40
0.22857142857142862
40
0.24285714285714291
40
0.25714285714285717
40
0.27142857142857146
40
0.28571428571428575
40
0.30000000000000004
40
0.31428571428571433
40
0.32857142857142863
40
0.34285714285714292
40
0.35714285714285721
40
0.3714285714285715
40
0.38571428571428579
40
0.40000000000000008
40
0.41428571428571437
40
0.42857142857142866
40
0.44285714285714295
40
0.45714285714285724
40
0.47142857142857153
40
0.48571428571428582
40
0.50000000000000011
40
0.51428571428571435
40
0.52857142857142858
40
0.54285714285714282
40
0.55714285714285705
40
0.57142857142857129
40
0.58571428571428552
40
0.59999999999999976
40
0.61428571428571399
40
0.62857142857142823
40
0.64285714285714246
40
0.6571428571428567
40
0.67142857142857093
40
0.68571428571428517
40
0.6999999999999994
40
0.71428571428571364
40
0.72857142857142787
40
0.74285714285714211
40
0.75714285714285634
40
0.77142857142857058
40
0.78571428571428481
40
0.79999999999999905
40
0.81428571428571328
40
0.82857142857142752
40
0.84285714285714175
40
0.85714285714285599
40
0.87142857142857022
40
0.88571428571428445
40
0.89999999999999869
40
0.91428571428571292
40
0.92857142857142716
40
0.94285714285714139
40
0.95714285714285563
40
0.97142857142856986
40
0.9857142857142841
40
1
40
1
40
1
40
1
40
1
40
1
41
1
41
1
41
1
41
1
41
1
41
1
41
1
41
1
41
1
41
1
41
1
41
1
41
1
41
1
41
1
41
1
41
1
41
1
41
1
41
1
41
1
41
1
41
1
41
1
41
1
41
1
41
1
41
1
41
1
41
1
41
1
41
1
41
1
41
1
41
1
41
1
41
1
41
1
41
1
41
1
41
1
41
1
41
1
41
1
41
1
41
1
41
1
41
1
41
1
41
1
41
1
41
1
41
1
41
1
41
1
41
1
41
1
41
1
41
1
41
1
41
1
41
1
41
1
41
1
41
1
41
1
41
1
41
1
41
1
41
1
41
1
41
1
41
1
41
1
41
1
10
-6.9352159468283041
20
27.324398971878573
30
0
10
-6.9379585114288531
20
27.335204537260552
30
0
10
-6.9436942424578874
20
27.356738365911035
30
0
10
-6.9530496376543063
20
27.388807204745433
30
0
10
-6.966954020469637
20
27.431125028761624
30
0
10
-6.9862942461151976
20
27.483422270497723
30
0
10
-7.0070529549422176
20
27.535290252878962
30
0
10
-7.0286938819723224
20
27.586897256103022
30
0
10
-7.0508143978650768
20
27.638367923251295
30
0
10
-7.0732554178226703
20
27.689748155326832
30
0
10
-7.0960228977088411
20
27.741030696294917
30
0
10
-7.1192230418149833
20
27.792176308382516
30
0
10
-7.1429946762490264
20
27.843135843790851
30
0
10
-7.1674376895194136
20
27.893873624082083
30
0
10
-7.1925587234335868
20
27.944385147619503
30
0
10
-7.2183068626555063
20
27.994685242414267
30
0
10
-7.2445979624584247
20
28.044799947232097
30
0
10
-7.271342074490974
20
28.094757382195326
30
0
10
-7.2984725005335367
20
28.144578069942344
30
0
10
-7.3259649061696228
20
28.194268565753184
30
0
10
-7.3538211316222508
20
28.243826825277228
30
0
10
-7.3820587318559454
20
28.293245667760438
30
0
10
-7.4106989341016449
20
28.34251676589345
30
0
10
-7.4397537263257751
20
28.391634923649978
30
0
10
-7.4692183190678101
20
28.440600571315716
30
0
10
-7.4990781344766875
20
28.489417439690211
30
0
10
-7.5293130808545516
20
28.538091135198197
30
0
10
-7.5599025885179492
20
28.586627462674112
30
0
10
-7.5908310467829114
20
28.635030614695207
30
0
10
-7.6220906397139849
20
28.683302225801924
30
0
10
-7.653678285881802
20
28.731442386640751
30
0
10
-7.6855937690212368
20
28.779450262382383
30
0
10
-7.7178375340459535
20
28.827324822587119
30
0
10
-7.7504082907709124
20
28.875065634949515
30
0
10
-7.7833018285301572
20
28.922673257287901
30
0
10
-7.8165123085910571
20
28.970148807162946
30
0
10
-7.850033031145335
20
29.01749370610144
30
0
10
-7.8838573497913327
20
29.064709374942236
30
0
10
-7.9179796635200699
20
29.111796903794769
30
0
10
-7.9523958869915585
20
29.158756894771063
30
0
10
-7.9871028858761175
20
29.205589647426095
30
0
10
-8.0220981319041158
20
29.252295271607114
30
0
10
-8.0573792943448623
20
29.29887382161505
30
0
10
-8.0929437948559162
20
29.34532544242731
30
0
10
-8.1287885857635249
20
29.391650442895973
30
0
10
-8.1649103889637882
20
29.437849217955559
30
0
10
-8.2013058356094461
20
29.483922203729492
30
0
10
-8.2379716331444044
20
29.529869823496959
30
0
10
-8.2749047432334137
20
29.575692431154383
30
0
10
-8.3121024717070551
20
29.62139028101932
30
0
10
-8.349562357850818
20
29.666963558183802
30
0
10
-8.3872821024419615
20
29.712412397231741
30
0
10
-8.4252594837549584
20
29.757736905335577
30
0
10
-8.4634922646757627
20
29.802937187003188
30
0
10
-8.5019781411956359
20
29.848013360471835
30
0
10
-8.5407148049505004
20
29.892965549218239
30
0
10
-8.5796999833908991
20
29.93779387923351
30
0
10
-8.6189314840902771
20
29.982498474659881
30
0
10
-8.6584072425402887
20
30.027079455639594
30
0
10
-8.6981253450022162
20
30.071536934302422
30
0
10
-8.7380839670672312
20
30.115871004875281
30
0
10
-8.7782813234581951
20
30.16008173509768
30
0
10
-8.8187156150678874
20
30.20416915874041
30
0
10
-8.8593849675451928
20
30.248133266757236
30
0
10
-8.9002873951813939
20
30.291974005161613
30
0
10
-8.9414209019267972
20
30.335691304085582
30
0
10
-8.9827835637214299
20
30.379285103924719
30
0
10
-9.0243736152796696
20
30.422755382636563
30
0
10
-9.0661895362564628
20
30.466102185544862
30
0
10
-9.1082301282522167
20
30.509325649204008
30
0
10
-9.1504944917491322
20
30.552425953919673
30
0
10
-9.1844845063252105
20
30.586807816799976
30
0
10
-9.2100772775524202
20
30.612538938888164
30
0
10
-9.2271836703746661
20
30.629668461748317
30
0
10
-9.2357480031198147
20
30.638227083544976
30
0
0
ARC
5
177
100
AcDbEntity
8
0
100
AcDbCircle
10
-1.3877787807814457e-15
20
-2.7755575615628914e-16
30
0
40
32.000000000000014
210
0
220
0
230
1
100
AcDbArc
50
106.77518342189616
51
109.22481657810368
0
SPLINE
5
178
100
AcDbEntity
8
0
100
AcDbSpline
70
4
71
5
72
81
73
75
74
0
42
0.000000001
43
0.0000000001
44
0.0000000001
40
-1
40
-1
40
-1
40
-1
40
-1
40
-1
40
-0.9857142857142841
40
-0.97142857142856986
40
-0.95714285714285563
40
-0.94285714285714139
40
-0.92857142857142716
40
-0.91428571428571292
40
-0.89999999999999869
40
-0.88571428571428445
40
-0.87142857142857022
40
-0.85714285714285599
40
-0.84285714285714175
40
-0.82857142857142752
40
-0.81428571428571328
40
-0.79999999999999905
40
-0.78571428571428481
40
-0.77142857142857058
40
-0.75714285714285634
40
-0.74285714285714211
40
-0.72857142857142787
40
-0.71428571428571364
40
-0.6999999999999994
40
-0.68571428571428517
40
-0.67142857142857093
40
-0.6571428571428567
40
-0.64285714285714246
40
-0.62857142857142823
40
-0.61428571428571399
40
-0.59999999999999976
40
-0.58571428571428552
40
-0.57142857142857129
40
-0.55714285714285705
40
-0.54285714285714282
40
-0.52857142857142858
40
-0.51428571428571435
40
-0.50000000000000011
40
-0.48571428571428582
40
-0.47142857142857153
40
-0.45714285714285724
40
-0.44285714285714295
40
-0.42857142857142866
40
-0.41428571428571437
40
-0.40000000000000008
40
-0.38571428571428579
40
-0.3714285714285715
40
-0.35714285714285721
40
-0.34285714285714292
40
-0.32857142857142863
40
-0.31428571428571433
40
-0.30000000000000004
40
-0.28571428571428575
40
-0.27142857142857146
40
-0.25714285714285717
40
-0.24285714285714291
40
-0.22857142857142862
40
-0.21428571428571433
40
-0.20000000000000004
40
-0.18571428571428575
40
-0.17142857142857146
40
-0.15714285714285717
40
-0.14285714285714288
40
-0.12857142857142859
40
-0.1142857142857143
40
-0.10000000000000001
40
-0.085714285714285715
40
-0.071428571428571425
40
-0.057142857142857141
40
-0.042857142857142858
40
-0.028571428571428571
40
-0.014285714285714285
40
0
40
0
40
0
40
0
40
0
40
0
41
1
41
1
41
1
41
1
41
1
41
1
41
1
41
1
41
1
41
1
41
1
41
1
41
1
41
1
41
1
41
1
41
1
41
1
41
1
41
1
41
1
41
1
41
1
41
1
41
1
41
1
41
1
41
1
41
1
41
1
41
1
41
1
41
1
41
1
41
1
41
1
41
1
41
1
41
1
41
1
41
1
41
1
41
1
41
1
41
1
41
1
41
1
41
1
41
1
41
1
41
1
41
1
41
1
41
1
41
1
41
1
41
1
41
1
41
1
41
1
41
1
41
1
41
1
41
1
41
1
41
1
41
1
41
1
41
1
41
1
41
1
41
1
41
1
41
1
41
1
10
-10.536820945807143
20
30.215482858230157
30
0
10
-10.538719004871426
20
30.203524799264905
30
0
10
-10.542489886461075
20
30.179611838744673
30
0
10
-10.548070499228661
20
30.14375187019834
30
0
10
-10.555359846712378
20
30.095957529536882
30
0
10
-10.564218711556643
20
30.036246280998157
30
0
10
-10.572824150442944
20
29.976566924369411
30
0
10
-10.581175329665083
20
29.916919842503585
30
0
10
-10.589271199432769
20
29.857305629327474
30
0
10
-10.597110503120369
20
29.797725141809785
30
0
10
-10.604691825538065
20
29.738179435392102
30
0
10
-10.612013645123245
20
29.678669689229501
30
0
10
-10.619074388105123
20
29.6191971330949
30
0
10
-10.62587247974411
20
29.559762977834652
30
0
10
-10.632406408975537
20
29.500368332483259
30
0
10
-10.63867470044112
20
29.44101422720825
30
0
10
-10.644675870005031
20
29.381701656566808
30
0
10
-10.650408386304324
20
29.322431616688331
30
0
10
-10.655870635183629
20
29.263205141725344
30
0
10
-10.661060875802775
20
29.204023347968288
30
0
10
-10.665977261482444
20
29.14488742365997
30
0
10
-10.670617879635786
20
29.085798602642509
30
0
10
-10.674980790179248
20
29.026758141843501
30
0
10
-10.67906405963247
20
28.96776729986934
30
0
10
-10.682865816703998
20
28.908827307114038
30
0
10
-10.686384200985731
20
28.849939382770749
30
0
10
-10.689617273260968
20
28.79110476940804
30
0
10
-10.692562933975481
20
28.732324763654987
30
0
10
-10.695218854016311
20
28.673600743357447
30
0
10
-10.697582367303514
20
28.614934208095821
30
0
10
-10.699650561305996
20
28.556326750745985
30
0
10
-10.701420454222145
20
28.497779998635409
30
0
10
-10.702889161873516
20
28.439295559076484
30
0
10
-10.704054037101551
20
28.380874973580319
30
0
10
-10.704912908767819
20
28.322519640369379
30
0
10
-10.705463859354285
20
28.264230885482423
30
0
10
-10.705704778881273
20
28.206010106130755
30
0
10
-10.705632955548802
20
28.147858902282096
30
0
10
-10.705244730334824
20
28.089779188120154
30
0
10
-10.704534931177639
20
28.031773373918355
30
0
10
-10.703497345877224
20
27.973844216850793
30
0
10
-10.702125718622357
20
27.915994504926651
30
0
10
-10.700414668893423
20
27.858226765941268
30
0
10
-10.698360462312719
20
27.800543023577497
30
0
10
-10.695962309201388
20
27.742944385929526
30
0
10
-10.693221175179403
20
27.685431425126893
30
0
10
-10.69013737598496
20
27.628004943678157
30
0
10
-10.686708365408663
20
27.57066667946749
30
0
10
-10.682926859467132
20
27.513419904215493
30
0
10
-10.678777764516667
20
27.456270401785726
30
0
10
-10.674241027337725
20
27.399225566525093
30
0
10
-10.669297098031493
20
27.34229267234436
30
0
10
-10.663931989959787
20
27.285477269609181
30
0
10
-10.658141575452053
20
27.228781825385354
30
0
10
-10.65193860712448
20
27.172203496996605
30
0
10
-10.645345152837278
20
27.115736544324417
30
0
10
-10.638379635596413
20
27.059376458171602
30
0
10
-10.631044745812712
20
27.003123810796584
30
0
10
-10.623316943432766
20
26.946987602277567
30
0
10
-10.615130205559225
20
26.89099043368115
30
0
10
-10.606395233854018
20
26.835162425664901
30
0
10
-10.59702864860073
20
26.779531971454269
30
0
10
-10.586980542740964
20
26.72411700221987
30
0
10
-10.576258935605473
20
26.66891725590585
30
0
10
-10.564965609954731
20
26.613902883982632
30
0
10
-10.553241766820607
20
26.55903204791576
30
0
10
-10.541196390664043
20
26.504274066414251
30
0
10
-10.528838564870211
20
26.449631308964612
30
0
10
-10.516012607201484
20
26.39516014857336
30
0
10
-10.502319520313964
20
26.34099640645784
30
0
10
-10.487226544108218
20
26.287319149723935
30
0
10
-10.473601633236287
20
26.24491051976878
30
0
10
-10.462320716414283
20
26.21346732083606
30
0
10
-10.454303753385791
20
26.192674709393881
30
0
10
-10.450171182781595
20
26.182320784340369
30
0
0
LINE
5
179
100
AcDbEntity
8
0
100
AcDbLine
10
-10.450171182781594
20
26.182320784340369
30
0
11
-10.446755676916853
21
26.1737634249797
31
0
0
ARC
5
180
100
AcDbEntity
8
0
100
AcDbCircle
10
-10.911133073759
20
25.988416093458294
30
0
40
0.499999999999998
210
-0
220
0
230
1
100
AcDbArc
50
-67.22509415498287
51
21.758465325986059
0
ARC
5
181
100
AcDbEntity
8
0
100
AcDbCircle
10
-1.3877787807814457e-15
20
-2.7755575615628914e-16
30
0
40
27.685999999999996
210
0
220
0
230
1
100
AcDbArc
50
112.77490584501727
51
115.22509415498273
0
ARC
5
182
100
AcDbEntity
8
0
100
AcDbCircle
10
-12.012183852500408
20
25.498196702781321
30
0
40
0.49999999999999983
210
0
220
0
230
1
100
AcDbArc
50
206.24153467401396
51
295.22509415498212
0
LINE
5
183
100
AcDbEntity
8
0
100
AcDbLine
10
-12.460652891964923
20
25.277118615577329
30
0
11
-12.464726829783249
21
25.285382822144939
31
0
0
SPLINE
5
184
100
AcDbEntity
8
0
100
AcDbSpline
70
4
71
5
72
81
73
75
74
0
42
0.000000001
43
0.0000000001
44
0.0000000001
40
0
40
0
40
0
40
0
40
0
40
0
40
0.014285714285714285
40
0.028571428571428571
40
0.042857142857142858
40
0.057142857142857141
40
0.071428571428571425
40
0.085714285714285715
40
0.10000000000000001
40
0.1142857142857143
40
0.12857142857142859
40
0.14285714285714288
40
0.15714285714285717
40
0.17142857142857146
40
0.18571428571428575
40
0.20000000000000004
40
0.21428571428571433
40
0.22857142857142862
40
0.24285714285714291
40
0.25714285714285717
40
0.27142857142857146
40
0.28571428571428575
40
0.30000000000000004
40
0.31428571428571433
40
0.32857142857142863
40
0.34285714285714292
40
0.35714285714285721
40
0.3714285714285715
40
0.38571428571428579
40
0.40000000000000008
40
0.41428571428571437
40
0.42857142857142866
40
0.44285714285714295
40
0.45714285714285724
40
0.47142857142857153
40
0.48571428571428582
40
0.50000000000000011
40
0.51428571428571435
40
0.52857142857142858
40
0.54285714285714282
40
0.55714285714285705
40
0.57142857142857129
40
0.58571428571428552
40
0.59999999999999976
40
0.61428571428571399
40
0.62857142857142823
40
0.64285714285714246
40
0.6571428571428567
40
0.67142857142857093
40
0.68571428571428517
40
0.6999999999999994
40
0.71428571428571364
40
0.72857142857142787
40
0.74285714285714211
40
0.75714285714285634
40
0.77142857142857058
40
0.78571428571428481
40
0.79999999999999905
40
0.81428571428571328
40
0.82857142857142752
40
0.84285714285714175
40
0.85714285714285599
40
0.87142857142857022
40
0.88571428571428445
40
0.89999999999999869
40
0.91428571428571292
40
0.92857142857142716
40
0.94285714285714139
40
0.95714285714285563
40
0.97142857142856986
40
0.9857142857142841
40
1
40
1
40
1
40
1
40
1
40
1
41
1
41
1
41
1
41
1
41
1
41
1
41
1
41
1
41
1
41
1
41
1
41
1
41
1
41
1
41
1
41
1
41
1
41
1
41
1
41
1
41
1
41
1
41
1
41
1
41
1
41
1
41
1
41
1
41
1
41
1
41
1
41
1
41
1
41
1
41
1
41
1
41
1
41
1
41
1
41
1
41
1
41
1
41
1
41
1
41
1
41
1
41
1
41
1
41
1
41
1
41
1
41
1
41
1
41
1
41
1
41
1
41
1
41
1
41
1
41
1
41
1
41
1
41
1
41
1
41
1
41
1
41
1
41
1
41
1
41
1
41
1
41
1
41
1
41
1
41
1
10
-12.464726829783249
20
25.285382822144939
30
0
10
-12.469656066135943
20
25.295382048754615
30
0
10
-12.479743592404947
20
25.315252786047367
30
0
10
-12.495562036274865
20
25.344675747777998
30
0
10
-12.5179609453083
20
25.383177942066801
30
0
10
-12.547751748575614
20
25.430311304581195
30
0
10
-12.578840789725284
20
25.476729868850896
30
0
10
-12.610738509875786
20
25.522709733505874
30
0
10
-12.643076992857596
20
25.5684565292241
30
0
10
-12.675710173612568
20
25.614048229550875
30
0
10
-12.708642369240088
20
25.659476498719552
30
0
10
-12.741969305221231
20
25.704680875282765
30
0
10
-12.775816555578444
20
25.749584421868267
30
0
10
-12.810274408052269
20
25.794131471708965
30
0
10
-12.845348423367817
20
25.83831624063032
30
0
10
-12.880991881728169
20
25.882163818509451
30
0
10
-12.917127890934557
20
25.925717169775019
30
0
10
-12.953674314725072
20
25.969022501371001
30
0
10
-12.990570179292678
20
26.012113754806542
30
0
10
-13.02779304490562
20
26.055002401522739
30
0
10
-13.065344286529239
20
26.09768605923907
30
0
10
-13.103239582547246
20
26.140154054235843
30
0
10
-13.141497964979692
20
26.182393827785901
30
0
10
-13.180130079512558
20
26.224397804970234
30
0
10
-13.219131330807947
20
26.266167402456606
30
0
10
-13.258488235252662
20
26.30770930042328
30
0
10
-13.298182305841904
20
26.349033160080069
30
0
10
-13.338194629282082
20
26.390148936089478
30
0
10
-13.37851080770597
20
26.43106397505462
30
0
10
-13.419123535815105
20
26.471781500821628
30
0
10
-13.460029818363225
20
26.512302242721368
30
0
10
-13.501229270240334
20
26.552625429131581
30
0
10
-13.542722112397209
20
26.592749959627415
30
0
10
-13.584506992961094
20
26.632675679594868
30
0
10
-13.626579909256129
20
26.672404010109297
30
0
10
-13.668935382493942
20
26.711937258250764
30
0
10
-13.711567154825172
20
26.751278207450749
30
0
10
-13.754469020496991
20
26.790429629363967
30
0
10
-13.797635727542401
20
26.8293937547936
30
0
10
-13.841063405082021
20
26.868172022084018
30
0
10
-13.884749049559787
20
26.906765375908009
30
0
10
-13.928690210793334
20
26.945174449369173
30
0
10
-13.97288462027384
20
26.983399780168025
30
0
10
-14.017329786144323
20
27.021442046181392
30
0
10
-14.062022791543981
20
27.059302183159204
30
0
10
-14.106960512114846
20
27.096981258961819
30
0
10
-14.152139743302213
20
27.134480400605071
30
0
10
-14.197557352504928
20
27.17180070667937
30
0
10
-14.243210441361864
20
27.208943155053081
30
0
10
-14.289096427453259
20
27.245908554635626
30
0
10
-14.335212942319915
20
27.282697598085655
30
0
10
-14.381557764964194
20
27.319310895081372
30
0
10
-14.428128744493009
20
27.355749012375973
30
0
10
-14.474923714407026
20
27.39201251731572
30
0
10
-14.521940445628541
20
27.428102004584495
30
0
10
-14.569176705909017
20
27.464018074896611
30
0
10
-14.61663029855468
20
27.49976132397957
30
0
10
-14.664299104859385
20
27.535332329093926
30
0
10
-14.712181130408219
20
27.570731636991944
30
0
10
-14.760274526595333
20
27.60595975524172
30
0
10
-14.808577528470497
20
27.641017155327042
30
0
10
-14.857088403852984
20
27.67590427468712
30
0
10
-14.905805399971737
20
27.710621520410207
30
0
10
-14.954726681553884
20
27.745169273347248
30
0
10
-15.003850295058776
20
27.779547893543494
30
0
10
-15.053174273528827
20
27.813757727659834
30
0
10
-15.102696722556935
20
27.847799117428913
30
0
10
-15.152415910850323
20
27.881672408313459
30
0
10
-15.202330360710457
20
27.915377960744301
30
0
10
-15.252438928316906
20
27.948916157453088
30
0
10
-15.302740771296147
20
27.982287361825634
30
0
10
-15.343136413747553
20
28.008850977109319
30
0
10
-15.373519722619573
20
28.028698776105514
30
0
10
-15.393813727776617
20
28.041897358737419
30
0
10
-15.403970346831983
20
28.048488329211633
30
0
0
ARC
5
185
100
AcDbEntity
8
0
100
AcDbCircle
10
-1.3877787807814457e-15
20
-2.7755575615628914e-16
30
0
40
32
210
0
220
0
230
1
100
AcDbArc
50
118.77518342189614
51
121.22481657810367
0
SPLINE
5
186
100
AcDbEntity
8
0
100
AcDbSpline
70
4
71
5
72
81
73
75
74
0
42
0.000000001
43
0.0000000001
44
0.0000000001
40
-1
40
-1
40
-1
40
-1
40
-1
40
-1
40
-0.9857142857142841
40
-0.97142857142856986
40
-0.95714285714285563
40
-0.94285714285714139
40
-0.92857142857142716
40
-0.91428571428571292
40
-0.89999999999999869
40
-0.88571428571428445
40
-0.87142857142857022
40
-0.85714285714285599
40
-0.84285714285714175
40
-0.82857142857142752
40
-0.81428571428571328
40
-0.79999999999999905
40
-0.78571428571428481
40
-0.77142857142857058
40
-0.75714285714285634
40
-0.74285714285714211
40
-0.72857142857142787
40
-0.71428571428571364
40
-0.6999999999999994
40
-0.68571428571428517
40
-0.67142857142857093
40
-0.6571428571428567
40
-0.64285714285714246
40
-0.62857142857142823
40
-0.61428571428571399
40
-0.59999999999999976
40
-0.58571428571428552
40
-0.57142857142857129
40
-0.55714285714285705
40
-0.54285714285714282
40
-0.52857142857142858
40
-0.51428571428571435
40
-0.50000000000000011
40
-0.48571428571428582
40
-0.47142857142857153
40
-0.45714285714285724
40
-0.44285714285714295
40
-0.42857142857142866
40
-0.41428571428571437
40
-0.40000000000000008
40
-0.38571428571428579
40
-0.3714285714285715
40
-0.35714285714285721
40
-0.34285714285714292
40
-0.32857142857142863
40
-0.31428571428571433
40
-0.30000000000000004
40
-0.28571428571428575
40
-0.27142857142857146
40
-0.25714285714285717
40
-0.24285714285714291
40
-0.22857142857142862
40
-0.21428571428571433
40
-0.20000000000000004
40
-0.18571428571428575
40
-0.17142857142857146
40
-0.15714285714285717
40
-0.14285714285714288
40
-0.12857142857142859
40
-0.1142857142857143
40
-0.10000000000000001
40
-0.085714285714285715
40
-0.071428571428571425
40
-0.057142857142857141
40
-0.042857142857142858
40
-0.028571428571428571
40
-0.014285714285714285
40
0
40
0
40
0
40
0
40
0
40
0
41
1
41
1
41
1
41
1
41
1
41
1
41
1
41
1
41
1
41
1
41
1
41
1
41
1
41
1
41
1
41
1
41
1
41
1
41
1
41
1
41
1
41
1
41
1
41
1
41
1
41
1
41
1
41
1
41
1
41
1
41
1
41
1
41
1
41
1
41
1
41
1
41
1
41
1
41
1
41
1
41
1
41
1
41
1
41
1
41
1
41
1
41
1
41
1
41
1
41
1
41
1
41
1
41
1
41
1
41
1
41
1
41
1
41
1
41
1
41
1
41
1
41
1
41
1
41
1
41
1
41
1
41
1
41
1
41
1
41
1
41
1
41
1
41
1
41
1
41
1
10
-16.588718257432618
20
27.364473804104517
30
0
10
-16.588088619094034
20
27.352382428748896
30
0
10
-16.586805313819383
20
27.328208013422412
30
0
10
-16.584808270115477
20
27.291971396590121
30
0
10
-16.582001325689152
20
27.243705936383165
30
0
10
-16.578251936437269
20
27.183457660319693
30
0
10
-16.574261289893563
20
27.123293269470867
30
0
10
-16.570028650169931
20
27.06321331166064
30
0
10
-16.565553113900823
20
27.003218586100751
30
0
10
-16.560833630094727
20
26.943310192300252
30
0
10
-16.555869033925749
20
26.883489456871299
30
0
10
-16.550658082241192
20
26.823757849552258
30
0
10
-16.545199491345123
20
26.764116900447895
30
0
10
-16.539491972658876
20
26.70456812135145
30
0
10
-16.533534278719436
20
26.645112911230356
30
0
10
-16.527325180592491
20
26.585752584484755
30
0
10
-16.520863433354222
20
26.526488422507555
30
0
10
-16.514147746212569
20
26.467321718048606
30
0
10
-16.507176755297742
20
26.408253818263468
30
0
10
-16.499948989900933
20
26.349286176990006
30
0
10
-16.492462890746772
20
26.290420340451281
30
0
10
-16.484716843573217
20
26.231657913176161
30
0
10
-16.476709212022133
20
26.173000527991416
30
0
10
-16.468438366543346
20
26.114449817993037
30
0
10
-16.459902732550891
20
26.056007375751356
30
0
10
-16.451100743775569
20
25.997674780617814
30
0
10
-16.442030761721735
20
25.939453651193691
30
0
10
-16.432691002299823
20
25.881345692295497
30
0
10
-16.423079473763821
20
25.823352735909641
30
0
10
-16.413193880074338
20
25.765476803156311
30
0
10
-16.403031703523585
20
25.707720057652462
30
0
10
-16.392590365809873
20
25.650084711115984
30
0
10
-16.381867379960013
20
25.592572935390045
30
0
10
-16.370860477160399
20
25.535186788675258
30
0
10
-16.359567824423976
20
25.477928090044628
30
0
10
-16.347987821834042
20
25.420798535234198
30
0
10
-16.336118696015607
20
25.363799929612313
30
0
10
-16.323958127080012
20
25.306934401998454
30
0
10
-16.311502933944787
20
25.250204585500299
30
0
10
-16.298748558694228
20
25.193613913053106
30
0
10
-16.285689498128509
20
25.137166373169116
30
0
10
-16.27232021280059
20
25.080865993589107
30
0
10
-16.258635965326324
20
25.024716365542954
30
0
10
-16.244633523680456
20
24.968720244911967
30
0
10
-16.230312345826221
20
24.912878879759287
30
0
10
-16.215673495234917
20
24.857192628948361
30
0
10
-16.200717447596006
20
24.801662211805358
30
0
10
-16.185442073667311
20
24.746289857624198
30
0
10
-16.16984092886694
20
24.691080281055854
30
0
10
-16.153900451916357
20
24.636042277717568
30
0
10
-16.13760256517816
20
24.581187249670791
30
0
10
-16.120929658296802
20
24.526526376526419
30
0
10
-16.103869204261624
20
24.472067995346872
30
0
10
-16.08641767853339
20
24.417815377477645
30
0
10
-16.068586964027403
20
24.363763090943735
30
0
10
-16.050397452930426
20
24.309900932895872
30
0
10
-16.031866228146736
20
24.256220662315307
30
0
10
-16.012996040274448
20
24.202722279587398
30
0
10
-15.993765734888267
20
24.14941948236935
30
0
10
-15.974115430875537
20
24.096348104772449
30
0
10
-15.953964043717971
20
24.043556175414086
30
0
10
-15.933235919029505
20
23.991088802677424
30
0
10
-15.911885968440718
20
23.938973902154885
30
0
10
-15.889921981556272
20
23.887209550204531
30
0
10
-15.867437311080854
20
23.835745388732953
30
0
10
-15.844561373744583
20
23.784511136132785
30
0
10
-15.821394393437359
20
23.733454122429304
30
0
10
-15.797945747694534
20
23.682574776788094
30
0
10
-15.774074876916009
20
23.631960608487464
30
0
10
-15.749419741626088
20
23.5818274269377
30
0
10
-15.723496453956498
20
23.532461153251866
30
0
10
-15.701352030117665
20
23.493812031867446
30
0
10
-15.683780219739322
20
23.465401376762451
30
0
10
-15.67161541958637
20
23.44672995410577
30
0
10
-15.665420453500541
20
23.437461496898241
30
0
0
LINE
5
187
100
AcDbEntity
8
0
100
AcDbLine
10
-15.665420453500543
20
23.437461496898241
30
0
11
-15.660300409580037
21
23.429801259970326
31
0
0
ARC
5
188
100
AcDbEntity
8
0
100
AcDbCircle
10
-16.075994169051022
20
23.151954722585248
30
0
40
0.50000000000000089
210
-0
220
0
230
1
100
AcDbArc
50
-55.225094154982855
51
33.758465325985874
0
ARC
5
189
100
AcDbEntity
8
0
100
AcDbCircle
10
-1.3877787807814457e-15
20
-2.7755575615628914e-16
30
0
40
27.685999999999993
210
0
220
0
230
1
100
AcDbArc
50
124.77490584501726
51
127.22509415498276
0
ARC
5
190
100
AcDbEntity
8
0
100
AcDbCircle
10
-17.051062004175716
20
22.443526472677036
30
0
40
0.49999999999999828
210
0
220
0
230
1
100
AcDbArc
50
218.24153467401391
51
307.22509415498132
0
LINE
5
191
100
AcDbEntity
8
0
100
AcDbLine
10
-17.443766200217986
20
22.134037515829149
30
0
11
-17.449469337881254
21
22.141274110355127
31
0
0
SPLINE
5
192
100
AcDbEntity
8
0
100
AcDbSpline
70
4
71
5
72
81
73
75
74
0
42
0.000000001
43
0.0000000001
44
0.0000000001
40
0
40
0
40
0
40
0
40
0
40
0
40
0.014285714285714285
40
0.028571428571428571
40
0.042857142857142858
40
0.057142857142857141
40
0.071428571428571425
40
0.085714285714285715
40
0.10000000000000001
40
0.1142857142857143
40
0.12857142857142859
40
0.14285714285714288
40
0.15714285714285717
40
0.17142857142857146
40
0.18571428571428575
40
0.20000000000000004
40
0.21428571428571433
40
0.22857142857142862
40
0.24285714285714291
40
0.25714285714285717
40
0.27142857142857146
40
0.28571428571428575
40
0.30000000000000004
40
0.31428571428571433
40
0.32857142857142863
40
0.34285714285714292
40
0.35714285714285721
40
0.3714285714285715
40
0.38571428571428579
40
0.40000000000000008
40
0.41428571428571437
40
0.42857142857142866
40
0.44285714285714295
40
0.45714285714285724
40
0.47142857142857153
40
0.48571428571428582
40
0.50000000000000011
40
0.51428571428571435
40
0.52857142857142858
40
0.54285714285714282
40
0.55714285714285705
40
0.57142857142857129
40
0.58571428571428552
40
0.59999999999999976
40
0.61428571428571399
40
0.62857142857142823
40
0.64285714285714246
40
0.6571428571428567
40
0.67142857142857093
40
0.68571428571428517
40
0.6999999999999994
40
0.71428571428571364
40
0.72857142857142787
40
0.74285714285714211
40
0.75714285714285634
40
0.77142857142857058
40
0.78571428571428481
40
0.79999999999999905
40
0.81428571428571328
40
0.82857142857142752
40
0.84285714285714175
40
0.85714285714285599
40
0.87142857142857022
40
0.88571428571428445
40
0.89999999999999869
40
0.91428571428571292
40
0.92857142857142716
40
0.94285714285714139
40
0.95714285714285563
40
0.97142857142856986
40
0.9857142857142841
40
1
40
1
40
1
40
1
40
1
40
1
41
1
41
1
41
1
41
1
41
1
41
1
41
1
41
1
41
1
41
1
41
1
41
1
41
1
41
1
41
1
41
1
41
1
41
1
41
1
41
1
41
1
41
1
41
1
41
1
41
1
41
1
41
1
41
1
41
1
41
1
41
1
41
1
41
1
41
1
41
1
41
1
41
1
41
1
41
1
41
1
41
1
41
1
41
1
41
1
41
1
41
1
41
1
41
1
41
1
41
1
41
1
41
1
41
1
41
1
41
1
41
1
41
1
41
1
41
1
41
1
41
1
41
1
41
1
41
1
41
1
41
1
41
1
41
1
41
1
41
1
41
1
41
1
41
1
41
1
41
1
10
-17.449469337881254
20
22.141274110355127
30
0
10
-17.456369814704381
20
22.15002998400805
30
0
10
-17.470368262910082
20
22.167369183373012
30
0
10
-17.491958413551064
20
22.192860343385206
30
0
10
-17.521872908995952
20
22.225864177302178
30
0
10
-17.5608122888301
20
22.265773706482022
30
0
10
-17.600872922022411
20
22.304714138640595
30
0
10
-17.641633351860492
20
22.343057324005208
30
0
10
-17.682776455047794
20
22.381080893803027
30
0
10
-17.724175570009777
20
22.418891486303508
30
0
10
-17.765833186403515
20
22.456480050321073
30
0
10
-17.8078303672369
20
22.493767543189445
30
0
10
-17.850273946259549
20
22.530652600495177
30
0
10
-17.893240664436586
20
22.567062000046853
30
0
10
-17.936734758380418
20
22.602988927928223
30
0
10
-17.980715745712569
20
22.638467639334401
30
0
10
-18.025117347320293
20
22.673556146605218
30
0
10
-18.069868828779931
20
22.708316724041183
30
0
10
-18.114917605544974
20
22.742795248615341
30
0
10
-18.160244113292361
20
22.777007606572841
30
0
10
-18.205849201637164
20
22.810951181820336
30
0
10
-18.251745987161698
20
22.844612274165257
30
0
10
-18.297950474884502
20
22.877974642339307
30
0
10
-18.344471502943563
20
22.911028663591047
30
0
10
-18.391304870961935
20
22.94377667905513
30
0
10
-18.438438778862874
20
22.976228026332706
30
0
10
-18.485857152305453
20
23.008395999177402
30
0
10
-18.533543560987653
20
23.04029426701333
30
0
10
-18.581485449114847
20
23.071933009387582
30
0
10
-18.629676341302186
20
23.103316898554507
30
0
10
-18.678113459393138
20
23.134447270654043
30
0
10
-18.726796266263989
20
23.165323450994602
30
0
10
-18.775724749246017
20
23.19594431726
30
0
10
-18.82489755386208
20
23.226309999285082
30
0
10
-18.874311060362565
20
23.256422719294392
30
0
10
-18.92396038935269
20
23.286285873056926
30
0
10
-18.973839998440049
20
23.315903484259533
30
0
10
-19.023944393741846
20
23.3452795542382
30
0
10
-19.074268901869196
20
23.374417356993042
30
0
10
-19.124810035579355
20
23.403319104238228
30
0
10
-19.175565053359662
20
23.431986344477597
30
0
10
-19.226531690199771
20
23.460420206401487
30
0
10
-19.277707838957433
20
23.488621687609857
30
0
10
-19.329091203167241
20
23.516591969252502
30
0
10
-19.380679124262144
20
23.544332573080421
30
0
10
-19.432468768179554
20
23.571845193209239
30
0
10
-19.484457234711741
20
23.599131598291152
30
0
10
-19.536641688122188
20
23.626193514214147
30
0
10
-19.589019496696174
20
23.653032500080968
30
0
10
-19.641588302627738
20
23.679649884039698
30
0
10
-19.694345933226028
20
23.70604683604309
30
0
10
-19.747290342786755
20
23.732224414217775
30
0
10
-19.800419545253622
20
23.758183620127866
30
0
10
-19.853731539428431
20
23.783925459162294
30
0
10
-19.907224268585896
20
23.809450976460973
30
0
10
-19.960895674153008
20
23.834761223721731
30
0
10
-20.014743731297724
20
23.859857240372321
30
0
10
-20.068766487631926
20
23.884740031562544
30
0
10
-20.122962105999648
20
23.909410546758988
30
0
10
-20.177328883720854
20
23.933869666784943
30
0
10
-20.231865192440701
20
23.958118219774931
30
0
10
-20.286569428779487
20
23.982156993749683
30
0
10
-20.341439962906822
20
24.005986751323189
30
0
10
-20.396475078838321
20
24.029608246598588
30
0
10
-20.451672940580487
20
24.053022237917201
30
0
10
-20.507031696233334
20
24.07622947331803
30
0
10
-20.562549563837322
20
24.099230680935435
30
0
10
-20.618224921758291
20
24.12202655863895
30
0
10
-20.67405639952678
20
24.144617766213926
30
0
10
-20.730042957891939
20
24.167004915842053
30
0
10
-20.786183848440292
20
24.18918853810759
30
0
10
-20.831219635352099
20
24.206772948340408
30
0
10
-20.865065585475932
20
24.219869980188161
30
0
10
-20.88766025756097
20
24.228560781196975
30
0
10
-20.898965269936966
20
24.232896043312046
30
0
0
ARC
5
193
100
AcDbEntity
8
0
100
AcDbCircle
10
-1.3877787807814457e-15
20
-2.7755575615628914e-16
30
0
40
31.999999999999996
210
0
220
0
230
1
100
AcDbArc
50
130.77518342189614
51
133.22481657810371
0
SPLINE
5
194
100
AcDbEntity
8
0
100
AcDbSpline
70
4
71
5
72
81
73
75
74
0
42
0.000000001
43
0.0000000001
44
0.0000000001
40
-1
40
-1
40
-1
40
-1
40
-1
40
-1
40
-0.9857142857142841
40
-0.97142857142856986
40
-0.95714285714285563
40
-0.94285714285714139
40
-0.92857142857142716
40
-0.91428571428571292
40
-0.89999999999999869
40
-0.88571428571428445
40
-0.87142857142857022
40
-0.85714285714285599
40
-0.84285714285714175
40
-0.82857142857142752
40
-0.81428571428571328
40
-0.79999999999999905
40
-0.78571428571428481
40
-0.77142857142857058
40
-0.75714285714285634
40
-0.74285714285714211
40
-0.72857142857142787
40
-0.71428571428571364
40
-0.6999999999999994
40
-0.68571428571428517
40
-0.67142857142857093
40
-0.6571428571428567
40
-0.64285714285714246
40
-0.62857142857142823
40
-0.61428571428571399
40
-0.59999999999999976
40
-0.58571428571428552
40
-0.57142857142857129
40
-0.55714285714285705
40
-0.54285714285714282
40
-0.52857142857142858
40
-0.51428571428571435
40
-0.50000000000000011
40
-0.48571428571428582
40
-0.47142857142857153
40
-0.45714285714285724
40
-0.44285714285714295
40
-0.42857142857142866
40
-0.41428571428571437
40
-0.40000000000000008
40
-0.38571428571428579
40
-0.3714285714285715
40
-0.35714285714285721
40
-0.34285714285714292
40
-0.32857142857142863
40
-0.31428571428571433
40
-0.30000000000000004
40
-0.28571428571428575
40
-0.27142857142857146
40
-0.25714285714285717
40
-0.24285714285714291
40
-0.22857142857142862
40
-0.21428571428571433
40
-0.20000000000000004
40
-0.18571428571428575
40
-0.17142857142857146
40
-0.15714285714285717
40
-0.14285714285714288
40
-0.12857142857142859
40
-0.1142857142857143
40
-0.10000000000000001
40
-0.085714285714285715
40
-0.071428571428571425
40
-0.057142857142857141
40
-0.042857142857142858
40
-0.028571428571428571
40
-0.014285714285714285
40
0
40
0
40
0
40
0
40
0
40
0
41
1
41
1
41
1
41
1
41
1
41
1
41
1
41
1
41
1
41
1
41
1
41
1
41
1
41
1
41
1
41
1
41
1
41
1
41
1
41
1
41
1
41
1
41
1
41
1
41
1
41
1
41
1
41
1
41
1
41
1
41
1
41
1
41
1
41
1
41
1
41
1
41
1
41
1
41
1
41
1
41
1
41
1
41
1
41
1
41
1
41
1
41
1
41
1
41
1
41
1
41
1
41
1
41
1
41
1
41
1
41
1
41
1
41
1
41
1
41
1
41
1
41
1
41
1
41
1
41
1
41
1
41
1
41
1
41
1
41
1
41
1
41
1
41
1
41
1
41
1
10
-21.915608979706441
20
23.317505935425658
30
0
10
-21.912479162181725
20
23.305809694803571
30
0
10
-21.906197756641252
20
23.282430362622314
30
0
10
-21.8967103368586
20
23.24740081154221
30
0
10
-21.883929777462868
20
23.200773664004171
30
0
10
-21.867736000416713
20
23.142621499183228
30
0
10
-21.851323678846214
20
23.0846015466952
30
0
10
-21.834692206843187
20
23.0267144953925
30
0
10
-21.817840866948259
20
22.968961314842439
30
0
10
-21.800768859737385
20
22.911343299040574
30
0
10
-21.783475321657093
20
22.853861987790335
30
0
10
-21.765959342296341
20
22.79651907717874
30
0
10
-21.748219984137695
20
22.739316330769515
30
0
10
-21.73025630108053
20
22.68225549523013
30
0
10
-21.712067363783554
20
22.625338198319383
30
0
10
-21.693652243446792
20
22.568565981224424
30
0
10
-21.675009988767549
20
22.511940356170875
30
0
10
-21.656139605938488
20
22.455462856029648
30
0
10
-21.637040040983031
20
22.399135082082203
30
0
10
-21.617710157600776
20
22.342958762174128
30
0
10
-21.598148752068109
20
22.286935732931354
30
0
10
-21.578354578998802
20
22.231067899443904
30
0
10
-21.558326377276842
20
22.175357199075357
30
0
10
-21.538062892501383
20
22.119805568037179
30
0
10
-21.517562915608934
20
22.064414891473017
30
0
10
-21.496825242922661
20
22.009187039867403
30
0
10
-21.47584860827812
20
21.954123937113685
30
0
10
-21.454631621023648
20
21.899227621707126
30
0
10
-21.43317271382907
20
21.844500299708095
30
0
10
-21.411470061043474
20
21.789944425443917
30
0
10
-21.389521649818285
20
21.735562638712192
30
0
10
-21.367325418035904
20
21.681357638958531
30
0
10
-21.344879384621045
20
21.627332067636921
30
0
10
-21.322181758263106
20
21.573488409684224
30
0
10
-21.299231124236734
20
21.519828825521774
30
0
10
-21.276026270150599
20
21.466355306471115
30
0
10
-21.252565836739386
20
21.413069987154341
30
0
10
-21.228847997416032
20
21.359975432203086
30
0
10
-21.204870188066227
20
21.307074878569551
30
0
10
-21.180628664123024
20
21.254372631815087
30
0
10
-21.156118871903043
20
21.201873737472944
30
0
10
-21.131336230423852
20
21.149583286983908
30
0
10
-21.106276852483195
20
21.097505778058409
30
0
10
-21.08093814966324
20
21.045644578330986
30
0
10
-21.055319851258979
20
20.994001021287364
30
0
10
-21.029423072114191
20
20.94257523684086
30
0
10
-21.003248427079715
20
20.891367829697241
30
0
10
-20.976794296938685
20
20.840381423129344
30
0
10
-20.950055358169841
20
20.789621968665632
30
0
10
-20.923020174552782
20
20.739100889266339
30
0
10
-20.895673434111721
20
20.688833096382702
30
0
10
-20.86800023569144
20
20.638833186723062
30
0
10
-20.839990059399263
20
20.58911191967702
30
0
10
-20.811640137866569
20
20.539673227896213
30
0
10
-20.78296096496733
20
20.490509327510324
30
0
10
-20.753970365978486
20
20.441605998852772
30
0
10
-20.724683337097698
20
20.392951629255357
30
0
10
-20.695102568896047
20
20.344545647213494
30
0
10
-20.665210217126251
20
20.296405849310037
30
0
10
-20.63495515955232
20
20.24857973657836
30
0
10
-20.60426806925825
20
20.201131146514623
30
0
10
-20.573084323648075
20
20.154119931206907
30
0
10
-20.541365623619427
20
20.107582770624095
30
0
10
-20.50911918860777
20
20.061516163610563
30
0
10
-20.476425861300882
20
20.015851443399391
30
0
10
-20.443397617994986
20
19.97049295695377
30
0
10
-20.410121541744029
20
19.925368347545898
30
0
10
-20.376606894390264
20
19.880476085263812
30
0
10
-20.342734382100105
20
19.835930991082268
30
0
10
-20.308194746128411
20
19.792019430697685
30
0
10
-20.272574119059882
20
19.74912168310566
30
0
10
-20.24287799983664
20
19.71592122235554
30
0
10
-20.219783268334393
20
19.691784793035797
30
0
10
-20.204002291196854
20
19.676050589930142
30
0
10
-20.196015679374078
20
19.668272676623559
30
0
0
LINE
5
195
100
AcDbEntity
8
0
100
AcDbLine
10
-20.196015679374078
20
19.668272676623559
30
0
11
-20.189414867885841
21
19.661844351240038
31
0
0
ARC
5
196
100
AcDbEntity
8
0
100
AcDbCircle
10
-20.538257177976806
20
19.303641834930627
30
0
40
0.49999999999999944
210
-0
220
0
230
1
100
AcDbArc
50
-43.225094154982784
51
45.75846532598603
0
ARC
5
197
100
AcDbEntity
8
0
100
AcDbCircle
10
-1.3877787807814457e-15
20
-2.7755575615628914e-16
30
0
40
27.685999999999993
210
0
220
0
230
1
100
AcDbArc
50
136.77490584501723
51
139.22509415498277
0
ARC
5
198
100
AcDbEntity
8
0
100
AcDbCircle
10
-21.34472692619525
20
18.407966439728078
30
0
40
0.50000000000000067
210
0
220
0
230
1
100
AcDbArc
50
230.24153467401391
51
319.22509415498007
0
LINE
5
199
100
AcDbEntity
8
0
100
AcDbLine
10
-21.664503221044427
20
18.023592765743331
30
0
11
-21.671586304070075
21
18.029485474321852
31
0
0
SPLINE
5
200
100
AcDbEntity
8
0
100
AcDbSpline
70
4
71
5
72
81
73
75
74
0
42
0.000000001
43
0.0000000001
44
0.0000000001
40
0
40
0
40
0
40
0
40
0
40
0
40
0.014285714285714285
40
0.028571428571428571
40
0.042857142857142858
40
0.057142857142857141
40
0.071428571428571425
40
0.085714285714285715
40
0.10000000000000001
40
0.1142857142857143
40
0.12857142857142859
40
0.14285714285714288
40
0.15714285714285717
40
0.17142857142857146
40
0.18571428571428575
40
0.20000000000000004
40
0.21428571428571433
40
0.22857142857142862
40
0.24285714285714291
40
0.25714285714285717
40
0.27142857142857146
40
0.28571428571428575
40
0.30000000000000004
40
0.31428571428571433
40
0.32857142857142863
40
0.34285714285714292
40
0.35714285714285721
40
0.3714285714285715
40
0.38571428571428579
40
0.40000000000000008
40
0.41428571428571437
40
0.42857142857142866
40
0.44285714285714295
40
0.45714285714285724
40
0.47142857142857153
40
0.48571428571428582
40
0.50000000000000011
40
0.51428571428571435
40
0.52857142857142858
40
0.54285714285714282
40
0.55714285714285705
40
0.57142857142857129
40
0.58571428571428552
40
0.59999999999999976
40
0.61428571428571399
40
0.62857142857142823
40
0.64285714285714246
40
0.6571428571428567
40
0.67142857142857093
40
0.68571428571428517
40
0.6999999999999994
40
0.71428571428571364
40
0.72857142857142787
40
0.74285714285714211
40
0.75714285714285634
40
0.77142857142857058
40
0.78571428571428481
40
0.79999999999999905
40
0.81428571428571328
40
0.82857142857142752
40
0.84285714285714175
40
0.85714285714285599
40
0.87142857142857022
40
0.88571428571428445
40
0.89999999999999869
40
0.91428571428571292
40
0.92857142857142716
40
0.94285714285714139
40
0.95714285714285563
40
0.97142857142856986
40
0.9857142857142841
40
1
40
1
40
1
40
1
40
1
40
1
41
1
41
1
41
1
41
1
41
1
41
1
41
1
41
1
41
1
41
1
41
1
41
1
41
1
41
1
41
1
41
1
41
1
41
1
41
1
41
1
41
1
41
1
41
1
41
1
41
1
41
1
41
1
41
1
41
1
41
1
41
1
41
1
41
1
41
1
41
1
41
1
41
1
41
1
41
1
41
1
41
1
41
1
41
1
41
1
41
1
41
1
41
1
41
1
41
1
41
1
41
1
41
1
41
1
41
1
41
1
41
1
41
1
41
1
41
1
41
1
41
1
41
1
41
1
41
1
41
1
41
1
41
1
41
1
41
1
41
1
41
1
41
1
41
1
41
1
41
1
10
-21.671586304070075
20
18.029485474321852
30
0
10
-21.680156437414304
20
18.036615321324042
30
0
10
-21.697454008198104
20
18.050665176546257
30
0
10
-21.7238722724261
20
18.07111044882733
30
0
10
-21.759994947285826
20
18.097173496460325
30
0
10
-21.806381065936186
20
18.128114954373295
30
0
10
-21.853662449268384
20
18.1578753706785
30
0
10
-21.901504162419872
20
18.186906095561287
30
0
10
-21.949653734776867
20
18.215544626981199
30
0
10
-21.998009443967032
20
18.24392160732776
30
0
10
-22.046571843395164
20
18.272027665576719
30
0
10
-22.095403790753537
20
18.299768632386634
30
0
10
-22.144588710371444
20
18.32702314641422
30
0
10
-22.19418644249016
20
18.353703630204766
30
0
10
-22.244199714449117
20
18.37980253790122
30
0
10
-22.294596050562458
20
18.405361792900237
30
0
10
-22.345322681518738
20
18.430451920035232
30
0
10
-22.396323366166282
20
18.455148539277481
30
0
10
-22.447556207416113
20
18.479507458020041
30
0
10
-22.499005371408671
20
18.503548283006989
30
0
10
-22.550671145276503
20
18.527268278667997
30
0
10
-22.602563510542922
20
18.550651317101753
30
0
10
-22.654694745728872
20
18.573678184320187
30
0
10
-22.707071495155287
20
18.596337630299836
30
0
10
-22.759690136982801
20
18.618632818323434
30
0
10
-22.812541070391109
20
18.640575335317035
30
0
10
-22.865611336228994
20
18.662181526577271
30
0
10
-22.918887705269022
20
18.683468178870399
30
0
10
-22.972360012537656
20
18.704447859792495
30
0
10
-23.026022895569067
20
18.725126485806133
30
0
10
-23.079873914715179
20
18.745505941464614
30
0
10
-23.133912404313492
20
18.765585678494286
30
0
10
-23.188138118629453
20
18.785364601738234
30
0
10
-23.242549759778683
20
18.804843119805735
30
0
10
-23.297144249138228
20
18.824024158948667
30
0
10
-23.351917519959883
20
18.842912055213525
30
0
10
-23.40686498753734
20
18.861511896688135
30
0
10
-23.461982109966854
20
18.879828739512163
30
0
10
-23.51726499668721
20
18.897866757793132
30
0
10
-23.572710696501499
20
18.9156288399525
30
0
10
-23.628316849757756
20
18.933117070648112
30
0
10
-23.684081475609457
20
18.950333024827842
30
0
10
-23.740002720373155
20
18.967278116391199
30
0
10
-23.796078583341579
20
18.983953978139031
30
0
10
-23.852306780433572
20
19.000362651315605
30
0
10
-23.908684891744056
20
19.016506382250785
30
0
10
-23.965210448165266
20
19.032387503934583
30
0
10
-24.021881034760607
20
19.048008294122958
30
0
10
-24.078694401480355
20
19.063370825012772
30
0
10
-24.135648518179764
20
19.078476885944315
30
0
10
-24.192741502893341
20
19.093328073031877
30
0
10
-24.249971574617248
20
19.107925846605358
30
0
10
-24.307336998932168
20
19.122271599266583
30
0
10
-24.364836027402998
20
19.136366730506833
30
0
10
-24.422466865545644
20
19.150212690244434
30
0
10
-24.480227718432118
20
19.163810935196505
30
0
10
-24.538116821587014
20
19.177162903063049
30
0
10
-24.59613247426897
20
19.190269982953243
30
0
10
-24.65427307687348
20
19.203133485551771
30
0
10
-24.712537147061614
20
19.215754626440891
30
0
10
-24.770923264240842
20
19.228134554212403
30
0
10
-24.829430023907886
20
19.240274373028296
30
0
10
-24.888055990404403
20
19.252175167698404
30
0
10
-24.946799642031255
20
19.263838032620111
30
0
10
-25.00565934058384
20
19.275264091287678
30
0
10
-25.064633430156675
20
19.286454460425311
30
0
10
-25.12372031911795
20
19.297410222746112
30
0
10
-25.182918566365366
20
19.308132398026196
30
0
10
-25.242226968554551
20
19.31862191656964
30
0
10
-25.301644636424552
20
19.328879593252889
30
0
10
-25.361170948231173
20
19.338906102669586
30
0
10
-25.408878599609661
20
19.346742784744993
30
0
10
-25.444707960553998
20
19.352516646306025
30
0
10
-25.468615803975645
20
19.356319835984586
30
0
10
-25.480575126383979
20
19.358209917983189
30
0
0
ARC
5
201
100
AcDbEntity
8
0
100
AcDbCircle
10
-1.3877787807814457e-15
20
-2.7755575615628914e-16
30
0
40
32.000000000000014
210
0
220
0
230
1
100
AcDbArc
50
142.77518342189614
51
145.22481657810368
0
SPLINE
5
202
100
AcDbEntity
8
0
100
AcDbSpline
70
4
71
5
72
81
73
75
74
0
42
0.000000001
43
0.0000000001
44
0.0000000001
40
-1
40
-1
40
-1
40
-1
40
-1
40
-1
40
-0.9857142857142841
40
-0.97142857142856986
40
-0.95714285714285563
40
-0.94285714285714139
40
-0.92857142857142716
40
-0.91428571428571292
40
-0.89999999999999869
40
-0.88571428571428445
40
-0.87142857142857022
40
-0.85714285714285599
40
-0.84285714285714175
40
-0.82857142857142752
40
-0.81428571428571328
40
-0.79999999999999905
40
-0.78571428571428481
40
-0.77142857142857058
40
-0.75714285714285634
40
-0.74285714285714211
40
-0.72857142857142787
40
-0.71428571428571364
40
-0.6999999999999994
40
-0.68571428571428517
40
-0.67142857142857093
40
-0.6571428571428567
40
-0.64285714285714246
40
-0.62857142857142823
40
-0.61428571428571399
40
-0.59999999999999976
40
-0.58571428571428552
40
-0.57142857142857129
40
-0.55714285714285705
40
-0.54285714285714282
40
-0.52857142857142858
40
-0.51428571428571435
40
-0.50000000000000011
40
-0.48571428571428582
40
-0.47142857142857153
40
-0.45714285714285724
40
-0.44285714285714295
40
-0.42857142857142866
40
-0.41428571428571437
40
-0.40000000000000008
40
-0.38571428571428579
40
-0.3714285714285715
40
-0.35714285714285721
40
-0.34285714285714292
40
-0.32857142857142863
40
-0.31428571428571433
40
-0.30000000000000004
40
-0.28571428571428575
40
-0.27142857142857146
40
-0.25714285714285717
40
-0.24285714285714291
40
-0.22857142857142862
40
-0.21428571428571433
40
-0.20000000000000004
40
-0.18571428571428575
40
-0.17142857142857146
40
-0.15714285714285717
40
-0.14285714285714288
40
-0.12857142857142859
40
-0.1142857142857143
40
-0.10000000000000001
40
-0.085714285714285715
40
-0.071428571428571425
40
-0.057142857142857141
40
-0.042857142857142858
40
-0.028571428571428571
40
-0.014285714285714285
40
0
40
0
40
0
40
0
40
0
40
0
41
1
41
1
41
1
41
1
41
1
41
1
41
1
41
1
41
1
41
1
41
1
41
1
41
1
41
1
41
1
41
1
41
1
41
1
41
1
41
1
41
1
41
1
41
1
41
1
41
1
41
1
41
1
41
1
41
1
41
1
41
1
41
1
41
1
41
1
41
1
41
1
41
1
41
1
41
1
41
1
41
1
41
1
41
1
41
1
41
1
41
1
41
1
41
1
41
1
41
1
41
1
41
1
41
1
41
1
41
1
41
1
41
1
41
1
41
1
41
1
41
1
41
1
41
1
41
1
41
1
41
1
41
1
41
1
41
1
41
1
41
1
41
1
41
1
41
1
41
1
10
-26.284682426807599
20
18.251451167561243
30
0
10
-26.279189218141109
20
18.240661243512651
30
0
10
-26.268184239898467
20
18.219098783479431
30
0
10
-26.251621089807262
20
18.186807257624153
30
0
10
-26.229425487215646
20
18.14385625284433
30
0
10
-26.201495068138492
20
18.090341727913643
30
0
10
-26.173378368748885
20
18.037001964120748
30
0
10
-26.145074939599656
20
17.983837761240395
30
0
10
-26.116584280494017
20
17.930850216820708
30
0
10
-26.087905878514061
20
17.878040762789936
30
0
10
-26.059039209120161
20
17.825411084845978
30
0
10
-26.029983734432271
20
17.772963031297373
30
0
10
-26.000738904085473
20
17.720698522090593
30
0
10
-25.971304155806298
20
17.668619462429611
30
0
10
-25.941678918991869
20
17.616727637723692
30
0
10
-25.91186260556956
20
17.565024748589749
30
0
10
-25.881854599434291
20
17.513512471994588
30
0
10
-25.851654247197601
20
17.462192513936369
30
0
10
-25.821260850839941
20
17.411066659838781
30
0
10
-25.790673658131116
20
17.360136836039949
30
0
10
-25.759891873507765
20
17.309405089299361
30
0
10
-25.728914674888806
20
17.258873542006601
30
0
10
-25.697741231517199
20
17.208544351389961
30
0
10
-25.666370718964743
20
17.158419672154633
30
0
10
-25.6348023465323
20
17.108501599627811
30
0
10
-25.603035325741864
20
17.058792213677926
30
0
10
-25.571068818097636
20
17.009293659407032
30
0
10
-25.538901887164037
20
16.960008219897119
30
0
10
-25.506533458526548
20
16.910938378867115
30
0
10
-25.473962256712444
20
16.86208691658554
30
0
10
-25.441186861703521
20
16.813456833658883
30
0
10
-25.408205817690689
20
16.765051199281714
30
0
10
-25.375017736079094
20
16.71687300907465
30
0
10
-25.341621381349967
20
16.668925066107114
30
0
10
-25.308015818869958
20
16.621209777728016
30
0
10
-25.274200276760421
20
16.573729343814037
30
0
10
-25.240173869272155
20
16.526486134947845
30
0
10
-25.205935342950294
20
16.479483039486507
30
0
10
-25.171482862712789
20
16.432723756756403
30
0
10
-25.136813660996996
20
16.386213276771276
30
0
10
-25.101924332653802
20
16.339957481571375
30
0
10
-25.066811455376289
20
16.293962303777107
30
0
10
-25.03147216203347
20
16.248232951007921
30
0
10
-24.995904620941261
20
16.202773255469783
30
0
10
-24.960108844557464
20
16.157584577791305
30
0
10
-24.924085950374355
20
16.112666813257839
30
0
10
-24.887836665532205
20
16.068020425526178
30
0
10
-24.851359951606998
20
16.023648317198486
30
0
10
-24.814651838801552
20
15.979557416570353
30
0
10
-24.777703515771279
20
15.935761274706843
30
0
10
-24.740503105408852
20
15.892277660746977
30
0
10
-24.703039067011353
20
15.849123950550394
30
0
10
-24.665303347573889
20
15.806312855596879
30
0
10
-24.62729405784572
20
15.763848797968476
30
0
10
-24.589019844026883
20
15.721721982092035
30
0
10
-24.550495185434293
20
15.679914792951353
30
0
10
-24.511732336153258
20
15.638412753758058
30
0
10
-24.47273380913693
20
15.597214746095133
30
0
10
-24.433485850195289
20
15.556341887675034
30
0
10
-24.393948330255991
20
15.515851270430108
30
0
10
-24.354066709924279
20
15.475819750730375
30
0
10
-24.313790222711766
20
15.436319308545395
30
0
10
-24.273089032637721
20
15.397393785129852
30
0
10
-24.231969473444437
20
15.359038254831741
30
0
10
-24.190496344589366
20
15.321168743277834
30
0
10
-24.148759288033411
20
15.283668406498602
30
0
10
-24.106828440047217
20
15.246448363349355
30
0
10
-24.064712541992993
20
15.209505191705103
30
0
10
-24.022318779516624
20
15.17297600600946
30
0
10
-23.979404190694691
20
15.137205212689906
30
0
10
-23.935643016556838
20
15.10265082860769
30
0
10
-23.899693064857033
20
15.07635004794013
30
0
10
-23.87208476281835
20
15.057542722186366
30
0
10
-23.85337731312266
20
15.045433398808527
30
0
10
-23.843948108823621
20
15.039485961536949
30
0
0
LINE
5
203
100
AcDbEntity
8
0
100
AcDbLine
10
-23.843948108823628
20
15.03948596153695
30
0
11
-23.836155016903891
21
15.034570496363614
31
0
0
ARC
5
204
100
AcDbEntity
8
0
100
AcDbCircle
10
-24.102899794732743
20
14.611667169938965
30
0
40
0.50000000000000022
210
-0
220
0
230
1
100
AcDbArc
50
-31.225094154982763
51
57.758465325985988
0
ARC
5
205
100
AcDbEntity
8
0
100
AcDbCircle
10
-1.3877787807814457e-15
20
-2.7755575615628914e-16
30
0
40
27.685999999999996
210
0
220
0
230
1
100
AcDbArc
50
148.77490584501723
51
151.22509415498277
0
ARC
5
206
100
AcDbEntity
8
0
100
AcDbCircle
10
-24.705524858176581
20
13.567889942139814
30
0
40
0.49999999999999956
210
0
220
0
230
1
100
AcDbArc
50
242.2415346740143
51
331.22509415498115
0
LINE
5
207
100
AcDbEntity
8
0
100
AcDbLine
10
-24.938397493290843
20
13.125430525000866
30
0
11
-24.946550956962238
21
13.129721807990716
31
0
0
SPLINE
5
208
100
AcDbEntity
8
0
100
AcDbSpline
70
4
71
5
72
81
73
75
74
0
42
0.000000001
43
0.0000000001
44
0.0000000001
40
0
40
0
40
0
40
0
40
0
40
0
40
0.014285714285714285
40
0.028571428571428571
40
0.042857142857142858
40
0.057142857142857141
40
0.071428571428571425
40
0.085714285714285715
40
0.10000000000000001
40
0.1142857142857143
40
0.12857142857142859
40
0.14285714285714288
40
0.15714285714285717
40
0.17142857142857146
40
0.18571428571428575
40
0.20000000000000004
40
0.21428571428571433
40
0.22857142857142862
40
0.24285714285714291
40
0.25714285714285717
40
0.27142857142857146
40
0.28571428571428575
40
0.30000000000000004
40
0.31428571428571433
40
0.32857142857142863
40
0.34285714285714292
40
0.35714285714285721
40
0.3714285714285715
40
0.38571428571428579
40
0.40000000000000008
40
0.41428571428571437
40
0.42857142857142866
40
0.44285714285714295
40
0.45714285714285724
40
0.47142857142857153
40
0.48571428571428582
40
0.50000000000000011
40
0.51428571428571435
40
0.52857142857142858
40
0.54285714285714282
40
0.55714285714285705
40
0.57142857142857129
40
0.58571428571428552
40
0.59999999999999976
40
0.61428571428571399
40
0.62857142857142823
40
0.64285714285714246
40
0.6571428571428567
40
0.67142857142857093
40
0.68571428571428517
40
0.6999999999999994
40
0.71428571428571364
40
0.72857142857142787
40
0.74285714285714211
40
0.75714285714285634
40
0.77142857142857058
40
0.78571428571428481
40
0.79999999999999905
40
0.81428571428571328
40
0.82857142857142752
40
0.84285714285714175
40
0.85714285714285599
40
0.87142857142857022
40
0.88571428571428445
40
0.89999999999999869
40
0.91428571428571292
40
0.92857142857142716
40
0.94285714285714139
40
0.95714285714285563
40
0.97142857142856986
40
0.9857142857142841
40
1
40
1
40
1
40
1
40
1
40
1
41
1
41
1
41
1
41
1
41
1
41
1
41
1
41
1
41
1
41
1
41
1
41
1
41
1
41
1
41
1
41
1
41
1
41
1
41
1
41
1
41
1
41
1
41
1
41
1
41
1
41
1
41
1
41
1
41
1
41
1
41
1
41
1
41
1
41
1
41
1
41
1
41
1
41
1
41
1
41
1
41
1
41
1
41
1
41
1
41
1
41
1
41
1
41
1
41
1
41
1
41
1
41
1
41
1
41
1
41
1
41
1
41
1
41
1
41
1
41
1
41
1
41
1
41
1
41
1
41
1
41
1
41
1
41
1
41
1
41
1
41
1
41
1
41
1
41
1
41
1
10
-24.946550956962238
20
13.129721807990716
30
0
10
-24.956416190876357
20
13.134914019815373
30
0
10
-24.976256897392052
20
13.145060484802936
30
0
10
-25.006348670291409
20
13.159566312846909
30
0
10
-25.047100790338771
20
13.177549493949982
30
0
10
-25.098906351835026
20
13.19817059041169
30
0
10
-25.15134206197424
20
13.217450317864669
30
0
10
-25.204174146004412
20
13.235899800283386
30
0
10
-25.257225820171826
20
13.253901652079417
30
0
10
-25.310424747062118
20
13.27160481006306
30
0
10
-25.363769519641373
20
13.288999992930091
30
0
10
-25.417302043103504
20
13.305982020316049
30
0
10
-25.471078686313938
20
13.322414838020798
30
0
10
-25.52513977348443
20
13.338200340881411
30
0
10
-25.579486403483592
20
13.353330580890157
30
0
10
-25.634095526661518
20
13.367853317391639
30
0
10
-25.68893018978018
20
13.381848505439237
30
0
10
-25.743951102968097
20
13.395401805719342
30
0
10
-25.799128887697659
20
13.408576516994195
30
0
10
-25.85445213258842
20
13.421395109597984
30
0
10
-25.909920549741372
20
13.433854848040948
30
0
10
-25.965540549380339
20
13.445937881579725
30
0
10
-26.02132014689839
20
13.457622863249913
30
0
10
-26.077263502410691
20
13.468897407436087
30
0
10
-26.133367730907231
20
13.479765361318378
30
0
10
-26.189625850426054
20
13.490240054743518
30
0
10
-26.246028583382728
20
13.500340170183215
30
0
10
-26.302566479805151
20
13.510084878083648
30
0
10
-26.359232209799007
20
13.519488584825606
30
0
10
-26.416021758182914
20
13.528558192502103
30
0
10
-26.472933130441664
20
13.537296051715774
30
0
10
-26.529965561466543
20
13.545701764573096
30
0
10
-26.587118583196983
20
13.553774310940025
30
0
10
-26.644391011065125
20
13.561514360342102
30
0
10
-26.701780442125301
20
13.568925415167259
30
0
10
-26.759283800012259
20
13.576012562233494
30
0
10
-26.816897658079487
20
13.582781731655732
30
0
10
-26.874618624905246
20
13.589238813399742
30
0
10
-26.932443762792204
20
13.595388699251952
30
0
10
-26.990370785570757
20
13.601234828103211
30
0
10
-27.04839781857773
20
13.606779729655823
30
0
10
-27.106523251702939
20
13.61202535628242
30
0
10
-27.164745565736595
20
13.61697347638788
30
0
10
-27.223063143170076
20
13.62162610306286
30
0
10
-27.281474174233409
20
13.625985707832722
30
0
10
-27.339976758940505
20
13.630054991066187
30
0
10
-27.398568967195413
20
13.633836748128205
30
0
10
-27.457248910405809
20
13.63733370909385
30
0
10
-27.516014818524877
20
13.640548368689171
30
0
10
-27.57486507779619
20
13.643482899243896
30
0
10
-27.633798179230531
20
13.646139253276015
30
0
10
-27.692812684362934
20
13.64851922949523
30
0
10
-27.751907186213497
20
13.650624550677733
30
0
10
-27.81108026552522
20
13.652456949252665
30
0
10
-27.870330468482763
20
13.654018216548373
30
0
10
-27.929656342250155
20
13.655310150635724
30
0
10
-27.989056459824621
20
13.656334524652603
30
0
10
-28.048529446442139
20
13.657093050956828
30
0
10
-28.108074009960049
20
13.657587344167936
30
0
10
-28.167688953165868
20
13.657818901500413
30
0
10
-28.227373125316074
20
13.657789141804365
30
0
10
-28.287125382167329
20
13.657499437125828
30
0
10
-28.346944544978534
20
13.656951147059102
30
0
10
-28.406829352841338
20
13.656145658465405
30
0
10
-28.466778436937417
20
13.655084410889835
30
0
10
-28.526790409726832
20
13.653768840935616
30
0
10
-28.586863939467442
20
13.652200338574815
30
0
10
-28.64699782857187
20
13.650380200921017
30
0
10
-28.707191093412817
20
13.648309588138288
30
0
10
-28.767443033584129
20
13.645989482183811
30
0
10
-28.827753181184139
20
13.64342067217763
30
0
10
-28.876047643737344
20
13.641167125484355
30
0
10
-28.912294500500572
20
13.639365471302396
30
0
10
-28.93647062777875
20
13.638114832012009
30
0
10
-28.948561580442981
20
13.63747712824118
30
0
0
ARC
5
209
100
AcDbEntity
8
0
100
AcDbCircle
10
-1.3877787807814457e-15
20
-2.7755575615628914e-16
30
0
40
32.000000000000014
210
0
220
0
230
1
100
AcDbArc
50
154.77518342189614
51
157.22481657810371
0
SPLINE
5
210
100
AcDbEntity
8
0
100
AcDbSpline
70
4
71
5
72
81
73
75
74
0
42
0.000000001
43
0.0000000001
44
0.0000000001
40
-1
40
-1
40
-1
40
-1
40
-1
40
-1
40
-0.9857142857142841
40
-0.97142857142856986
40
-0.95714285714285563
40
-0.94285714285714139
40
-0.92857142857142716
40
-0.91428571428571292
40
-0.89999999999999869
40
-0.88571428571428445
40
-0.87142857142857022
40
-0.85714285714285599
40
-0.84285714285714175
40
-0.82857142857142752
40
-0.81428571428571328
40
-0.79999999999999905
40
-0.78571428571428481
40
-0.77142857142857058
40
-0.75714285714285634
40
-0.74285714285714211
40
-0.72857142857142787
40
-0.71428571428571364
40
-0.6999999999999994
40
-0.68571428571428517
40
-0.67142857142857093
40
-0.6571428571428567
40
-0.64285714285714246
40
-0.62857142857142823
40
-0.61428571428571399
40
-0.59999999999999976
40
-0.58571428571428552
40
-0.57142857142857129
40
-0.55714285714285705
40
-0.54285714285714282
40
-0.52857142857142858
40
-0.51428571428571435
40
-0.50000000000000011
40
-0.48571428571428582
40
-0.47142857142857153
40
-0.45714285714285724
40
-0.44285714285714295
40
-0.42857142857142866
40
-0.41428571428571437
40
-0.40000000000000008
40
-0.38571428571428579
40
-0.3714285714285715
40
-0.35714285714285721
40
-0.34285714285714292
40
-0.32857142857142863
40
-0.31428571428571433
40
-0.30000000000000004
40
-0.28571428571428575
40
-0.27142857142857146
40
-0.25714285714285717
40
-0.24285714285714291
40
-0.22857142857142862
40
-0.21428571428571433
40
-0.20000000000000004
40
-0.18571428571428575
40
-0.17142857142857146
40
-0.15714285714285717
40
-0.14285714285714288
40
-0.12857142857142859
40
-0.1142857142857143
40
-0.10000000000000001
40
-0.085714285714285715
40
-0.071428571428571425
40
-0.057142857142857141
40
-0.042857142857142858
40
-0.028571428571428571
40
-0.014285714285714285
40
0
40
0
40
0
40
0
40
0
40
0
41
1
41
1
41
1
41
1
41
1
41
1
41
1
41
1
41
1
41
1
41
1
41
1
41
1
41
1
41
1
41
1
41
1
41
1
41
1
41
1
41
1
41
1
41
1
41
1
41
1
41
1
41
1
41
1
41
1
41
1
41
1
41
1
41
1
41
1
41
1
41
1
41
1
41
1
41
1
41
1
41
1
41
1
41
1
41
1
41
1
41
1
41
1
41
1
41
1
41
1
41
1
41
1
41
1
41
1
41
1
41
1
41
1
41
1
41
1
41
1
41
1
41
1
41
1
41
1
41
1
41
1
41
1
41
1
41
1
41
1
41
1
41
1
41
1
41
1
41
1
10
-29.504989123957298
20
12.387720403494832
30
0
10
-29.497372603727108
20
12.378308367476469
30
0
10
-29.48212502313924
20
12.359505162562897
30
0
10
-29.459210031877276
20
12.331362956564254
30
0
10
-29.428569440429353
20
12.2939652595533
30
0
10
-29.390123072659897
20
12.247427216043519
30
0
10
-29.351530830133399
20
12.201098844576101
30
0
10
-29.312792439506712
20
12.154981020894118
30
0
10
-29.273907639706628
20
12.109074922558388
30
0
10
-29.234876226738351
20
12.063382056847729
30
0
10
-29.195698038001012
20
12.017904181681413
30
0
10
-29.156372931653483
20
11.972643216809566
30
0
10
-29.116900768536951
20
11.927601154650503
30
0
10
-29.077281394779156
20
11.882779975678154
30
0
10
-29.037514623453728
20
11.838181544921332
30
0
10
-28.997600232916962
20
11.793807648101547
30
0
10
-28.957537969188177
20
11.749660053635299
30
0
10
-28.917327547853958
20
11.705740566087719
30
0
10
-28.876968657358635
20
11.662051076993109
30
0
10
-28.836460962418251
20
11.618593626991947
30
0
10
-28.795804110399633
20
11.575370383524035
30
0
10
-28.754997738455774
20
11.532383593519917
30
0
10
-28.714041482496619
20
11.489635539791379
30
0
10
-28.672934984098131
20
11.447128501366397
30
0
10
-28.63167790548286
20
11.404864692179826
30
0
10
-28.590269907831875
20
11.362846310583778
30
0
10
-28.548710616964343
20
11.321075629137759
30
0
10
-28.506999591587466
20
11.279555075728842
30
0
10
-28.465136297159471
20
11.238287303184089
30
0
10
-28.423120064130117
20
11.197275296202173
30
0
10
-28.380950127373147
20
11.1565222850575
30
0
10
-28.338625701013839
20
11.116031574555121
30
0
10
-28.296146049626003
20
11.075806383559247
30
0
10
-28.253510547480836
20
11.035849710764314
30
0
10
-28.210718780884946
20
10.996164105234074
30
0
10
-28.167770452207186
20
10.956751879255231
30
0
10
-28.124665187925913
20
10.917615535765135
30
0
10
-28.081402362500491
20
10.878758160611255
30
0
10
-28.037980950083
20
10.840183753815813
30
0
10
-27.994399281070894
20
10.801897771757414
30
0
10
-27.95065524767065
20
10.763906675909931
30
0
10
-27.906746735822118
20
10.726216980789385
30
0
10
-27.862672023772973
20
10.688834376326305
30
0
10
-27.818430116626228
20
10.651762991812301
30
0
10
-27.774021309458071
20
10.615004155552858
30
0
10
-27.72944667356947
20
10.578557532781874
30
0
10
-27.684707016610595
20
10.542423425843186
30
0
10
-27.639801926334449
20
10.506604889810623
30
0
10
-27.594728960167068
20
10.471109526947128
30
0
10
-27.549482316737727
20
10.435952424176042
30
0
10
-27.504054072894142
20
10.401153431727536
30
0
10
-27.458436552769804
20
10.366731945204069
30
0
10
-27.412624522202531
20
10.332702072622965
30
0
10
-27.366617052628825
20
10.299068532230491
30
0
10
-27.320420564694313
20
10.265819944864191
30
0
10
-27.274045558940308
20
10.232936070018969
30
0
10
-27.227501011777406
20
10.200400199491417
30
0
10
-27.180789148712705
20
10.168210716832284
30
0
10
-27.133900906737559
20
10.136391137938237
30
0
10
-27.086808903776326
20
10.105005650449201
30
0
10
-27.039475771588709
20
10.074140770616895
30
0
10
-26.991866818533072
20
10.043877460422287
30
0
10
-26.943961975725841
20
10.014264806332655
30
0
10
-26.895766414401201
20
9.9852966734742417
30
0
10
-26.847326058739082
20
9.9568774499505821
30
0
10
-26.798704298581178
20
9.9288742075015772
30
0
10
-26.749951258123275
20
9.9011854250981628
30
0
10
-26.701074776208063
20
9.8738059379656047
30
0
10
-26.652012574393545
20
9.8468891614572414
30
0
10
-26.602598606179939
20
9.8208224905180899
30
0
10
-26.552609458272002
20
9.7961216623404077
30
0
10
-26.511976859491924
20
9.7778700320757306
30
0
10
-26.481061602195226
20
9.7652137802709351
30
0
10
-26.460245285261394
20
9.7572585721595111
30
0
10
-26.449785589960292
20
9.7534015424706855
30
0
0
LINE
5
211
100
AcDbEntity
8
0
100
AcDbLine
10
-26.449785589960292
20
9.7534015424706855
30
0
11
-26.441140813121361
21
9.7502137669226254
31
0
0
ARC
5
212
100
AcDbEntity
8
0
100
AcDbCircle
10
-26.614130031913522
20
9.2810925350628075
30
0
40
0.4999999999999985
210
-0
220
0
230
1
100
AcDbArc
50
-19.225094154983001
51
69.758465325985753
0
ARC
5
213
100
AcDbEntity
8
0
100
AcDbCircle
10
-1.3877787807814457e-15
20
-2.7755575615628914e-16
30
0
40
27.685999999999996
210
0
220
0
230
1
100
AcDbArc
50
160.77490584501729
51
163.22509415498277
0
ARC
5
214
100
AcDbEntity
8
0
100
AcDbCircle
10
-26.986572803594374
20
8.1348315481207187
30
0
40
0.5
210
0
220
0
230
1
100
AcDbArc
50
254.24153467401422
51
343.22509415498064
0
LINE
5
215
100
AcDbEntity
8
0
100
AcDbLine
10
-27.12236412737235
20
7.6536239875123835
30
0
11
-27.131231626202393
21
7.6561262952550377
31
0
0
SPLINE
5
216
100
AcDbEntity
8
0
100
AcDbSpline
70
4
71
5
72
81
73
75
74
0
42
0.000000001
43
0.0000000001
44
0.0000000001
40
0
40
0
40
0
40
0
40
0
40
0
40
0.014285714285714285
40
0.028571428571428571
40
0.042857142857142858
40
0.057142857142857141
40
0.071428571428571425
40
0.085714285714285715
40
0.10000000000000001
40
0.1142857142857143
40
0.12857142857142859
40
0.14285714285714288
40
0.15714285714285717
40
0.17142857142857146
40
0.18571428571428575
40
0.20000000000000004
40
0.21428571428571433
40
0.22857142857142862
40
0.24285714285714291
40
0.25714285714285717
40
0.27142857142857146
40
0.28571428571428575
40
0.30000000000000004
40
0.31428571428571433
40
0.32857142857142863
40
0.34285714285714292
40
0.35714285714285721
40
0.3714285714285715
40
0.38571428571428579
40
0.40000000000000008
40
0.41428571428571437
40
0.42857142857142866
40
0.44285714285714295
40
0.45714285714285724
40
0.47142857142857153
40
0.48571428571428582
40
0.50000000000000011
40
0.51428571428571435
40
0.52857142857142858
40
0.54285714285714282
40
0.55714285714285705
40
0.57142857142857129
40
0.58571428571428552
40
0.59999999999999976
40
0.61428571428571399
40
0.62857142857142823
40
0.64285714285714246
40
0.6571428571428567
40
0.67142857142857093
40
0.68571428571428517
40
0.6999999999999994
40
0.71428571428571364
40
0.72857142857142787
40
0.74285714285714211
40
0.75714285714285634
40
0.77142857142857058
40
0.78571428571428481
40
0.79999999999999905
40
0.81428571428571328
40
0.82857142857142752
40
0.84285714285714175
40
0.85714285714285599
40
0.87142857142857022
40
0.88571428571428445
40
0.89999999999999869
40
0.91428571428571292
40
0.92857142857142716
40
0.94285714285714139
40
0.95714285714285563
40
0.97142857142856986
40
0.9857142857142841
40
1
40
1
40
1
40
1
40
1
40
1
41
1
41
1
41
1
41
1
41
1
41
1
41
1
41
1
41
1
41
1
41
1
41
1
41
1
41
1
41
1
41
1
41
1
41
1
41
1
41
1
41
1
41
1
41
1
41
1
41
1
41
1
41
1
41
1
41
1
41
1
41
1
41
1
41
1
41
1
41
1
41
1
41
1
41
1
41
1
41
1
41
1
41
1
41
1
41
1
41
1
41
1
41
1
41
1
41
1
41
1
41
1
41
1
41
1
41
1
41
1
41
1
41
1
41
1
41
1
41
1
41
1
41
1
41
1
41
1
41
1
41
1
41
1
41
1
41
1
41
1
41
1
41
1
41
1
41
1
41
1
10
-27.131231626202393
20
7.6561262952550377
30
0
10
-27.141960802625718
20
7.6591539473304309
30
0
10
-27.163477510792291
20
7.66495357287525
30
0
10
-27.195927637490954
20
7.6728859823899063
30
0
10
-27.239528139529533
20
7.6820033456559855
30
0
10
-27.294488992243622
20
7.691402839800058
30
0
10
-27.349787337042333
20
7.6993592617967099
30
0
10
-27.405300776362598
20
7.7064211708392243
30
0
10
-27.460935939609112
20
7.7129995757054184
30
0
10
-27.516653035817672
20
7.7192551983730766
30
0
10
-27.572448759009735
20
7.7251792528955452
30
0
10
-27.628342230422767
20
7.7306601447719627
30
0
10
-27.684360299868466
20
7.735553073166777
30
0
10
-27.740522013167499
20
7.7397536928751958
30
0
10
-27.796826792691846
20
7.7432540011049058
30
0
10
-27.853262022207833
20
7.7461055058359243
30
0
10
-27.909808179584694
20
7.7483940979220769
30
0
10
-27.966444643387032
20
7.7502117349818453
30
0
10
-28.023155837631247
20
7.7516264406870032
30
0
10
-28.07993527214812
20
7.7526625669004261
30
0
10
-28.136782096589599
20
7.7533174977669228
30
0
10
-28.193698869722525
20
7.7535724398642412
30
0
10
-28.250688993500916
20
7.7534048462164478
30
0
10
-28.30775396201723
20
7.7528017369269362
30
0
10
-28.364891753179538
20
7.751767474933045
30
0
10
-28.422098309029483
20
7.750316550423884
30
0
10
-28.479368439024405
20
7.7484691665325904
30
0
10
-28.536696885456646
20
7.7462460395447854
30
0
10
-28.594079473862632
20
7.7436627849979898
30
0
10
-28.651513711828187
20
7.740726988961077
30
0
10
-28.708998137140789
20
7.7374413653534067
30
0
10
-28.766531918684489
20
7.7338056840514184
30
0
10
-28.824114386529157
20
7.7298190445287247
30
0
10
-28.881744521194783
20
7.7254823479656256
30
0
10
-28.93942070043321
20
7.7207995198149675
30
0
10
-28.997140972714096
20
7.7157761753478784
30
0
10
-29.054903219211575
20
7.7104188275319085
30
0
10
-29.112705347207381
20
7.7047339427391757
30
0
10
-29.170545500259468
20
7.6987269166404531
30
0
10
-29.228422157142173
20
7.6924015882999637
30
0
10
-29.286334010112864
20
7.6857608219043385
30
0
10
-29.344279890167229
20
7.6788068619229142
30
0
10
-29.402258678965929
20
7.6715417539781487
30
0
10
-29.460269212891831
20
7.663967803468803
30
0
10
-29.518310235581822
20
7.6560878041838043
30
0
10
-29.576380450007282
20
7.6479047925116648
30
0
10
-29.634478549438533
20
7.6394219040214084
30
0
10
-29.692603254168066
20
7.6306422017898559
30
0
10
-29.750753351511548
20
7.6215684940407158
30
0
10
-29.808927714629732
20
7.6122032411519358
30
0
10
-29.867125273459763
20
7.602548666710808
30
0
10
-29.925344994943362
20
7.5926068291945823
30
0
10
-29.983585861031816
20
7.5823797062602392
30
0
10
-30.041846843674577
20
7.5718692875593021
30
0
10
-30.100126893263763
20
7.5610776275405067
30
0
10
-30.15842496255129
20
7.5500067870441381
30
0
10
-30.216740024373948
20
7.538658797151319
30
0
10
-30.275071090028781
20
7.5270356186302569
30
0
10
-30.333417231307852
20
7.5151390994687475
30
0
10
-30.39177758844902
20
7.502970953078016
30
0
10
-30.450151330850801
20
7.4905328065559216
30
0
10
-30.508537624538739
20
7.4778262398675697
30
0
10
-30.566935599205593
20
7.4648528279709137
30
0
10
-30.625344309841545
20
7.4516141895785202
30
0
10
-30.683762716838508
20
7.4381120173712958
30
0
10
-30.7421897616642
20
7.424348005045025
30
0
10
-30.800624430669707
20
7.4103237890822999
30
0
10
-30.859065822122865
20
7.396040887244081
30
0
10
-30.917513215102694
20
7.3815006388496842
30
0
10
-30.975966128668944
20
7.3667041500207979
30
0
10
-31.034424269212018
20
7.3516522899155232
30
0
10
-31.08119484318383
20
7.3394070052577849
30
0
10
-31.116275034193684
20
7.330108576265876
30
0
10
-31.139662832556407
20
7.3238587669447694
30
0
10
-31.151356982826272
20
7.3207211481193362
30
0
0
ARC
5
217
100
AcDbEntity
8
0
100
AcDbCircle
10
-1.3877787807814457e-15
20
-2.7755575615628914e-16
30
0
40
32.000000000000014
210
0
220
0
230
1
100
AcDbArc
50
166.77518342189617
51
169.22481657810371
0
SPLINE
5
218
100
AcDbEntity
8
0
100
AcDbSpline
70
4
71
5
72
81
73
75
74
0
42
0.000000001
43
0.0000000001
44
0.0000000001
40
-1
40
-1
40
-1
40
-1
40
-1
40
-1
40
-0.9857142857142841
40
-0.97142857142856986
40
-0.95714285714285563
40
-0.94285714285714139
40
-0.92857142857142716
40
-0.91428571428571292
40
-0.89999999999999869
40
-0.88571428571428445
40
-0.87142857142857022
40
-0.85714285714285599
40
-0.84285714285714175
40
-0.82857142857142752
40
-0.81428571428571328
40
-0.79999999999999905
40
-0.78571428571428481
40
-0.77142857142857058
40
-0.75714285714285634
40
-0.74285714285714211
40
-0.72857142857142787
40
-0.71428571428571364
40
-0.6999999999999994
40
-0.68571428571428517
40
-0.67142857142857093
40
-0.6571428571428567
40
-0.64285714285714246
40
-0.62857142857142823
40
-0.61428571428571399
40
-0.59999999999999976
40
-0.58571428571428552
40
-0.57142857142857129
40
-0.55714285714285705
40
-0.54285714285714282
40
-0.52857142857142858
40
-0.51428571428571435
40
-0.50000000000000011
40
-0.48571428571428582
40
-0.47142857142857153
40
-0.45714285714285724
40
-0.44285714285714295
40
-0.42857142857142866
40
-0.41428571428571437
40
-0.40000000000000008
40
-0.38571428571428579
40
-0.3714285714285715
40
-0.35714285714285721
40
-0.34285714285714292
40
-0.32857142857142863
40
-0.31428571428571433
40
-0.30000000000000004
40
-0.28571428571428575
40
-0.27142857142857146
40
-0.25714285714285717
40
-0.24285714285714291
40
-0.22857142857142862
40
-0.21428571428571433
40
-0.20000000000000004
40
-0.18571428571428575
40
-0.17142857142857146
40
-0.15714285714285717
40
-0.14285714285714288
40
-0.12857142857142859
40
-0.1142857142857143
40
-0.10000000000000001
40
-0.085714285714285715
40
-0.071428571428571425
40
-0.057142857142857141
40
-0.042857142857142858
40
-0.028571428571428571
40
-0.014285714285714285
40
0
40
0
40
0
40
0
40
0
40
0
41
1
41
1
41
1
41
1
41
1
41
1
41
1
41
1
41
1
41
1
41
1
41
1
41
1
41
1
41
1
41
1
41
1
41
1
41
1
41
1
41
1
41
1
41
1
41
1
41
1
41
1
41
1
41
1
41
1
41
1
41
1
41
1
41
1
41
1
41
1
41
1
41
1
41
1
41
1
41
1
41
1
41
1
41
1
41
1
41
1
41
1
41
1
41
1
41
1
41
1
41
1
41
1
41
1
41
1
41
1
41
1
41
1
41
1
41
1
41
1
41
1
41
1
41
1
41
1
41
1
41
1
41
1
41
1
41
1
41
1
41
1
41
1
41
1
41
1
41
1
10
-31.435786215744127
20
5.9825868149181254
30
0
10
-31.426379262432413
20
5.9749640180679471
30
0
10
-31.407555471937023
20
5.9597418585565318
30
0
10
-31.379290134580774
20
5.9369789218579534
30
0
10
-31.341543695152691
20
5.9067689914293142
30
0
10
-31.294261669448598
20
5.8692413651561237
30
0
10
-31.246880549969738
20
5.8319491581554992
30
0
10
-31.199400251423395
20
5.7948932838646572
30
0
10
-31.151820763270102
20
5.7580749483920588
30
0
10
-31.104142199353721
20
5.7214956684917677
30
0
10
-31.05636476611857
20
5.6851571974749202
30
0
10
-31.00848872396158
20
5.649061442630928
30
0
10
-30.960514351011959
20
5.6132103817717312
30
0
10
-30.912441908523611
20
5.5776059840849896
30
0
10
-30.864271601416245
20
5.5422501127083468
30
0
10
-30.816003584161983
20
5.5071445604233222
30
0
10
-30.7676379760047
20
5.4722911098078306
30
0
10
-30.719174873936264
20
5.4376915851258021
30
0
10
-30.670614366481356
20
5.4033479013530359
30
0
10
-30.621956549955801
20
5.3692621242465748
30
0
10
-30.57320153006836
20
5.3354364471990188
30
0
10
-30.524349419064233
20
5.3018731434802282
30
0
10
-30.475400335432887
20
5.268574521715653
30
0
10
-30.426354402419243
20
5.2355428856515829
30
0
10
-30.377211749930044
20
5.2027804710709704
30
0
10
-30.327972503613484
20
5.170289498731071
30
0
10
-30.278636769957153
20
5.1380722693270897
30
0
10
-30.229204622097679
20
5.106131249440871
30
0
10
-30.179676088728066
20
5.0744691450663169
30
0
10
-30.130051135483093
20
5.0430890148866014
30
0
10
-30.080329685568159
20
5.0119941776655805
30
0
10
-30.030511657389404
20
4.9811880293829276
30
0
10
-29.980597000830961
20
4.9506738714666465
30
0
10
-29.930585727301342
20
4.9204547671788443
30
0
10
-29.8804779621275
20
4.8905332958917995
30
0
10
-29.830273894933658
20
4.860911781244206
30
0
10
-29.779973680750487
20
4.8315927491377417
30
0
10
-29.729577349290661
20
4.8025793480439125
30
0
10
-29.679084728774892
20
4.7738757038606376
30
0
10
-29.628495320530341
20
4.7454875008614454
30
0
10
-29.577808406239807
20
4.7174214975564146
30
0
10
-29.527023272484449
20
4.6896845056415799
30
0
10
-29.476139418139454
20
4.6622824486812844
30
0
10
-29.425156728576724
20
4.635219572582912
30
0
10
-29.374075768594533
20
4.6084971152755028
30
0
10
-29.322897516481603
20
4.582114526572405
30
0
10
-29.271622825099822
20
4.5560719342905909
30
0
10
-29.22025192639633
20
4.5303724124541791
30
0
10
-29.168784011772605
20
4.5050239050381062
30
0
10
-29.117216543379556
20
4.4800423754530421
30
0
10
-29.065545898299675
20
4.4554488874699825
30
0
10
-29.013768600975069
20
4.4312640087533257
30
0
10
-28.961882464844301
20
4.4075026272698796
30
0
10
-28.909887562613758
20
4.3841695512201095
30
0
10
-28.85778780876166
20
4.3612523151762801
30
0
10
-28.805589266129658
20
4.338728937751597
30
0
10
-28.7532972411414
20
4.3165812095562748
30
0
10
-28.700913574592658
20
4.2948070867554113
30
0
10
-28.64843429075307
20
4.2734314556723572
30
0
10
-28.595845951271809
20
4.2525227943467652
30
0
10
-28.543129992234451
20
4.2321734977366878
30
0
10
-28.490269313037331
20
4.2124699714074261
30
0
10
-28.437254489000527
20
4.1934644017247038
30
0
10
-28.384089302842391
20
4.1751497127164257
30
0
10
-28.330798796358259
20
4.1574228336615704
30
0
10
-28.277417336830396
20
4.1401405616122702
30
0
10
-28.223972845711849
20
4.1231931726112361
30
0
10
-28.170471916730712
20
4.1065739849594198
30
0
10
-28.116885529223907
20
4.0904460099327746
30
0
10
-28.063131809144082
20
4.0752226999758348
30
0
10
-28.009099453104184
20
4.0614549724217719
30
0
10
-27.965560046787363
20
4.0520501763835872
30
0
10
-27.932688979324382
20
4.046098137463062
30
0
10
-27.910673568090189
20
4.0426447253858475
30
0
10
-27.899640520662864
20
4.0410466739852557
30
0
0
LINE
5
219
100
AcDbEntity
8
0
100
AcDbLine
10
-27.899640520662857
20
4.0410466739852557
30
0
11
-27.890521877134841
21
4.0397259091505653
31
0
0
ARC
5
220
100
AcDbEntity
8
0
100
AcDbCircle
10
-27.962195077934723
20
3.5448896207812752
30
0
40
0.50000000000000022
210
-0
220
0
230
1
100
AcDbArc
50
-7.2250941549828305
51
81.75846532598581
0
ARC
5
221
100
AcDbEntity
8
0
100
AcDbCircle
10
-1.3877787807814457e-15
20
-2.7755575615628914e-16
30
0
40
27.685999999999996
210
0
220
0
230
1
100
AcDbArc
50
172.77490584501723
51
175.2250941549828
0
ARC
5
222
100
AcDbEntity
8
0
100
AcDbCircle
10
-28.088178021551439
20
2.3462419801960768
30
0
40
0.49999999999999994
210
0
220
0
230
1
100
AcDbArc
50
266.24153467401385
51
355.22509415498246
0
LINE
5
223
100
AcDbEntity
8
0
100
AcDbLine
10
-28.120953301544969
20
1.8473173556070055
30
0
11
-28.130147283283797
21
1.8479213252467008
31
0
0
SPLINE
5
224
100
AcDbEntity
8
0
100
AcDbSpline
70
4
71
5
72
81
73
75
74
0
42
0.000000001
43
0.0000000001
44
0.0000000001
40
0
40
0
40
0
40
0
40
0
40
0
40
0.014285714285714285
40
0.028571428571428571
40
0.042857142857142858
40
0.057142857142857141
40
0.071428571428571425
40
0.085714285714285715
40
0.10000000000000001
40
0.1142857142857143
40
0.12857142857142859
40
0.14285714285714288
40
0.15714285714285717
40
0.17142857142857146
40
0.18571428571428575
40
0.20000000000000004
40
0.21428571428571433
40
0.22857142857142862
40
0.24285714285714291
40
0.25714285714285717
40
0.27142857142857146
40
0.28571428571428575
40
0.30000000000000004
40
0.31428571428571433
40
0.32857142857142863
40
0.34285714285714292
40
0.35714285714285721
40
0.3714285714285715
40
0.38571428571428579
40
0.40000000000000008
40
0.41428571428571437
40
0.42857142857142866
40
0.44285714285714295
40
0.45714285714285724
40
0.47142857142857153
40
0.48571428571428582
40
0.50000000000000011
40
0.51428571428571435
40
0.52857142857142858
40
0.54285714285714282
40
0.55714285714285705
40
0.57142857142857129
40
0.58571428571428552
40
0.59999999999999976
40
0.61428571428571399
40
0.62857142857142823
40
0.64285714285714246
40
0.6571428571428567
40
0.67142857142857093
40
0.68571428571428517
40
0.6999999999999994
40
0.71428571428571364
40
0.72857142857142787
40
0.74285714285714211
40
0.75714285714285634
40
0.77142857142857058
40
0.78571428571428481
40
0.79999999999999905
40
0.81428571428571328
40
0.82857142857142752
40
0.84285714285714175
40
0.85714285714285599
40
0.87142857142857022
40
0.88571428571428445
40
0.89999999999999869
40
0.91428571428571292
40
0.92857142857142716
40
0.94285714285714139
40
0.95714285714285563
40
0.97142857142856986
40
0.9857142857142841
40
1
40
1
40
1
40
1
40
1
40
1
41
1
41
1
41
1
41
1
41
1
41
1
41
1
41
1
41
1
41
1
41
1
41
1
41
1
41
1
41
1
41
1
41
1
41
1
41
1
41
1
41
1
41
1
41
1
41
1
41
1
41
1
41
1
41
1
41
1
41
1
41
1
41
1
41
1
41
1
41
1
41
1
41
1
41
1
41
1
41
1
41
1
41
1
41
1
41
1
41
1
41
1
41
1
41
1
41
1
41
1
41
1
41
1
41
1
41
1
41
1
41
1
41
1
41
1
41
1
41
1
41
1
41
1
41
1
41
1
41
1
41
1
41
1
41
1
41
1
41
1
41
1
41
1
41
1
41
1
41
1
10
-28.130147283283797
20
1.8479213252467008
30
0
10
-28.141271485722324
20
1.8486520946488461
30
0
10
-28.163523812144287
20
1.8498514092849228
30
0
10
-28.196914066392544
20
1.8508637159105534
30
0
10
-28.24145739926481
20
1.8507167888149434
30
0
10
-28.297171490201709
20
1.8484838776435031
30
0
10
-28.352915666641305
20
1.8447692603634358
30
0
10
-28.408684257570336
20
1.8401349567177827
30
0
10
-28.464471386294967
20
1.8350024067948012
30
0
10
-28.520271547357172
20
1.829537093418091
30
0
10
-28.576079680320955
20
1.8237311099865983
30
0
10
-28.63189128677751
20
1.8174713250782415
30
0
10
-28.687702524019176
20
1.8106105197133882
30
0
10
-28.743510327081783
20
1.8030426690315504
30
0
10
-28.799312467085802
20
1.7947600652162365
30
0
10
-28.855107312603728
20
1.7858157137370068
30
0
10
-28.910893625822844
20
1.7762976874056668
30
0
10
-28.966670354999536
20
1.7663002217836055
30
0
10
-29.022436407439422
20
1.7558930924912397
30
0
10
-29.078190497836054
20
1.745101468626874
30
0
10
-29.133931250556646
20
1.7339229682953394
30
0
10
-29.189657261080647
20
1.7223386767581983
30
0
10
-29.245367169241323
20
1.7103258324390314
30
0
10
-29.301059737809375
20
1.6978714284438257
30
0
10
-29.356733895986117
20
1.6849801527858244
30
0
10
-29.412388687169031
20
1.6716670227057184
30
0
10
-29.468023234708852
20
1.6579528790242182
30
0
10
-29.523636702949403
20
1.6438590784652884
30
0
10
-29.579228255301985
20
1.6294017632492674
30
0
10
-29.634797031050034
20
1.6145888718732682
30
0
10
-29.69034216418946
20
1.5994233629620791
30
0
10
-29.7458627939208
20
1.5839051842196172
30
0
10
-29.801358077723545
20
1.5680335940844636
30
0
10
-29.856827205761689
20
1.5518096860057706
30
0
10
-29.912269407384645
20
1.5352376369401866
30
0
10
-29.967683941188184
20
1.5183233451976619
30
0
10
-30.023070088769973
20
1.5010736219504539
30
0
10
-30.078427147577017
20
1.4834952273655189
30
0
10
-30.133754423558017
20
1.4655938251812883
30
0
10
-30.189051226916078
20
1.4473734868498278
30
0
10
-30.24431687398377
20
1.4288372858633858
30
0
10
-30.299550687953747
20
1.4099876606939277
30
0
10
-30.354752000233862
20
1.3908268447779837
30
0
10
-30.409920151954207
20
1.3713573350654151
30
0
10
-30.465054495067573
20
1.3515821255067417
30
0
10
-30.520154392189198
20
1.3315044558055134
30
0
10
-30.575219217066049
20
1.3111276646954273
30
0
10
-30.630248354804763
20
1.2904550143838767
30
0
10
-30.685241203083613
20
1.2694895038593945
30
0
10
-30.740197171228839
20
1.2482337740178218
30
0
10
-30.795115674870821
20
1.2266902223343079
30
0
10
-30.849996131507552
20
1.204861077088335
30
0
10
-30.904837956515159
20
1.1827484843845537
30
0
10
-30.959640557980258
20
1.160354604139564
30
0
10
-31.014403336375324
20
1.1376816641332144
30
0
10
-31.069125695809969
20
1.1147318979066023
30
0
10
-31.123807053852435
20
1.0915075057161017
30
0
10
-31.178446851071971
20
1.0680106110453269
30
0
10
-31.233044563762455
20
1.0442432144843883
30
0
10
-31.287599707187837
20
1.0202071707569671
30
0
10
-31.342111807189944
20
0.99590424409669032
30
0
10
-31.396580376511874
20
0.97133615333567458
30
0
10
-31.451004891316863
20
0.9465046199623095
30
0
10
-31.505384763795092
20
0.92141142379499885
30
0
10
-31.559719328984535
20
0.89605843667219465
30
0
10
-31.614007903623566
20
0.8704475353595853
30
0
10
-31.668249836457775
20
0.8445805313281618
30
0
10
-31.722444561020264
20
0.81845909665282046
30
0
10
-31.776591650604029
20
0.79208469127344361
30
0
10
-31.830690864754185
20
0.76545849713339997
30
0
10
-31.884742096985313
20
0.73858142544247274
30
0
10
-31.927944683863046
20
0.71687958051920742
30
0
10
-31.96032503643896
20
0.70049076268310584
30
0
10
-31.981902346870665
20
0.68951492998852393
30
0
10
-31.992688604264615
20
0.68401452510712613
30
0
0
ARC
5
225
100
AcDbEntity
8
0
100
AcDbCircle
10
-1.3877787807814457e-15
20
-2.7755575615628914e-16
30
0
40
32
210
0
220
0
230
1
100
AcDbArc
50
178.77518342189646
51
181.22481657810354
0
SPLINE
5
226
100
AcDbEntity
8
0
100
AcDbSpline
70
4
71
5
72
81
73
75
74
0
42
0.000000001
43
0.0000000001
44
0.0000000001
40
-1
40
-1
40
-1
40
-1
40
-1
40
-1
40
-0.9857142857142841
40
-0.97142857142856986
40
-0.95714285714285563
40
-0.94285714285714139
40
-0.92857142857142716
40
-0.91428571428571292
40
-0.89999999999999869
40
-0.88571428571428445
40
-0.87142857142857022
40
-0.85714285714285599
40
-0.84285714285714175
40
-0.82857142857142752
40
-0.81428571428571328
40
-0.79999999999999905
40
-0.78571428571428481
40
-0.77142857142857058
40
-0.75714285714285634
40
-0.74285714285714211
40
-0.72857142857142787
40
-0.71428571428571364
40
-0.6999999999999994
40
-0.68571428571428517
40
-0.67142857142857093
40
-0.6571428571428567
40
-0.64285714285714246
40
-0.62857142857142823
40
-0.61428571428571399
40
-0.59999999999999976
40
-0.58571428571428552
40
-0.57142857142857129
40
-0.55714285714285705
40
-0.54285714285714282
40
-0.52857142857142858
40
-0.51428571428571435
40
-0.50000000000000011
40
-0.48571428571428582
40
-0.47142857142857153
40
-0.45714285714285724
40
-0.44285714285714295
40
-0.42857142857142866
40
-0.41428571428571437
40
-0.40000000000000008
40
-0.38571428571428579
40
-0.3714285714285715
40
-0.35714285714285721
40
-0.34285714285714292
40
-0.32857142857142863
40
-0.31428571428571433
40
-0.30000000000000004
40
-0.28571428571428575
40
-0.27142857142857146
40
-0.25714285714285717
40
-0.24285714285714291
40
-0.22857142857142862
40
-0.21428571428571433
40
-0.20000000000000004
40
-0.18571428571428575
40
-0.17142857142857146
40
-0.15714285714285717
40
-0.14285714285714288
40
-0.12857142857142859
40
-0.1142857142857143
40
-0.10000000000000001
40
-0.085714285714285715
40
-0.071428571428571425
40
-0.057142857142857141
40
-0.042857142857142858
40
-0.028571428571428571
40
-0.014285714285714285
40
0
40
0
40
0
40
0
40
0
40
0
41
1
41
1
41
1
41
1
41
1
41
1
41
1
41
1
41
1
41
1
41
1
41
1
41
1
41
1
41
1
41
1
41
1
41
1
41
1
41
1
41
1
41
1
41
1
41
1
41
1
41
1
41
1
41
1
41
1
41
1
41
1
41
1
41
1
41
1
41
1
41
1
41
1
41
1
41
1
41
1
41
1
41
1
41
1
41
1
41
1
41
1
41
1
41
1
41
1
41
1
41
1
41
1
41
1
41
1
41
1
41
1
41
1
41
1
41
1
41
1
41
1
41
1
41
1
41
1
41
1
41
1
41
1
41
1
41
1
41
1
41
1
41
1
41
1
41
1
41
1
10
-31.992688604264611
20
-0.68401452510711835
30
0
10
-31.981902346870665
20
-0.68951492998851838
30
0
10
-31.960325036438967
20
-0.70049076268310029
30
0
10
-31.927944683863046
20
-0.71687958051919964
30
0
10
-31.884742096985313
20
-0.73858142544246608
30
0
10
-31.830690864754182
20
-0.76545849713339331
30
0
10
-31.776591650604029
20
-0.79208469127343695
30
0
10
-31.722444561020264
20
-0.8184590966528138
30
0
10
-31.668249836457775
20
-0.84458053132815625
30
0
10
-31.61400790362357
20
-0.87044753535957753
30
0
10
-31.559719328984542
20
-0.89605843667218799
30
0
10
-31.505384763795092
20
-0.92141142379499219
30
0
10
-31.45100489131687
20
-0.94650461996230395
30
0
10
-31.396580376511874
20
-0.9713361533356657
30
0
10
-31.342111807189944
20
-0.99590424409668254
30
0
10
-31.287599707187841
20
-1.0202071707569615
30
0
10
-31.233044563762455
20
-1.0442432144843805
30
0
10
-31.178446851071971
20
-1.0680106110453202
30
0
10
-31.123807053852435
20
-1.0915075057160939
30
0
10
-31.069125695809966
20
-1.1147318979065957
30
0
10
-31.014403336375324
20
-1.1376816641332066
30
0
10
-30.959640557980258
20
-1.1603546041395574
30
0
10
-30.904837956515166
20
-1.1827484843845482
30
0
10
-30.849996131507559
20
-1.2048610770883272
30
0
10
-30.795115674870821
20
-1.2266902223343013
30
0
10
-30.740197171228839
20
-1.2482337740178162
30
0
10
-30.685241203083613
20
-1.269489503859389
30
0
10
-30.630248354804767
20
-1.2904550143838707
30
0
10
-30.575219217066049
20
-1.3111276646954217
30
0
10
-30.520154392189195
20
-1.331504455805506
30
0
10
-30.465054495067577
20
-1.3515821255067328
30
0
10
-30.409920151954211
20
-1.3713573350654085
30
0
10
-30.354752000233866
20
-1.3908268447779775
30
0
10
-30.299550687953744
20
-1.4099876606939215
30
0
10
-30.244316873983777
20
-1.4288372858633784
30
0
10
-30.189051226916082
20
-1.4473734868498216
30
0
10
-30.13375442355802
20
-1.4655938251812828
30
0
10
-30.07842714757701
20
-1.4834952273655126
30
0
10
-30.02307008876997
20
-1.5010736219504466
30
0
10
-29.967683941188177
20
-1.5183233451976552
30
0
10
-29.912269407384649
20
-1.5352376369401814
30
0
10
-29.8568272057617
20
-1.5518096860057662
30
0
10
-29.801358077723549
20
-1.5680335940844552
30
0
10
-29.7458627939208
20
-1.5839051842196128
30
0
10
-29.690342164189456
20
-1.599423362962074
30
0
10
-29.634797031050034
20
-1.6145888718732626
30
0
10
-29.579228255301988
20
-1.629401763249259
30
0
10
-29.523636702949403
20
-1.6438590784652818
30
0
10
-29.468023234708856
20
-1.6579528790242111
30
0
10
-29.412388687169031
20
-1.6716670227057122
30
0
10
-29.356733895986121
20
-1.6849801527858173
30
0
10
-29.301059737809375
20
-1.6978714284438201
30
0
10
-29.245367169241323
20
-1.710325832439024
30
0
10
-29.189657261080647
20
-1.7223386767581927
30
0
10
-29.13393125055665
20
-1.7339229682953334
30
0
10
-29.078190497836054
20
-1.7451014686268673
30
0
10
-29.022436407439429
20
-1.755893092491233
30
0
10
-28.966670354999529
20
-1.7663002217835984
30
0
10
-28.910893625822837
20
-1.7762976874056617
30
0
10
-28.855107312603721
20
-1.7858157137370001
30
0
10
-28.799312467085798
20
-1.7947600652162325
30
0
10
-28.743510327081786
20
-1.8030426690315431
30
0
10
-28.687702524019173
20
-1.8106105197133804
30
0
10
-28.631891286777513
20
-1.8174713250782348
30
0
10
-28.576079680320955
20
-1.8237311099865916
30
0
10
-28.520271547357162
20
-1.8295370934180859
30
0
10
-28.464471386294967
20
-1.835002406794795
30
0
10
-28.408684257570336
20
-1.8401349567177772
30
0
10
-28.352915666641305
20
-1.844769260363428
30
0
10
-28.297171490201713
20
-1.8484838776434982
30
0
10
-28.24145739926481
20
-1.8507167888149372
30
0
10
-28.196914066392544
20
-1.8508637159105463
30
0
10
-28.163523812144284
20
-1.8498514092849168
30
0
10
-28.141271485722324
20
-1.848652094648839
30
0
10
-28.130147283283797
20
-1.8479213252466935
30
0
0
LINE
5
227
100
AcDbEntity
8
0
100
AcDbLine
10
-28.130147283283797
20
-1.8479213252466935
30
0
11
-28.120953301544969
21
-1.8473173556070022
31
0
0
ARC
5
228
100
AcDbEntity
8
0
100
AcDbCircle
10
-28.088178021551439
20
-2.3462419801960768
30
0
40
0.50000000000000111
210
0
220
-0
230
1
100
AcDbArc
50
4.7749058450172255
51
93.758465325986123
0
ARC
5
229
100
AcDbEntity
8
0
100
AcDbCircle
10
-1.3877787807814457e-15
20
-2.7755575615628914e-16
30
0
40
27.685999999999993
210
0
220
0
230
1
100
AcDbArc
50
184.77490584501723
51
187.22509415498268
0
ARC
5
230
100
AcDbEntity
8
0
100
AcDbCircle
10
-27.96219507793473
20
-3.5448896207812504
30
0
40
0.5
210
-0
220
0
230
1
100
AcDbArc
50
-81.758465325985497
51
7.2250941549831831
0
LINE
5
231
100
AcDbEntity
8
0
100
AcDbLine
10
-27.890521877134844
20
-4.0397259091505449
30
0
11
-27.899640520662864
21
-4.0410466739852353
31
0
0
SPLINE
5
232
100
AcDbEntity
8
0
100
AcDbSpline
70
4
71
5
72
81
73
75
74
0
42
0.000000001
43
0.0000000001
44
0.0000000001
40
0
40
0
40
0
40
0
40
0
40
0
40
0.014285714285714285
40
0.028571428571428571
40
0.042857142857142858
40
0.057142857142857141
40
0.071428571428571425
40
0.085714285714285715
40
0.10000000000000001
40
0.1142857142857143
40
0.12857142857142859
40
0.14285714285714288
40
0.15714285714285717
40
0.17142857142857146
40
0.18571428571428575
40
0.20000000000000004
40
0.21428571428571433
40
0.22857142857142862
40
0.24285714285714291
40
0.25714285714285717
40
0.27142857142857146
40
0.28571428571428575
40
0.30000000000000004
40
0.31428571428571433
40
0.32857142857142863
40
0.34285714285714292
40
0.35714285714285721
40
0.3714285714285715
40
0.38571428571428579
40
0.40000000000000008
40
0.41428571428571437
40
0.42857142857142866
40
0.44285714285714295
40
0.45714285714285724
40
0.47142857142857153
40
0.48571428571428582
40
0.50000000000000011
40
0.51428571428571435
40
0.52857142857142858
40
0.54285714285714282
40
0.55714285714285705
40
0.57142857142857129
40
0.58571428571428552
40
0.59999999999999976
40
0.61428571428571399
40
0.62857142857142823
40
0.64285714285714246
40
0.6571428571428567
40
0.67142857142857093
40
0.68571428571428517
40
0.6999999999999994
40
0.71428571428571364
40
0.72857142857142787
40
0.74285714285714211
40
0.75714285714285634
40
0.77142857142857058
40
0.78571428571428481
40
0.79999999999999905
40
0.81428571428571328
40
0.82857142857142752
40
0.84285714285714175
40
0.85714285714285599
40
0.87142857142857022
40
0.88571428571428445
40
0.89999999999999869
40
0.91428571428571292
40
0.92857142857142716
40
0.94285714285714139
40
0.95714285714285563
40
0.97142857142856986
40
0.9857142857142841
40
1
40
1
40
1
40
1
40
1
40
1
41
1
41
1
41
1
41
1
41
1
41
1
41
1
41
1
41
1
41
1
41
1
41
1
41
1
41
1
41
1
41
1
41
1
41
1
41
1
41
1
41
1
41
1
41
1
41
1
41
1
41
1
41
1
41
1
41
1
41
1
41
1
41
1
41
1
41
1
41
1
41
1
41
1
41
1
41
1
41
1
41
1
41
1
41
1
41
1
41
1
41
1
41
1
41
1
41
1
41
1
41
1
41
1
41
1
41
1
41
1
41
1
41
1
41
1
41
1
41
1
41
1
41
1
41
1
41
1
41
1
41
1
41
1
41
1
41
1
41
1
41
1
41
1
41
1
41
1
41
1
10
-27.899640520662864
20
-4.0410466739852353
30
0
10
-27.910673568090182
20
-4.0426447253858298
30
0
10
-27.932688979324382
20
-4.0460981374630443
30
0
10
-27.965560046787363
20
-4.0520501763835668
30
0
10
-28.009099453104184
20
-4.0614549724217515
30
0
10
-28.063131809144082
20
-4.0752226999758143
30
0
10
-28.116885529223911
20
-4.0904460099327551
30
0
10
-28.170471916730719
20
-4.1065739849594003
30
0
10
-28.223972845711849
20
-4.1231931726112165
30
0
10
-28.277417336830403
20
-4.1401405616122497
30
0
10
-28.330798796358259
20
-4.1574228336615491
30
0
10
-28.384089302842387
20
-4.175149712716407
30
0
10
-28.437254489000527
20
-4.1934644017246843
30
0
10
-28.490269313037327
20
-4.2124699714074074
30
0
10
-28.543129992234451
20
-4.2321734977366665
30
0
10
-28.595845951271809
20
-4.2525227943467439
30
0
10
-28.648434290753073
20
-4.2734314556723403
30
0
10
-28.700913574592658
20
-4.2948070867553909
30
0
10
-28.7532972411414
20
-4.3165812095562544
30
0
10
-28.805589266129651
20
-4.3387289377515756
30
0
10
-28.85778780876166
20
-4.3612523151762606
30
0
10
-28.909887562613761
20
-4.3841695512200882
30
0
10
-28.961882464844301
20
-4.4075026272698592
30
0
10
-29.013768600975069
20
-4.4312640087533053
30
0
10
-29.065545898299675
20
-4.4554488874699612
30
0
10
-29.117216543379556
20
-4.4800423754530216
30
0
10
-29.168784011772601
20
-4.5050239050380858
30
0
10
-29.22025192639633
20
-4.5303724124541569
30
0
10
-29.271622825099822
20
-4.5560719342905696
30
0
10
-29.322897516481603
20
-4.5821145265723819
30
0
10
-29.374075768594537
20
-4.6084971152754832
30
0
10
-29.425156728576724
20
-4.6352195725828906
30
0
10
-29.47613941813945
20
-4.6622824486812657
30
0
10
-29.527023272484453
20
-4.6896845056415595
30
0
10
-29.577808406239804
20
-4.7174214975563924
30
0
10
-29.628495320530341
20
-4.7454875008614241
30
0
10
-29.679084728774892
20
-4.7738757038606145
30
0
10
-29.729577349290661
20
-4.8025793480438921
30
0
10
-29.779973680750487
20
-4.8315927491377186
30
0
10
-29.830273894933658
20
-4.8609117812441873
30
0
10
-29.880477962127493
20
-4.8905332958917782
30
0
10
-29.930585727301342
20
-4.920454767178823
30
0
10
-29.980597000830965
20
-4.9506738714666261
30
0
10
-30.0305116573894
20
-4.9811880293829063
30
0
10
-30.080329685568156
20
-5.0119941776655574
30
0
10
-30.130051135483086
20
-5.0430890148865792
30
0
10
-30.179676088728069
20
-5.0744691450662929
30
0
10
-30.229204622097683
20
-5.1061312494408471
30
0
10
-30.27863676995716
20
-5.1380722693270675
30
0
10
-30.327972503613484
20
-5.1702894987310488
30
0
10
-30.377211749930044
20
-5.20278047107095
30
0
10
-30.426354402419243
20
-5.2355428856515616
30
0
10
-30.475400335432887
20
-5.2685745217156308
30
0
10
-30.524349419064233
20
-5.3018731434802078
30
0
10
-30.57320153006836
20
-5.3354364471989975
30
0
10
-30.621956549955801
20
-5.3692621242465517
30
0
10
-30.67061436648136
20
-5.4033479013530155
30
0
10
-30.719174873936268
20
-5.4376915851257799
30
0
10
-30.767637976004693
20
-5.472291109807812
30
0
10
-30.81600358416199
20
-5.5071445604232983
30
0
10
-30.864271601416249
20
-5.5422501127083219
30
0
10
-30.912441908523611
20
-5.5776059840849692
30
0
10
-30.960514351011966
20
-5.6132103817717081
30
0
10
-31.00848872396158
20
-5.6490614426309085
30
0
10
-31.05636476611857
20
-5.6851571974748989
30
0
10
-31.104142199353721
20
-5.7214956684917446
30
0
10
-31.151820763270099
20
-5.7580749483920357
30
0
10
-31.199400251423395
20
-5.7948932838646359
30
0
10
-31.246880549969738
20
-5.831949158155477
30
0
10
-31.294261669448598
20
-5.8692413651561024
30
0
10
-31.341543695152687
20
-5.9067689914292911
30
0
10
-31.379290134580774
20
-5.9369789218579321
30
0
10
-31.40755547193702
20
-5.9597418585565096
30
0
10
-31.426379262432413
20
-5.9749640180679258
30
0
10
-31.435786215744127
20
-5.9825868149181023
30
0
0
ARC
5
233
100
AcDbEntity
8
0
100
AcDbCircle
10
-1.3877787807814457e-15
20
-2.7755575615628914e-16
30
0
40
32.000000000000014
210
0
220
0
230
1
100
AcDbArc
50
190.77518342189614
51
193.22481657810368
0
SPLINE
5
234
100
AcDbEntity
8
0
100
AcDbSpline
70
4
71
5
72
81
73
75
74
0
42
0.000000001
43
0.0000000001
44
0.0000000001
40
-1
40
-1
40
-1
40
-1
40
-1
40
-1
40
-0.9857142857142841
40
-0.97142857142856986
40
-0.95714285714285563
40
-0.94285714285714139
40
-0.92857142857142716
40
-0.91428571428571292
40
-0.89999999999999869
40
-0.88571428571428445
40
-0.87142857142857022
40
-0.85714285714285599
40
-0.84285714285714175
40
-0.82857142857142752
40
-0.81428571428571328
40
-0.79999999999999905
40
-0.78571428571428481
40
-0.77142857142857058
40
-0.75714285714285634
40
-0.74285714285714211
40
-0.72857142857142787
40
-0.71428571428571364
40
-0.6999999999999994
40
-0.68571428571428517
40
-0.67142857142857093
40
-0.6571428571428567
40
-0.64285714285714246
40
-0.62857142857142823
40
-0.61428571428571399
40
-0.59999999999999976
40
-0.58571428571428552
40
-0.57142857142857129
40
-0.55714285714285705
40
-0.54285714285714282
40
-0.52857142857142858
40
-0.51428571428571435
40
-0.50000000000000011
40
-0.48571428571428582
40
-0.47142857142857153
40
-0.45714285714285724
40
-0.44285714285714295
40
-0.42857142857142866
40
-0.41428571428571437
40
-0.40000000000000008
40
-0.38571428571428579
40
-0.3714285714285715
40
-0.35714285714285721
40
-0.34285714285714292
40
-0.32857142857142863
40
-0.31428571428571433
40
-0.30000000000000004
40
-0.28571428571428575
40
-0.27142857142857146
40
-0.25714285714285717
40
-0.24285714285714291
40
-0.22857142857142862
40
-0.21428571428571433
40
-0.20000000000000004
40
-0.18571428571428575
40
-0.17142857142857146
40
-0.15714285714285717
40
-0.14285714285714288
40
-0.12857142857142859
40
-0.1142857142857143
40
-0.10000000000000001
40
-0.085714285714285715
40
-0.071428571428571425
40
-0.057142857142857141
40
-0.042857142857142858
40
-0.028571428571428571
40
-0.014285714285714285
40
0
40
0
40
0
40
0
40
0
40
0
41
1
41
1
41
1
41
1
41
1
41
1
41
1
41
1
41
1
41
1
41
1
41
1
41
1
41
1
41
1
41
1
41
1
41
1
41
1
41
1
41
1
41
1
41
1
41
1
41
1
41
1
41
1
41
1
41
1
41
1
41
1
41
1
41
1
41
1
41
1
41
1
41
1
41
1
41
1
41
1
41
1
41
1
41
1
41
1
41
1
41
1
41
1
41
1
41
1
41
1
41
1
41
1
41
1
41
1
41
1
41
1
41
1
41
1
41
1
41
1
41
1
41
1
41
1
41
1
41
1
41
1
41
1
41
1
41
1
41
1
41
1
41
1
41
1
41
1
41
1
10
-31.151356982826268
20
-7.3207211481193131
30
0
10
-31.139662832556407
20
-7.3238587669447464
30
0
10
-31.116275034193688
20
-7.330108576265852
30
0
10
-31.08119484318383
20
-7.3394070052577636
30
0
10
-31.034424269212018
20
-7.351652289915501
30
0
10
-30.975966128668944
20
-7.3667041500207766
30
0
10
-30.917513215102691
20
-7.381500638849662
30
0
10
-30.859065822122869
20
-7.3960408872440597
30
0
10
-30.8006244306697
20
-7.4103237890822786
30
0
10
-30.7421897616642
20
-7.4243480050450028
30
0
10
-30.683762716838508
20
-7.4381120173712763
30
0
10
-30.625344309841548
20
-7.4516141895784962
30
0
10
-30.5669355992056
20
-7.4648528279708923
30
0
10
-30.508537624538739
20
-7.4778262398675475
30
0
10
-30.450151330850801
20
-7.4905328065558985
30
0
10
-30.391777588449024
20
-7.5029709530779947
30
0
10
-30.333417231307855
20
-7.5151390994687262
30
0
10
-30.275071090028781
20
-7.5270356186302365
30
0
10
-30.216740024373941
20
-7.5386587971512977
30
0
10
-30.158424962551294
20
-7.5500067870441168
30
0
10
-30.100126893263763
20
-7.5610776275404845
30
0
10
-30.041846843674577
20
-7.5718692875592799
30
0
10
-29.98358586103182
20
-7.582379706260217
30
0
10
-29.925344994943362
20
-7.5926068291945619
30
0
10
-29.86712527345977
20
-7.6025486667107867
30
0
10
-29.808927714629728
20
-7.6122032411519145
30
0
10
-29.750753351511552
20
-7.6215684940406936
30
0
10
-29.69260325416807
20
-7.6306422017898345
30
0
10
-29.634478549438533
20
-7.639421904021388
30
0
10
-29.576380450007278
20
-7.6479047925116417
30
0
10
-29.518310235581822
20
-7.6560878041837821
30
0
10
-29.460269212891831
20
-7.6639678034687808
30
0
10
-29.402258678965929
20
-7.6715417539781274
30
0
10
-29.344279890167236
20
-7.6788068619228911
30
0
10
-29.286334010112867
20
-7.6857608219043172
30
0
10
-29.228422157142173
20
-7.6924015882999441
30
0
10
-29.170545500259472
20
-7.6987269166404291
30
0
10
-29.112705347207381
20
-7.7047339427391535
30
0
10
-29.054903219211575
20
-7.710418827531889
30
0
10
-28.997140972714096
20
-7.7157761753478571
30
0
10
-28.939420700433214
20
-7.7207995198149471
30
0
10
-28.881744521194783
20
-7.7254823479656034
30
0
10
-28.824114386529157
20
-7.7298190445287043
30
0
10
-28.766531918684493
20
-7.7338056840513971
30
0
10
-28.708998137140792
20
-7.7374413653533844
30
0
10
-28.651513711828187
20
-7.7407269889610557
30
0
10
-28.594079473862635
20
-7.7436627849979693
30
0
10
-28.536696885456646
20
-7.7462460395447641
30
0
10
-28.479368439024405
20
-7.7484691665325673
30
0
10
-28.422098309029483
20
-7.7503165504238627
30
0
10
-28.364891753179542
20
-7.7517674749330245
30
0
10
-28.30775396201723
20
-7.7528017369269158
30
0
10
-28.250688993500923
20
-7.7534048462164282
30
0
10
-28.193698869722525
20
-7.7535724398642198
30
0
10
-28.136782096589599
20
-7.7533174977669042
30
0
10
-28.079935272148116
20
-7.752662566900403
30
0
10
-28.023155837631247
20
-7.7516264406869837
30
0
10
-27.966444643387032
20
-7.7502117349818276
30
0
10
-27.909808179584697
20
-7.7483940979220574
30
0
10
-27.853262022207836
20
-7.746105505835903
30
0
10
-27.796826792691853
20
-7.7432540011048854
30
0
10
-27.740522013167496
20
-7.739753692875178
30
0
10
-27.684360299868462
20
-7.7355530731667566
30
0
10
-27.628342230422767
20
-7.7306601447719441
30
0
10
-27.572448759009735
20
-7.7251792528955239
30
0
10
-27.516653035817672
20
-7.7192551983730571
30
0
10
-27.460935939609122
20
-7.712999575705398
30
0
10
-27.405300776362601
20
-7.7064211708392039
30
0
10
-27.349787337042333
20
-7.6993592617966922
30
0
10
-27.294488992243625
20
-7.6914028398000358
30
0
10
-27.239528139529526
20
-7.682003345655966
30
0
10
-27.195927637490954
20
-7.6728859823898885
30
0
10
-27.163477510792294
20
-7.6649535728752314
30
0
10
-27.141960802625714
20
-7.6591539473304096
30
0
10
-27.131231626202393
20
-7.6561262952550173
30
0
0
LINE
5
235
100
AcDbEntity
8
0
100
AcDbLine
10
-27.131231626202389
20
-7.6561262952550182
30
0
11
-27.122364127372364
21
-7.6536239875123711
31
0
0
ARC
5
236
100
AcDbEntity
8
0
100
AcDbCircle
10
-26.986572803594381
20
-8.1348315481207081
30
0
40
0.50000000000000144
210
0
220
-0
230
1
100
AcDbArc
50
16.774905845017052
51
105.75846532598651
0
ARC
5
237
100
AcDbEntity
8
0
100
AcDbCircle
10
-1.3877787807814457e-15
20
-2.7755575615628914e-16
30
0
40
27.685999999999996
210
0
220
0
230
1
100
AcDbArc
50
196.77490584501726
51
199.22509415498271
0
ARC
5
238
100
AcDbEntity
8
0
100
AcDbCircle
10
-26.614130031913525
20
-9.2810925350627844
30
0
40
0.49999999999999989
210
-0
220
0
230
1
100
AcDbArc
50
-69.758465325985938
51
19.22509415498352
0
LINE
5
239
100
AcDbEntity
8
0
100
AcDbLine
10
-26.441140813121365
20
-9.7502137669226077
30
0
11
-26.449785589960296
21
-9.7534015424706677
31
0
0
SPLINE
5
240
100
AcDbEntity
8
0
100
AcDbSpline
70
4
71
5
72
81
73
75
74
0
42
0.000000001
43
0.0000000001
44
0.0000000001
40
0
40
0
40
0
40
0
40
0
40
0
40
0.014285714285714285
40
0.028571428571428571
40
0.042857142857142858
40
0.057142857142857141
40
0.071428571428571425
40
0.085714285714285715
40
0.10000000000000001
40
0.1142857142857143
40
0.12857142857142859
40
0.14285714285714288
40
0.15714285714285717
40
0.17142857142857146
40
0.18571428571428575
40
0.20000000000000004
40
0.21428571428571433
40
0.22857142857142862
40
0.24285714285714291
40
0.25714285714285717
40
0.27142857142857146
40
0.28571428571428575
40
0.30000000000000004
40
0.31428571428571433
40
0.32857142857142863
40
0.34285714285714292
40
0.35714285714285721
40
0.3714285714285715
40
0.38571428571428579
40
0.40000000000000008
40
0.41428571428571437
40
0.42857142857142866
40
0.44285714285714295
40
0.45714285714285724
40
0.47142857142857153
40
0.48571428571428582
40
0.50000000000000011
40
0.51428571428571435
40
0.52857142857142858
40
0.54285714285714282
40
0.55714285714285705
40
0.57142857142857129
40
0.58571428571428552
40
0.59999999999999976
40
0.61428571428571399
40
0.62857142857142823
40
0.64285714285714246
40
0.6571428571428567
40
0.67142857142857093
40
0.68571428571428517
40
0.6999999999999994
40
0.71428571428571364
40
0.72857142857142787
40
0.74285714285714211
40
0.75714285714285634
40
0.77142857142857058
40
0.78571428571428481
40
0.79999999999999905
40
0.81428571428571328
40
0.82857142857142752
40
0.84285714285714175
40
0.85714285714285599
40
0.87142857142857022
40
0.88571428571428445
40
0.89999999999999869
40
0.91428571428571292
40
0.92857142857142716
40
0.94285714285714139
40
0.95714285714285563
40
0.97142857142856986
40
0.9857142857142841
40
1
40
1
40
1
40
1
40
1
40
1
41
1
41
1
41
1
41
1
41
1
41
1
41
1
41
1
41
1
41
1
41
1
41
1
41
1
41
1
41
1
41
1
41
1
41
1
41
1
41
1
41
1
41
1
41
1
41
1
41
1
41
1
41
1
41
1
41
1
41
1
41
1
41
1
41
1
41
1
41
1
41
1
41
1
41
1
41
1
41
1
41
1
41
1
41
1
41
1
41
1
41
1
41
1
41
1
41
1
41
1
41
1
41
1
41
1
41
1
41
1
41
1
41
1
41
1
41
1
41
1
41
1
41
1
41
1
41
1
41
1
41
1
41
1
41
1
41
1
41
1
41
1
41
1
41
1
41
1
41
1
10
-26.449785589960296
20
-9.7534015424706677
30
0
10
-26.460245285261401
20
-9.7572585721594951
30
0
10
-26.481061602195229
20
-9.7652137802709156
30
0
10
-26.511976859491931
20
-9.7778700320757146
30
0
10
-26.552609458272009
20
-9.7961216623403882
30
0
10
-26.602598606179939
20
-9.8208224905180703
30
0
10
-26.652012574393559
20
-9.8468891614572236
30
0
10
-26.701074776208067
20
-9.8738059379655851
30
0
10
-26.749951258123282
20
-9.9011854250981415
30
0
10
-26.798704298581182
20
-9.9288742075015595
30
0
10
-26.847326058739093
20
-9.9568774499505679
30
0
10
-26.895766414401212
20
-9.9852966734742239
30
0
10
-26.943961975725848
20
-10.014264806332637
30
0
10
-26.991866818533087
20
-10.043877460422268
30
0
10
-27.039475771588716
20
-10.074140770616875
30
0
10
-27.086808903776337
20
-10.105005650449179
30
0
10
-27.133900906737569
20
-10.136391137938217
30
0
10
-27.180789148712712
20
-10.168210716832267
30
0
10
-27.227501011777409
20
-10.2004001994914
30
0
10
-27.274045558940315
20
-10.232936070018949
30
0
10
-27.320420564694317
20
-10.265819944864168
30
0
10
-27.36661705262884
20
-10.299068532230471
30
0
10
-27.412624522202542
20
-10.332702072622947
30
0
10
-27.458436552769811
20
-10.366731945204052
30
0
10
-27.504054072894153
20
-10.401153431727517
30
0
10
-27.549482316737738
20
-10.435952424176026
30
0
10
-27.594728960167068
20
-10.471109526947107
30
0
10
-27.639801926334457
20
-10.506604889810603
30
0
10
-27.684707016610606
20
-10.542423425843168
30
0
10
-27.729446673569477
20
-10.578557532781856
30
0
10
-27.774021309458075
20
-10.615004155552839
30
0
10
-27.818430116626239
20
-10.65176299181228
30
0
10
-27.86267202377298
20
-10.688834376326286
30
0
10
-27.906746735822129
20
-10.726216980789365
30
0
10
-27.95065524767066
20
-10.763906675909912
30
0
10
-27.994399281070898
20
-10.801897771757394
30
0
10
-28.037980950083011
20
-10.840183753815793
30
0
10
-28.081402362500501
20
-10.878758160611234
30
0
10
-28.124665187925928
20
-10.917615535765112
30
0
10
-28.167770452207193
20
-10.956751879255211
30
0
10
-28.21071878088496
20
-10.996164105234055
30
0
10
-28.253510547480843
20
-11.035849710764296
30
0
10
-28.296146049626007
20
-11.075806383559229
30
0
10
-28.338625701013846
20
-11.116031574555102
30
0
10
-28.380950127373154
20
-11.156522285057481
30
0
10
-28.423120064130124
20
-11.197275296202154
30
0
10
-28.465136297159486
20
-11.238287303184071
30
0
10
-28.50699959158748
20
-11.279555075728826
30
0
10
-28.548710616964353
20
-11.321075629137738
30
0
10
-28.590269907831889
20
-11.362846310583755
30
0
10
-28.63167790548286
20
-11.404864692179807
30
0
10
-28.672934984098145
20
-11.447128501366377
30
0
10
-28.714041482496636
20
-11.489635539791362
30
0
10
-28.754997738455785
20
-11.532383593519898
30
0
10
-28.79580411039964
20
-11.575370383524017
30
0
10
-28.836460962418254
20
-11.618593626991927
30
0
10
-28.876968657358645
20
-11.662051076993091
30
0
10
-28.917327547853965
20
-11.705740566087702
30
0
10
-28.957537969188188
20
-11.749660053635282
30
0
10
-28.997600232916977
20
-11.793807648101527
30
0
10
-29.037514623453731
20
-11.838181544921312
30
0
10
-29.07728139477916
20
-11.882779975678135
30
0
10
-29.116900768536954
20
-11.927601154650485
30
0
10
-29.156372931653493
20
-11.972643216809546
30
0
10
-29.195698038001026
20
-12.017904181681395
30
0
10
-29.234876226738358
20
-12.063382056847711
30
0
10
-29.273907639706636
20
-12.109074922558367
30
0
10
-29.312792439506723
20
-12.154981020894095
30
0
10
-29.351530830133406
20
-12.20109884457608
30
0
10
-29.390123072659904
20
-12.247427216043498
30
0
10
-29.428569440429367
20
-12.293965259553278
30
0
10
-29.459210031877291
20
-12.331362956564231
30
0
10
-29.48212502313925
20
-12.359505162562874
30
0
10
-29.497372603727111
20
-12.378308367476446
30
0
10
-29.504989123957301
20
-12.387720403494811
30
0
0
ARC
5
241
100
AcDbEntity
8
0
100
AcDbCircle
10
-1.3877787807814457e-15
20
-2.7755575615628914e-16
30
0
40
32.000000000000014
210
0
220
0
230
1
100
AcDbArc
50
202.77518342189614
51
205.22481657810368
0
SPLINE
5
242
100
AcDbEntity
8
0
100
AcDbSpline
70
4
71
5
72
81
73
75
74
0
42
0.000000001
43
0.0000000001
44
0.0000000001
40
-1
40
-1
40
-1
40
-1
40
-1
40
-1
40
-0.9857142857142841
40
-0.97142857142856986
40
-0.95714285714285563
40
-0.94285714285714139
40
-0.92857142857142716
40
-0.91428571428571292
40
-0.89999999999999869
40
-0.88571428571428445
40
-0.87142857142857022
40
-0.85714285714285599
40
-0.84285714285714175
40
-0.82857142857142752
40
-0.81428571428571328
40
-0.79999999999999905
40
-0.78571428571428481
40
-0.77142857142857058
40
-0.75714285714285634
40
-0.74285714285714211
40
-0.72857142857142787
40
-0.71428571428571364
40
-0.6999999999999994
40
-0.68571428571428517
40
-0.67142857142857093
40
-0.6571428571428567
40
-0.64285714285714246
40
-0.62857142857142823
40
-0.61428571428571399
40
-0.59999999999999976
40
-0.58571428571428552
40
-0.57142857142857129
40
-0.55714285714285705
40
-0.54285714285714282
40
-0.52857142857142858
40
-0.51428571428571435
40
-0.50000000000000011
40
-0.48571428571428582
40
-0.47142857142857153
40
-0.45714285714285724
40
-0.44285714285714295
40
-0.42857142857142866
40
-0.41428571428571437
40
-0.40000000000000008
40
-0.38571428571428579
40
-0.3714285714285715
40
-0.35714285714285721
40
-0.34285714285714292
40
-0.32857142857142863
40
-0.31428571428571433
40
-0.30000000000000004
40
-0.28571428571428575
40
-0.27142857142857146
40
-0.25714285714285717
40
-0.24285714285714291
40
-0.22857142857142862
40
-0.21428571428571433
40
-0.20000000000000004
40
-0.18571428571428575
40
-0.17142857142857146
40
-0.15714285714285717
40
-0.14285714285714288
40
-0.12857142857142859
40
-0.1142857142857143
40
-0.10000000000000001
40
-0.085714285714285715
40
-0.071428571428571425
40
-0.057142857142857141
40
-0.042857142857142858
40
-0.028571428571428571
40
-0.014285714285714285
40
0
40
0
40
0
40
0
40
0
40
0
41
1
41
1
41
1
41
1
41
1
41
1
41
1
41
1
41
1
41
1
41
1
41
1
41
1
41
1
41
1
41
1
41
1
41
1
41
1
41
1
41
1
41
1
41
1
41
1
41
1
41
1
41
1
41
1
41
1
41
1
41
1
41
1
41
1
41
1
41
1
41
1
41
1
41
1
41
1
41
1
41
1
41
1
41
1
41
1
41
1
41
1
41
1
41
1
41
1
41
1
41
1
41
1
41
1
41
1
41
1
41
1
41
1
41
1
41
1
41
1
41
1
41
1
41
1
41
1
41
1
41
1
41
1
41
1
41
1
41
1
41
1
41
1
41
1
41
1
41
1
10
-28.948561580442991
20
-13.637477128241159
30
0
10
-28.93647062777876
20
-13.638114832011986
30
0
10
-28.912294500500582
20
-13.639365471302373
30
0
10
-28.876047643737351
20
-13.641167125484333
30
0
10
-28.82775318118415
20
-13.643420672177609
30
0
10
-28.76744303358414
20
-13.645989482183793
30
0
10
-28.707191093412824
20
-13.648309588138265
30
0
10
-28.646997828571877
20
-13.650380200920996
30
0
10
-28.586863939467449
20
-13.652200338574795
30
0
10
-28.526790409726843
20
-13.653768840935596
30
0
10
-28.466778436937425
20
-13.655084410889815
30
0
10
-28.406829352841349
20
-13.656145658465384
30
0
10
-28.346944544978552
20
-13.656951147059084
30
0
10
-28.287125382167339
20
-13.657499437125811
30
0
10
-28.227373125316078
20
-13.657789141804342
30
0
10
-28.167688953165879
20
-13.657818901500391
30
0
10
-28.108074009960063
20
-13.657587344167917
30
0
10
-28.048529446442153
20
-13.657093050956808
30
0
10
-27.989056459824635
20
-13.656334524652586
30
0
10
-27.929656342250166
20
-13.655310150635707
30
0
10
-27.870330468482777
20
-13.654018216548355
30
0
10
-27.811080265525234
20
-13.652456949252645
30
0
10
-27.751907186213511
20
-13.650624550677716
30
0
10
-27.692812684362949
20
-13.648519229495211
30
0
10
-27.633798179230538
20
-13.646139253275997
30
0
10
-27.574865077796197
20
-13.643482899243878
30
0
10
-27.516014818524887
20
-13.640548368689153
30
0
10
-27.457248910405816
20
-13.637333709093832
30
0
10
-27.398568967195427
20
-13.633836748128182
30
0
10
-27.339976758940523
20
-13.630054991066167
30
0
10
-27.281474174233431
20
-13.625985707832704
30
0
10
-27.22306314317008
20
-13.621626103062837
30
0
10
-27.164745565736599
20
-13.616973476387857
30
0
10
-27.106523251702946
20
-13.6120253562824
30
0
10
-27.04839781857774
20
-13.6067797296558
30
0
10
-26.990370785570768
20
-13.601234828103193
30
0
10
-26.932443762792207
20
-13.595388699251929
30
0
10
-26.87461862490526
20
-13.589238813399724
30
0
10
-26.816897658079494
20
-13.582781731655714
30
0
10
-26.759283800012273
20
-13.576012562233476
30
0
10
-26.701780442125312
20
-13.568925415167241
30
0
10
-26.644391011065135
20
-13.561514360342084
30
0
10
-26.58711858319699
20
-13.553774310940005
30
0
10
-26.529965561466554
20
-13.545701764573074
30
0
10
-26.472933130441675
20
-13.53729605171576
30
0
10
-26.416021758182925
20
-13.528558192502082
30
0
10
-26.359232209799014
20
-13.519488584825584
30
0
10
-26.302566479805161
20
-13.510084878083632
30
0
10
-26.246028583382738
20
-13.500340170183197
30
0
10
-26.189625850426058
20
-13.490240054743502
30
0
10
-26.133367730907246
20
-13.479765361318364
30
0
10
-26.077263502410698
20
-13.468897407436069
30
0
10
-26.021320146898393
20
-13.457622863249899
30
0
10
-25.965540549380353
20
-13.445937881579706
30
0
10
-25.909920549741376
20
-13.43385484804093
30
0
10
-25.854452132588435
20
-13.42139510959797
30
0
10
-25.79912888769767
20
-13.408576516994177
30
0
10
-25.743951102968108
20
-13.395401805719322
30
0
10
-25.688930189780198
20
-13.381848505439219
30
0
10
-25.634095526661529
20
-13.367853317391621
30
0
10
-25.579486403483607
20
-13.353330580890139
30
0
10
-25.525139773484437
20
-13.338200340881393
30
0
10
-25.471078686313948
20
-13.32241483802078
30
0
10
-25.417302043103518
20
-13.305982020316032
30
0
10
-25.363769519641394
20
-13.288999992930073
30
0
10
-25.310424747062129
20
-13.271604810063042
30
0
10
-25.257225820171829
20
-13.253901652079399
30
0
10
-25.20417414600443
20
-13.23589980028337
30
0
10
-25.151342061974262
20
-13.217450317864651
30
0
10
-25.09890635183503
20
-13.198170590411673
30
0
10
-25.047100790338781
20
-13.177549493949968
30
0
10
-25.006348670291416
20
-13.159566312846891
30
0
10
-24.976256897392059
20
-13.145060484802924
30
0
10
-24.956416190876368
20
-13.134914019815355
30
0
10
-24.946550956962241
20
-13.129721807990698
30
0
0
LINE
5
243
100
AcDbEntity
8
0
100
AcDbLine
10
-24.946550956962245
20
-13.129721807990695
30
0
11
-24.938397493290854
21
-13.125430525000851
31
0
0
ARC
5
244
100
AcDbEntity
8
0
100
AcDbCircle
10
-24.705524858176588
20
-13.567889942139804
30
0
40
0.49999999999999933
210
0
220
-0
230
1
100
AcDbArc
50
28.774905845017582
51
117.75846532598588
0
ARC
5
245
100
AcDbEntity
8
0
100
AcDbCircle
10
-1.3877787807814457e-15
20
-2.7755575615628914e-16
30
0
40
27.685999999999996
210
0
220
0
230
1
100
AcDbArc
50
208.7749058450172
51
211.22509415498271
0
ARC
5
246
100
AcDbEntity
8
0
100
AcDbCircle
10
-24.10289979473275
20
-14.611667169938951
30
0
40
0.50000000000000211
210
-0
220
0
230
1
100
AcDbArc
50
-57.758465325985867
51
31.225094154981527
0
LINE
5
247
100
AcDbEntity
8
0
100
AcDbLine
10
-23.836155016903895
20
-15.034570496363603
30
0
11
-23.843948108823628
21
-15.039485961536943
31
0
0
SPLINE
5
248
100
AcDbEntity
8
0
100
AcDbSpline
70
4
71
5
72
81
73
75
74
0
42
0.000000001
43
0.0000000001
44
0.0000000001
40
0
40
0
40
0
40
0
40
0
40
0
40
0.014285714285714285
40
0.028571428571428571
40
0.042857142857142858
40
0.057142857142857141
40
0.071428571428571425
40
0.085714285714285715
40
0.10000000000000001
40
0.1142857142857143
40
0.12857142857142859
40
0.14285714285714288
40
0.15714285714285717
40
0.17142857142857146
40
0.18571428571428575
40
0.20000000000000004
40
0.21428571428571433
40
0.22857142857142862
40
0.24285714285714291
40
0.25714285714285717
40
0.27142857142857146
40
0.28571428571428575
40
0.30000000000000004
40
0.31428571428571433
40
0.32857142857142863
40
0.34285714285714292
40
0.35714285714285721
40
0.3714285714285715
40
0.38571428571428579
40
0.40000000000000008
40
0.41428571428571437
40
0.42857142857142866
40
0.44285714285714295
40
0.45714285714285724
40
0.47142857142857153
40
0.48571428571428582
40
0.50000000000000011
40
0.51428571428571435
40
0.52857142857142858
40
0.54285714285714282
40
0.55714285714285705
40
0.57142857142857129
40
0.58571428571428552
40
0.59999999999999976
40
0.61428571428571399
40
0.62857142857142823
40
0.64285714285714246
40
0.6571428571428567
40
0.67142857142857093
40
0.68571428571428517
40
0.6999999999999994
40
0.71428571428571364
40
0.72857142857142787
40
0.74285714285714211
40
0.75714285714285634
40
0.77142857142857058
40
0.78571428571428481
40
0.79999999999999905
40
0.81428571428571328
40
0.82857142857142752
40
0.84285714285714175
40
0.85714285714285599
40
0.87142857142857022
40
0.88571428571428445
40
0.89999999999999869
40
0.91428571428571292
40
0.92857142857142716
40
0.94285714285714139
40
0.95714285714285563
40
0.97142857142856986
40
0.9857142857142841
40
1
40
1
40
1
40
1
40
1
40
1
41
1
41
1
41
1
41
1
41
1
41
1
41
1
41
1
41
1
41
1
41
1
41
1
41
1
41
1
41
1
41
1
41
1
41
1
41
1
41
1
41
1
41
1
41
1
41
1
41
1
41
1
41
1
41
1
41
1
41
1
41
1
41
1
41
1
41
1
41
1
41
1
41
1
41
1
41
1
41
1
41
1
41
1
41
1
41
1
41
1
41
1
41
1
41
1
41
1
41
1
41
1
41
1
41
1
41
1
41
1
41
1
41
1
41
1
41
1
41
1
41
1
41
1
41
1
41
1
41
1
41
1
41
1
41
1
41
1
41
1
41
1
41
1
41
1
41
1
41
1
10
-23.843948108823628
20
-15.039485961536943
30
0
10
-23.853377313122671
20
-15.045433398808521
30
0
10
-23.872084762818361
20
-15.057542722186357
30
0
10
-23.899693064857047
20
-15.076350047940126
30
0
10
-23.935643016556845
20
-15.102650828607679
30
0
10
-23.979404190694702
20
-15.137205212689899
30
0
10
-24.022318779516624
20
-15.172976006009456
30
0
10
-24.064712541992996
20
-15.209505191705098
30
0
10
-24.106828440047224
20
-15.246448363349348
30
0
10
-24.148759288033418
20
-15.283668406498595
30
0
10
-24.19049634458937
20
-15.321168743277827
30
0
10
-24.23196947344444
20
-15.359038254831736
30
0
10
-24.273089032637728
20
-15.397393785129845
30
0
10
-24.313790222711773
20
-15.436319308545393
30
0
10
-24.35406670992429
20
-15.47581975073037
30
0
10
-24.393948330256002
20
-15.515851270430101
30
0
10
-24.4334858501953
20
-15.556341887675028
30
0
10
-24.47273380913694
20
-15.59721474609513
30
0
10
-24.511732336153266
20
-15.638412753758049
30
0
10
-24.550495185434301
20
-15.679914792951346
30
0
10
-24.589019844026886
20
-15.72172198209203
30
0
10
-24.627294057845731
20
-15.763848797968469
30
0
10
-24.665303347573897
20
-15.806312855596873
30
0
10
-24.70303906701136
20
-15.849123950550389
30
0
10
-24.740503105408859
20
-15.892277660746977
30
0
10
-24.777703515771293
20
-15.935761274706838
30
0
10
-24.814651838801556
20
-15.979557416570342
30
0
10
-24.851359951607005
20
-16.023648317198482
30
0
10
-24.887836665532205
20
-16.068020425526171
30
0
10
-24.924085950374362
20
-16.112666813257835
30
0
10
-24.960108844557475
20
-16.157584577791305
30
0
10
-24.995904620941264
20
-16.202773255469776
30
0
10
-25.031472162033481
20
-16.248232951007914
30
0
10
-25.066811455376296
20
-16.293962303777096
30
0
10
-25.101924332653812
20
-16.339957481571368
30
0
10
-25.136813660997003
20
-16.386213276771265
30
0
10
-25.1714828627128
20
-16.432723756756392
30
0
10
-25.205935342950305
20
-16.479483039486503
30
0
10
-25.240173869272166
20
-16.526486134947834
30
0
10
-25.274200276760432
20
-16.57372934381403
30
0
10
-25.308015818869968
20
-16.621209777728009
30
0
10
-25.34162138134997
20
-16.668925066107111
30
0
10
-25.375017736079101
20
-16.716873009074643
30
0
10
-25.4082058176907
20
-16.765051199281711
30
0
10
-25.441186861703528
20
-16.813456833658876
30
0
10
-25.473962256712454
20
-16.862086916585536
30
0
10
-25.506533458526555
20
-16.910938378867108
30
0
10
-25.538901887164045
20
-16.960008219897109
30
0
10
-25.571068818097643
20
-17.009293659407028
30
0
10
-25.603035325741867
20
-17.058792213677918
30
0
10
-25.634802346532307
20
-17.108501599627807
30
0
10
-25.666370718964746
20
-17.158419672154626
30
0
10
-25.697741231517206
20
-17.20854435138995
30
0
10
-25.728914674888816
20
-17.25887354200659
30
0
10
-25.759891873507769
20
-17.30940508929935
30
0
10
-25.79067365813113
20
-17.360136836039942
30
0
10
-25.821260850839952
20
-17.411066659838777
30
0
10
-25.851654247197608
20
-17.462192513936365
30
0
10
-25.881854599434302
20
-17.513512471994581
30
0
10
-25.911862605569564
20
-17.565024748589746
30
0
10
-25.941678918991879
20
-17.616727637723688
30
0
10
-25.971304155806308
20
-17.6686194624296
30
0
10
-26.000738904085484
20
-17.720698522090586
30
0
10
-26.029983734432278
20
-17.772963031297365
30
0
10
-26.059039209120169
20
-17.825411084845971
30
0
10
-26.087905878514064
20
-17.878040762789929
30
0
10
-26.116584280494024
20
-17.930850216820701
30
0
10
-26.145074939599663
20
-17.983837761240395
30
0
10
-26.173378368748892
20
-18.037001964120741
30
0
10
-26.201495068138499
20
-18.090341727913636
30
0
10
-26.229425487215657
20
-18.143856252844319
30
0
10
-26.251621089807273
20
-18.186807257624146
30
0
10
-26.268184239898467
20
-18.219098783479424
30
0
10
-26.27918921814112
20
-18.240661243512648
30
0
10
-26.284682426807599
20
-18.251451167561235
30
0
0
ARC
5
249
100
AcDbEntity
8
0
100
AcDbCircle
10
-1.3877787807814457e-15
20
-2.7755575615628914e-16
30
0
40
32.000000000000007
210
0
220
0
230
1
100
AcDbArc
50
214.77518342189617
51
217.22481657810366
0
SPLINE
5
250
100
AcDbEntity
8
0
100
AcDbSpline
70
4
71
5
72
81
73
75
74
0
42
0.000000001
43
0.0000000001
44
0.0000000001
40
-1
40
-1
40
-1
40
-1
40
-1
40
-1
40
-0.9857142857142841
40
-0.97142857142856986
40
-0.95714285714285563
40
-0.94285714285714139
40
-0.92857142857142716
40
-0.91428571428571292
40
-0.89999999999999869
40
-0.88571428571428445
40
-0.87142857142857022
40
-0.85714285714285599
40
-0.84285714285714175
40
-0.82857142857142752
40
-0.81428571428571328
40
-0.79999999999999905
40
-0.78571428571428481
40
-0.77142857142857058
40
-0.75714285714285634
40
-0.74285714285714211
40
-0.72857142857142787
40
-0.71428571428571364
40
-0.6999999999999994
40
-0.68571428571428517
40
-0.67142857142857093
40
-0.6571428571428567
40
-0.64285714285714246
40
-0.62857142857142823
40
-0.61428571428571399
40
-0.59999999999999976
40
-0.58571428571428552
40
-0.57142857142857129
40
-0.55714285714285705
40
-0.54285714285714282
40
-0.52857142857142858
40
-0.51428571428571435
40
-0.50000000000000011
40
-0.48571428571428582
40
-0.47142857142857153
40
-0.45714285714285724
40
-0.44285714285714295
40
-0.42857142857142866
40
-0.41428571428571437
40
-0.40000000000000008
40
-0.38571428571428579
40
-0.3714285714285715
40
-0.35714285714285721
40
-0.34285714285714292
40
-0.32857142857142863
40
-0.31428571428571433
40
-0.30000000000000004
40
-0.28571428571428575
40
-0.27142857142857146
40
-0.25714285714285717
40
-0.24285714285714291
40
-0.22857142857142862
40
-0.21428571428571433
40
-0.20000000000000004
40
-0.18571428571428575
40
-0.17142857142857146
40
-0.15714285714285717
40
-0.14285714285714288
40
-0.12857142857142859
40
-0.1142857142857143
40
-0.10000000000000001
40
-0.085714285714285715
40
-0.071428571428571425
40
-0.057142857142857141
40
-0.042857142857142858
40
-0.028571428571428571
40
-0.014285714285714285
40
0
40
0
40
0
40
0
40
0
40
0
41
1
41
1
41
1
41
1
41
1
41
1
41
1
41
1
41
1
41
1
41
1
41
1
41
1
41
1
41
1
41
1
41
1
41
1
41
1
41
1
41
1
41
1
41
1
41
1
41
1
41
1
41
1
41
1
41
1
41
1
41
1
41
1
41
1
41
1
41
1
41
1
41
1
41
1
41
1
41
1
41
1
41
1
41
1
41
1
41
1
41
1
41
1
41
1
41
1
41
1
41
1
41
1
41
1
41
1
41
1
41
1
41
1
41
1
41
1
41
1
41
1
41
1
41
1
41
1
41
1
41
1
41
1
41
1
41
1
41
1
41
1
41
1
41
1
41
1
41
1
10
-25.480575126383989
20
-19.358209917983178
30
0
10
-25.468615803975659
20
-19.356319835984582
30
0
10
-25.444707960553998
20
-19.352516646306022
30
0
10
-25.408878599609665
20
-19.346742784744986
30
0
10
-25.361170948231184
20
-19.338906102669583
30
0
10
-25.301644636424555
20
-19.328879593252886
30
0
10
-25.242226968554565
20
-19.318621916569633
30
0
10
-25.18291856636537
20
-19.308132398026189
30
0
10
-25.123720319117957
20
-19.297410222746105
30
0
10
-25.064633430156679
20
-19.286454460425308
30
0
10
-25.005659340583847
20
-19.275264091287671
30
0
10
-24.946799642031266
20
-19.263838032620107
30
0
10
-24.888055990404414
20
-19.252175167698397
30
0
10
-24.829430023907896
20
-19.240274373028292
30
0
10
-24.770923264240853
20
-19.228134554212399
30
0
10
-24.712537147061621
20
-19.215754626440884
30
0
10
-24.654273076873487
20
-19.20313348555176
30
0
10
-24.59613247426898
20
-19.190269982953239
30
0
10
-24.538116821587028
20
-19.177162903063042
30
0
10
-24.480227718432126
20
-19.163810935196498
30
0
10
-24.422466865545648
20
-19.15021269024443
30
0
10
-24.364836027403008
20
-19.136366730506829
30
0
10
-24.307336998932179
20
-19.122271599266579
30
0
10
-24.249971574617255
20
-19.107925846605355
30
0
10
-24.192741502893355
20
-19.093328073031877
30
0
10
-24.135648518179771
20
-19.078476885944305
30
0
10
-24.078694401480369
20
-19.063370825012765
30
0
10
-24.021881034760622
20
-19.048008294122948
30
0
10
-23.965210448165273
20
-19.032387503934579
30
0
10
-23.908684891744066
20
-19.016506382250785
30
0
10
-23.852306780433583
20
-19.000362651315601
30
0
10
-23.796078583341583
20
-18.983953978139027
30
0
10
-23.740002720373163
20
-18.967278116391189
30
0
10
-23.68408147560946
20
-18.950333024827835
30
0
10
-23.628316849757766
20
-18.933117070648109
30
0
10
-23.57271069650151
20
-18.915628839952497
30
0
10
-23.517264996687217
20
-18.897866757793128
30
0
10
-23.461982109966865
20
-18.87982873951216
30
0
10
-23.40686498753735
20
-18.861511896688135
30
0
10
-23.351917519959887
20
-18.842912055213517
30
0
10
-23.297144249138238
20
-18.824024158948657
30
0
10
-23.242549759778687
20
-18.804843119805735
30
0
10
-23.18813811862946
20
-18.785364601738227
30
0
10
-23.133912404313502
20
-18.765585678494276
30
0
10
-23.07987391471519
20
-18.745505941464607
30
0
10
-23.026022895569071
20
-18.725126485806125
30
0
10
-22.972360012537671
20
-18.704447859792488
30
0
10
-22.918887705269029
20
-18.683468178870392
30
0
10
-22.865611336228998
20
-18.662181526577264
30
0
10
-22.81254107039112
20
-18.640575335317031
30
0
10
-22.759690136982812
20
-18.618632818323423
30
0
10
-22.70707149515529
20
-18.596337630299828
30
0
10
-22.654694745728872
20
-18.573678184320176
30
0
10
-22.602563510542932
20
-18.550651317101746
30
0
10
-22.55067114527651
20
-18.527268278667989
30
0
10
-22.499005371408678
20
-18.503548283006982
30
0
10
-22.447556207416124
20
-18.479507458020031
30
0
10
-22.396323366166293
20
-18.455148539277474
30
0
10
-22.345322681518745
20
-18.430451920035232
30
0
10
-22.294596050562468
20
-18.405361792900226
30
0
10
-22.244199714449127
20
-18.379802537901213
30
0
10
-22.194186442490171
20
-18.353703630204762
30
0
10
-22.144588710371451
20
-18.327023146414213
30
0
10
-22.095403790753544
20
-18.299768632386634
30
0
10
-22.046571843395167
20
-18.272027665576708
30
0
10
-21.998009443967042
20
-18.243921607327756
30
0
10
-21.949653734776877
20
-18.215544626981192
30
0
10
-21.901504162419879
20
-18.186906095561284
30
0
10
-21.853662449268391
20
-18.157875370678493
30
0
10
-21.806381065936193
20
-18.128114954373284
30
0
10
-21.75999494728584
20
-18.097173496460318
30
0
10
-21.72387227242611
20
-18.071110448827326
30
0
10
-21.697454008198104
20
-18.05066517654625
30
0
10
-21.680156437414311
20
-18.036615321324039
30
0
10
-21.67158630407009
20
-18.029485474321849
30
0
0
LINE
5
251
100
AcDbEntity
8
0
100
AcDbLine
10
-21.67158630407009
20
-18.029485474321849
30
0
11
-21.664503221044438
21
-18.023592765743324
31
0
0
ARC
5
252
100
AcDbEntity
8
0
100
AcDbCircle
10
-21.344726926195264
20
-18.407966439728067
30
0
40
0.50000000000000056
210
0
220
-0
230
1
100
AcDbArc
50
40.774905845016839
51
129.75846532598601
0
ARC
5
253
100
AcDbEntity
8
0
100
AcDbCircle
10
-1.3877787807814457e-15
20
-2.7755575615628914e-16
30
0
40
27.685999999999996
210
0
220
0
230
1
100
AcDbArc
50
220.77490584501729
51
223.22509415498266
0
ARC
5
254
100
AcDbEntity
8
0
100
AcDbCircle
10
-20.538257177976824
20
-19.303641834930609
30
0
40
0.50000000000000111
210
-0
220
0
230
1
100
AcDbArc
50
-45.758465325986613
51
43.225094154983644
0
LINE
5
255
100
AcDbEntity
8
0
100
AcDbLine
10
-20.189414867885858
20
-19.661844351240028
30
0
11
-20.196015679374099
21
-19.668272676623538
31
0
0
SPLINE
5
256
100
AcDbEntity
8
0
100
AcDbSpline
70
4
71
5
72
81
73
75
74
0
42
0.000000001
43
0.0000000001
44
0.0000000001
40
0
40
0
40
0
40
0
40
0
40
0
40
0.014285714285714285
40
0.028571428571428571
40
0.042857142857142858
40
0.057142857142857141
40
0.071428571428571425
40
0.085714285714285715
40
0.10000000000000001
40
0.1142857142857143
40
0.12857142857142859
40
0.14285714285714288
40
0.15714285714285717
40
0.17142857142857146
40
0.18571428571428575
40
0.20000000000000004
40
0.21428571428571433
40
0.22857142857142862
40
0.24285714285714291
40
0.25714285714285717
40
0.27142857142857146
40
0.28571428571428575
40
0.30000000000000004
40
0.31428571428571433
40
0.32857142857142863
40
0.34285714285714292
40
0.35714285714285721
40
0.3714285714285715
40
0.38571428571428579
40
0.40000000000000008
40
0.41428571428571437
40
0.42857142857142866
40
0.44285714285714295
40
0.45714285714285724
40
0.47142857142857153
40
0.48571428571428582
40
0.50000000000000011
40
0.51428571428571435
40
0.52857142857142858
40
0.54285714285714282
40
0.55714285714285705
40
0.57142857142857129
40
0.58571428571428552
40
0.59999999999999976
40
0.61428571428571399
40
0.62857142857142823
40
0.64285714285714246
40
0.6571428571428567
40
0.67142857142857093
40
0.68571428571428517
40
0.6999999999999994
40
0.71428571428571364
40
0.72857142857142787
40
0.74285714285714211
40
0.75714285714285634
40
0.77142857142857058
40
0.78571428571428481
40
0.79999999999999905
40
0.81428571428571328
40
0.82857142857142752
40
0.84285714285714175
40
0.85714285714285599
40
0.87142857142857022
40
0.88571428571428445
40
0.89999999999999869
40
0.91428571428571292
40
0.92857142857142716
40
0.94285714285714139
40
0.95714285714285563
40
0.97142857142856986
40
0.9857142857142841
40
1
40
1
40
1
40
1
40
1
40
1
41
1
41
1
41
1
41
1
41
1
41
1
41
1
41
1
41
1
41
1
41
1
41
1
41
1
41
1
41
1
41
1
41
1
41
1
41
1
41
1
41
1
41
1
41
1
41
1
41
1
41
1
41
1
41
1
41
1
41
1
41
1
41
1
41
1
41
1
41
1
41
1
41
1
41
1
41
1
41
1
41
1
41
1
41
1
41
1
41
1
41
1
41
1
41
1
41
1
41
1
41
1
41
1
41
1
41
1
41
1
41
1
41
1
41
1
41
1
41
1
41
1
41
1
41
1
41
1
41
1
41
1
41
1
41
1
41
1
41
1
41
1
41
1
41
1
41
1
41
1
10
-20.196015679374099
20
-19.668272676623538
30
0
10
-20.204002291196868
20
-19.676050589930128
30
0
10
-20.219783268334407
20
-19.691784793035787
30
0
10
-20.242877999836651
20
-19.715921222355522
30
0
10
-20.27257411905989
20
-19.749121683105642
30
0
10
-20.308194746128425
20
-19.792019430697671
30
0
10
-20.342734382100115
20
-19.835930991082257
30
0
10
-20.376606894390278
20
-19.880476085263798
30
0
10
-20.410121541744036
20
-19.925368347545881
30
0
10
-20.443397617994997
20
-19.970492956953759
30
0
10
-20.476425861300889
20
-20.015851443399377
30
0
10
-20.509119188607784
20
-20.061516163610552
30
0
10
-20.541365623619434
20
-20.107582770624081
30
0
10
-20.573084323648082
20
-20.154119931206893
30
0
10
-20.604268069258268
20
-20.201131146514612
30
0
10
-20.634955159552327
20
-20.248579736578346
30
0
10
-20.665210217126273
20
-20.296405849310023
30
0
10
-20.695102568896061
20
-20.344545647213479
30
0
10
-20.724683337097712
20
-20.392951629255343
30
0
10
-20.753970365978496
20
-20.441605998852765
30
0
10
-20.782960964967351
20
-20.490509327510303
30
0
10
-20.811640137866579
20
-20.539673227896202
30
0
10
-20.839990059399277
20
-20.589111919677006
30
0
10
-20.868000235691454
20
-20.638833186723048
30
0
10
-20.895673434111735
20
-20.688833096382684
30
0
10
-20.9230201745528
20
-20.739100889266325
30
0
10
-20.950055358169859
20
-20.789621968665621
30
0
10
-20.976794296938699
20
-20.84038142312933
30
0
10
-21.003248427079729
20
-20.891367829697224
30
0
10
-21.029423072114209
20
-20.942575236840849
30
0
10
-21.055319851258993
20
-20.99400102128735
30
0
10
-21.080938149663254
20
-21.045644578330972
30
0
10
-21.106276852483205
20
-21.097505778058398
30
0
10
-21.131336230423866
20
-21.149583286983894
30
0
10
-21.156118871903054
20
-21.20187373747293
30
0
10
-21.180628664123041
20
-21.254372631815073
30
0
10
-21.204870188066245
20
-21.307074878569537
30
0
10
-21.22884799741605
20
-21.359975432203072
30
0
10
-21.252565836739397
20
-21.413069987154323
30
0
10
-21.276026270150613
20
-21.466355306471101
30
0
10
-21.299231124236751
20
-21.519828825521763
30
0
10
-21.322181758263127
20
-21.573488409684209
30
0
10
-21.344879384621063
20
-21.627332067636903
30
0
10
-21.367325418035918
20
-21.681357638958509
30
0
10
-21.389521649818306
20
-21.735562638712175
30
0
10
-21.411470061043492
20
-21.789944425443899
30
0
10
-21.433172713829087
20
-21.844500299708084
30
0
10
-21.454631621023665
20
-21.899227621707105
30
0
10
-21.475848608278135
20
-21.954123937113671
30
0
10
-21.496825242922675
20
-22.009187039867388
30
0
10
-21.517562915608952
20
-22.064414891473003
30
0
10
-21.538062892501397
20
-22.119805568037162
30
0
10
-21.55832637727686
20
-22.175357199075343
30
0
10
-21.57835457899882
20
-22.231067899443886
30
0
10
-21.598148752068127
20
-22.286935732931337
30
0
10
-21.61771015760079
20
-22.34295876217411
30
0
10
-21.637040040983049
20
-22.399135082082189
30
0
10
-21.656139605938513
20
-22.45546285602963
30
0
10
-21.67500998876757
20
-22.511940356170857
30
0
10
-21.69365224344681
20
-22.56856598122441
30
0
10
-21.712067363783568
20
-22.625338198319366
30
0
10
-21.730256301080544
20
-22.682255495230113
30
0
10
-21.748219984137712
20
-22.739316330769501
30
0
10
-21.765959342296355
20
-22.796519077178729
30
0
10
-21.783475321657111
20
-22.853861987790317
30
0
10
-21.800768859737403
20
-22.91134329904056
30
0
10
-21.817840866948277
20
-22.968961314842424
30
0
10
-21.834692206843201
20
-23.026714495392486
30
0
10
-21.851323678846232
20
-23.084601546695183
30
0
10
-21.867736000416723
20
-23.142621499183214
30
0
10
-21.883929777462889
20
-23.200773664004156
30
0
10
-21.896710336858618
20
-23.247400811542192
30
0
10
-21.906197756641269
20
-23.282430362622293
30
0
10
-21.912479162181743
20
-23.30580969480355
30
0
10
-21.915608979706455
20
-23.31750593542564
30
0
0
ARC
5
257
100
AcDbEntity
8
0
100
AcDbCircle
10
-1.3877787807814457e-15
20
-2.7755575615628914e-16
30
0
40
32
210
0
220
0
230
1
100
AcDbArc
50
226.77518342189612
51
229.22481657810366
0
SPLINE
5
258
100
AcDbEntity
8
0
100
AcDbSpline
70
4
71
5
72
81
73
75
74
0
42
0.000000001
43
0.0000000001
44
0.0000000001
40
-1
40
-1
40
-1
40
-1
40
-1
40
-1
40
-0.9857142857142841
40
-0.97142857142856986
40
-0.95714285714285563
40
-0.94285714285714139
40
-0.92857142857142716
40
-0.91428571428571292
40
-0.89999999999999869
40
-0.88571428571428445
40
-0.87142857142857022
40
-0.85714285714285599
40
-0.84285714285714175
40
-0.82857142857142752
40
-0.81428571428571328
40
-0.79999999999999905
40
-0.78571428571428481
40
-0.77142857142857058
40
-0.75714285714285634
40
-0.74285714285714211
40
-0.72857142857142787
40
-0.71428571428571364
40
-0.6999999999999994
40
-0.68571428571428517
40
-0.67142857142857093
40
-0.6571428571428567
40
-0.64285714285714246
40
-0.62857142857142823
40
-0.61428571428571399
40
-0.59999999999999976
40
-0.58571428571428552
40
-0.57142857142857129
40
-0.55714285714285705
40
-0.54285714285714282
40
-0.52857142857142858
40
-0.51428571428571435
40
-0.50000000000000011
40
-0.48571428571428582
40
-0.47142857142857153
40
-0.45714285714285724
40
-0.44285714285714295
40
-0.42857142857142866
40
-0.41428571428571437
40
-0.40000000000000008
40
-0.38571428571428579
40
-0.3714285714285715
40
-0.35714285714285721
40
-0.34285714285714292
40
-0.32857142857142863
40
-0.31428571428571433
40
-0.30000000000000004
40
-0.28571428571428575
40
-0.27142857142857146
40
-0.25714285714285717
40
-0.24285714285714291
40
-0.22857142857142862
40
-0.21428571428571433
40
-0.20000000000000004
40
-0.18571428571428575
40
-0.17142857142857146
40
-0.15714285714285717
40
-0.14285714285714288
40
-0.12857142857142859
40
-0.1142857142857143
40
-0.10000000000000001
40
-0.085714285714285715
40
-0.071428571428571425
40
-0.057142857142857141
40
-0.042857142857142858
40
-0.028571428571428571
40
-0.014285714285714285
40
0
40
0
40
0
40
0
40
0
40
0
41
1
41
1
41
1
41
1
41
1
41
1
41
1
41
1
41
1
41
1
41
1
41
1
41
1
41
1
41
1
41
1
41
1
41
1
41
1
41
1
41
1
41
1
41
1
41
1
41
1
41
1
41
1
41
1
41
1
41
1
41
1
41
1
41
1
41
1
41
1
41
1
41
1
41
1
41
1
41
1
41
1
41
1
41
1
41
1
41
1
41
1
41
1
41
1
41
1
41
1
41
1
41
1
41
1
41
1
41
1
41
1
41
1
41
1
41
1
41
1
41
1
41
1
41
1
41
1
41
1
41
1
41
1
41
1
41
1
41
1
41
1
41
1
41
1
41
1
41
1
10
-20.898965269936983
20
-24.232896043312032
30
0
10
-20.887660257560988
20
-24.228560781196961
30
0
10
-20.865065585475943
20
-24.219869980188147
30
0
10
-20.83121963535212
20
-24.20677294834039
30
0
10
-20.786183848440309
20
-24.18918853810758
30
0
10
-20.730042957891953
20
-24.167004915842035
30
0
10
-20.674056399526798
20
-24.144617766213912
30
0
10
-20.618224921758312
20
-24.122026558638932
30
0
10
-20.562549563837337
20
-24.09923068093542
30
0
10
-20.507031696233359
20
-24.076229473318023
30
0
10
-20.451672940580508
20
-24.053022237917187
30
0
10
-20.396475078838336
20
-24.029608246598574
30
0
10
-20.34143996290684
20
-24.005986751323178
30
0
10
-20.286569428779501
20
-23.982156993749669
30
0
10
-20.231865192440711
20
-23.958118219774917
30
0
10
-20.177328883720868
20
-23.933869666784933
30
0
10
-20.122962105999665
20
-23.909410546758973
30
0
10
-20.068766487631944
20
-23.884740031562536
30
0
10
-20.014743731297735
20
-23.859857240372307
30
0
10
-19.960895674153022
20
-23.834761223721713
30
0
10
-19.907224268585914
20
-23.809450976460951
30
0
10
-19.853731539428455
20
-23.783925459162283
30
0
10
-19.800419545253643
20
-23.758183620127852
30
0
10
-19.747290342786776
20
-23.732224414217768
30
0
10
-19.694345933226046
20
-23.706046836043072
30
0
10
-19.64158830262776
20
-23.679649884039687
30
0
10
-19.589019496696196
20
-23.65303250008095
30
0
10
-19.536641688122206
20
-23.62619351421413
30
0
10
-19.484457234711758
20
-23.59913159829113
30
0
10
-19.432468768179572
20
-23.571845193209224
30
0
10
-19.380679124262159
20
-23.54433257308041
30
0
10
-19.329091203167255
20
-23.516591969252481
30
0
10
-19.277707838957447
20
-23.488621687609843
30
0
10
-19.226531690199785
20
-23.460420206401476
30
0
10
-19.175565053359676
20
-23.431986344477586
30
0
10
-19.124810035579376
20
-23.403319104238214
30
0
10
-19.074268901869218
20
-23.374417356993025
30
0
10
-19.023944393741861
20
-23.345279554238189
30
0
10
-18.97383999844007
20
-23.315903484259522
30
0
10
-18.923960389352704
20
-23.286285873056912
30
0
10
-18.874311060362579
20
-23.256422719294385
30
0
10
-18.824897553862098
20
-23.226309999285071
30
0
10
-18.775724749246031
20
-23.195944317259986
30
0
10
-18.726796266264003
20
-23.165323450994588
30
0
10
-18.678113459393153
20
-23.134447270654025
30
0
10
-18.629676341302201
20
-23.103316898554493
30
0
10
-18.581485449114865
20
-23.071933009387568
30
0
10
-18.533543560987667
20
-23.040294267013309
30
0
10
-18.485857152305467
20
-23.008395999177388
30
0
10
-18.438438778862892
20
-22.976228026332691
30
0
10
-18.39130487096195
20
-22.943776679055116
30
0
10
-18.344471502943584
20
-22.91102866359104
30
0
10
-18.297950474884519
20
-22.877974642339296
30
0
10
-18.251745987161708
20
-22.84461227416525
30
0
10
-18.205849201637182
20
-22.810951181820329
30
0
10
-18.160244113292375
20
-22.777007606572827
30
0
10
-18.114917605544989
20
-22.74279524861533
30
0
10
-18.069868828779946
20
-22.708316724041175
30
0
10
-18.025117347320304
20
-22.673556146605204
30
0
10
-17.98071574571258
20
-22.638467639334387
30
0
10
-17.936734758380432
20
-22.602988927928216
30
0
10
-17.893240664436597
20
-22.567062000046839
30
0
10
-17.850273946259566
20
-22.53065260049517
30
0
10
-17.807830367236917
20
-22.493767543189431
30
0
10
-17.765833186403526
20
-22.456480050321069
30
0
10
-17.724175570009795
20
-22.418891486303494
30
0
10
-17.682776455047808
20
-22.381080893803013
30
0
10
-17.641633351860499
20
-22.343057324005198
30
0
10
-17.600872922022425
20
-22.304714138640588
30
0
10
-17.560812288830114
20
-22.265773706482008
30
0
10
-17.521872908995967
20
-22.225864177302164
30
0
10
-17.491958413551075
20
-22.192860343385199
30
0
10
-17.4703682629101
20
-22.167369183373001
30
0
10
-17.456369814704395
20
-22.150029984008036
30
0
10
-17.449469337881268
20
-22.141274110355113
30
0
0
LINE
5
259
100
AcDbEntity
8
0
100
AcDbLine
10
-17.449469337881268
20
-22.141274110355113
30
0
11
-17.443766200217993
21
-22.134037515829146
31
0
0
ARC
5
260
100
AcDbEntity
8
0
100
AcDbCircle
10
-17.051062004175723
20
-22.443526472677032
30
0
40
0.49999999999999939
210
0
220
-0
230
1
100
AcDbArc
50
52.774905845017479
51
141.75846532598609
0
ARC
5
261
100
AcDbEntity
8
0
100
AcDbCircle
10
-1.3877787807814457e-15
20
-2.7755575615628914e-16
30
0
40
27.685999999999993
210
0
220
0
230
1
100
AcDbArc
50
232.77490584501723
51
235.22509415498268
0
ARC
5
262
100
AcDbEntity
8
0
100
AcDbCircle
10
-16.075994169051043
20
-23.151954722585234
30
0
40
0.49999999999999956
210
-0
220
0
230
1
100
AcDbArc
50
-33.758465325986649
51
55.225094154983253
0
LINE
5
263
100
AcDbEntity
8
0
100
AcDbLine
10
-15.66030040958006
20
-23.429801259970318
30
0
11
-15.665420453500555
21
-23.43746149689823
31
0
0
SPLINE
5
264
100
AcDbEntity
8
0
100
AcDbSpline
70
4
71
5
72
81
73
75
74
0
42
0.000000001
43
0.0000000001
44
0.0000000001
40
0
40
0
40
0
40
0
40
0
40
0
40
0.014285714285714285
40
0.028571428571428571
40
0.042857142857142858
40
0.057142857142857141
40
0.071428571428571425
40
0.085714285714285715
40
0.10000000000000001
40
0.1142857142857143
40
0.12857142857142859
40
0.14285714285714288
40
0.15714285714285717
40
0.17142857142857146
40
0.18571428571428575
40
0.20000000000000004
40
0.21428571428571433
40
0.22857142857142862
40
0.24285714285714291
40
0.25714285714285717
40
0.27142857142857146
40
0.28571428571428575
40
0.30000000000000004
40
0.31428571428571433
40
0.32857142857142863
40
0.34285714285714292
40
0.35714285714285721
40
0.3714285714285715
40
0.38571428571428579
40
0.40000000000000008
40
0.41428571428571437
40
0.42857142857142866
40
0.44285714285714295
40
0.45714285714285724
40
0.47142857142857153
40
0.48571428571428582
40
0.50000000000000011
40
0.51428571428571435
40
0.52857142857142858
40
0.54285714285714282
40
0.55714285714285705
40
0.57142857142857129
40
0.58571428571428552
40
0.59999999999999976
40
0.61428571428571399
40
0.62857142857142823
40
0.64285714285714246
40
0.6571428571428567
40
0.67142857142857093
40
0.68571428571428517
40
0.6999999999999994
40
0.71428571428571364
40
0.72857142857142787
40
0.74285714285714211
40
0.75714285714285634
40
0.77142857142857058
40
0.78571428571428481
40
0.79999999999999905
40
0.81428571428571328
40
0.82857142857142752
40
0.84285714285714175
40
0.85714285714285599
40
0.87142857142857022
40
0.88571428571428445
40
0.89999999999999869
40
0.91428571428571292
40
0.92857142857142716
40
0.94285714285714139
40
0.95714285714285563
40
0.97142857142856986
40
0.9857142857142841
40
1
40
1
40
1
40
1
40
1
40
1
41
1
41
1
41
1
41
1
41
1
41
1
41
1
41
1
41
1
41
1
41
1
41
1
41
1
41
1
41
1
41
1
41
1
41
1
41
1
41
1
41
1
41
1
41
1
41
1
41
1
41
1
41
1
41
1
41
1
41
1
41
1
41
1
41
1
41
1
41
1
41
1
41
1
41
1
41
1
41
1
41
1
41
1
41
1
41
1
41
1
41
1
41
1
41
1
41
1
41
1
41
1
41
1
41
1
41
1
41
1
41
1
41
1
41
1
41
1
41
1
41
1
41
1
41
1
41
1
41
1
41
1
41
1
41
1
41
1
41
1
41
1
41
1
41
1
41
1
41
1
10
-15.665420453500555
20
-23.43746149689823
30
0
10
-15.671615419586386
20
-23.446729954105759
30
0
10
-15.683780219739337
20
-23.465401376762443
30
0
10
-15.701352030117683
20
-23.493812031867442
30
0
10
-15.723496453956514
20
-23.532461153251852
30
0
10
-15.749419741626106
20
-23.581827426937686
30
0
10
-15.774074876916027
20
-23.63196060848745
30
0
10
-15.797945747694556
20
-23.68257477678808
30
0
10
-15.821394393437377
20
-23.733454122429293
30
0
10
-15.844561373744606
20
-23.784511136132775
30
0
10
-15.867437311080874
20
-23.835745388732946
30
0
10
-15.889921981556284
20
-23.887209550204517
30
0
10
-15.911885968440735
20
-23.938973902154871
30
0
10
-15.933235919029517
20
-23.991088802677403
30
0
10
-15.953964043717985
20
-24.043556175414071
30
0
10
-15.974115430875557
20
-24.096348104772439
30
0
10
-15.993765734888283
20
-24.149419482369339
30
0
10
-16.012996040274462
20
-24.202722279587391
30
0
10
-16.031866228146754
20
-24.256220662315297
30
0
10
-16.050397452930444
20
-24.309900932895857
30
0
10
-16.068586964027418
20
-24.363763090943724
30
0
10
-16.086417678533401
20
-24.417815377477634
30
0
10
-16.103869204261638
20
-24.472067995346865
30
0
10
-16.12092965829682
20
-24.526526376526402
30
0
10
-16.137602565178181
20
-24.581187249670773
30
0
10
-16.153900451916375
20
-24.636042277717554
30
0
10
-16.169840928866957
20
-24.691080281055843
30
0
10
-16.185442073667328
20
-24.746289857624181
30
0
10
-16.200717447596027
20
-24.801662211805343
30
0
10
-16.215673495234931
20
-24.857192628948354
30
0
10
-16.230312345826238
20
-24.912878879759276
30
0
10
-16.24463352368047
20
-24.968720244911957
30
0
10
-16.258635965326341
20
-25.02471636554294
30
0
10
-16.272320212800608
20
-25.080865993589093
30
0
10
-16.285689498128527
20
-25.137166373169109
30
0
10
-16.298748558694246
20
-25.193613913053099
30
0
10
-16.311502933944805
20
-25.250204585500285
30
0
10
-16.323958127080026
20
-25.30693440199844
30
0
10
-16.336118696015621
20
-25.363799929612302
30
0
10
-16.34798782183406
20
-25.420798535234184
30
0
10
-16.359567824423994
20
-25.477928090044614
30
0
10
-16.37086047716042
20
-25.53518678867524
30
0
10
-16.381867379960035
20
-25.592572935390034
30
0
10
-16.392590365809887
20
-25.650084711115966
30
0
10
-16.403031703523602
20
-25.707720057652452
30
0
10
-16.413193880074356
20
-25.765476803156293
30
0
10
-16.423079473763842
20
-25.82335273590963
30
0
10
-16.43269100229984
20
-25.88134569229549
30
0
10
-16.44203076172176
20
-25.939453651193677
30
0
10
-16.451100743775587
20
-25.9976747806178
30
0
10
-16.459902732550912
20
-26.056007375751342
30
0
10
-16.468438366543367
20
-26.114449817993027
30
0
10
-16.476709212022151
20
-26.173000527991405
30
0
10
-16.484716843573235
20
-26.231657913176146
30
0
10
-16.492462890746783
20
-26.290420340451274
30
0
10
-16.49994898990095
20
-26.349286176989995
30
0
10
-16.507176755297756
20
-26.408253818263457
30
0
10
-16.514147746212586
20
-26.467321718048588
30
0
10
-16.520863433354236
20
-26.526488422507548
30
0
10
-16.527325180592513
20
-26.585752584484744
30
0
10
-16.533534278719451
20
-26.645112911230338
30
0
10
-16.539491972658901
20
-26.704568121351436
30
0
10
-16.545199491345134
20
-26.764116900447888
30
0
10
-16.550658082241213
20
-26.823757849552237
30
0
10
-16.555869033925767
20
-26.883489456871285
30
0
10
-16.560833630094749
20
-26.943310192300238
30
0
10
-16.565553113900847
20
-27.00321858610074
30
0
10
-16.570028650169945
20
-27.063213311660622
30
0
10
-16.574261289893585
20
-27.123293269470853
30
0
10
-16.578251936437283
20
-27.183457660319675
30
0
10
-16.58200132568917
20
-27.243705936383154
30
0
10
-16.584808270115499
20
-27.291971396590107
30
0
10
-16.586805313819397
20
-27.328208013422397
30
0
10
-16.588088619094052
20
-27.352382428748886
30
0
10
-16.588718257432642
20
-27.364473804104502
30
0
0
ARC
5
265
100
AcDbEntity
8
0
100
AcDbCircle
10
-1.3877787807814457e-15
20
-2.7755575615628914e-16
30
0
40
32.000000000000007
210
0
220
0
230
1
100
AcDbArc
50
238.77518342189612
51
241.22481657810368
0
SPLINE
5
266
100
AcDbEntity
8
0
100
AcDbSpline
70
4
71
5
72
81
73
75
74
0
42
0.000000001
43
0.0000000001
44
0.0000000001
40
-1
40
-1
40
-1
40
-1
40
-1
40
-1
40
-0.9857142857142841
40
-0.97142857142856986
40
-0.95714285714285563
40
-0.94285714285714139
40
-0.92857142857142716
40
-0.91428571428571292
40
-0.89999999999999869
40
-0.88571428571428445
40
-0.87142857142857022
40
-0.85714285714285599
40
-0.84285714285714175
40
-0.82857142857142752
40
-0.81428571428571328
40
-0.79999999999999905
40
-0.78571428571428481
40
-0.77142857142857058
40
-0.75714285714285634
40
-0.74285714285714211
40
-0.72857142857142787
40
-0.71428571428571364
40
-0.6999999999999994
40
-0.68571428571428517
40
-0.67142857142857093
40
-0.6571428571428567
40
-0.64285714285714246
40
-0.62857142857142823
40
-0.61428571428571399
40
-0.59999999999999976
40
-0.58571428571428552
40
-0.57142857142857129
40
-0.55714285714285705
40
-0.54285714285714282
40
-0.52857142857142858
40
-0.51428571428571435
40
-0.50000000000000011
40
-0.48571428571428582
40
-0.47142857142857153
40
-0.45714285714285724
40
-0.44285714285714295
40
-0.42857142857142866
40
-0.41428571428571437
40
-0.40000000000000008
40
-0.38571428571428579
40
-0.3714285714285715
40
-0.35714285714285721
40
-0.34285714285714292
40
-0.32857142857142863
40
-0.31428571428571433
40
-0.30000000000000004
40
-0.28571428571428575
40
-0.27142857142857146
40
-0.25714285714285717
40
-0.24285714285714291
40
-0.22857142857142862
40
-0.21428571428571433
40
-0.20000000000000004
40
-0.18571428571428575
40
-0.17142857142857146
40
-0.15714285714285717
40
-0.14285714285714288
40
-0.12857142857142859
40
-0.1142857142857143
40
-0.10000000000000001
40
-0.085714285714285715
40
-0.071428571428571425
40
-0.057142857142857141
40
-0.042857142857142858
40
-0.028571428571428571
40
-0.014285714285714285
40
0
40
0
40
0
40
0
40
0
40
0
41
1
41
1
41
1
41
1
41
1
41
1
41
1
41
1
41
1
41
1
41
1
41
1
41
1
41
1
41
1
41
1
41
1
41
1
41
1
41
1
41
1
41
1
41
1
41
1
41
1
41
1
41
1
41
1
41
1
41
1
41
1
41
1
41
1
41
1
41
1
41
1
41
1
41
1
41
1
41
1
41
1
41
1
41
1
41
1
41
1
41
1
41
1
41
1
41
1
41
1
41
1
41
1
41
1
41
1
41
1
41
1
41
1
41
1
41
1
41
1
41
1
41
1
41
1
41
1
41
1
41
1
41
1
41
1
41
1
41
1
41
1
41
1
41
1
41
1
41
1
10
-15.403970346832001
20
-28.048488329211629
30
0
10
-15.393813727776633
20
-28.041897358737408
30
0
10
-15.373519722619591
20
-28.028698776105504
30
0
10
-15.343136413747573
20
-28.008850977109311
30
0
10
-15.302740771296166
20
-27.98228736182562
30
0
10
-15.252438928316925
20
-27.948916157453077
30
0
10
-15.202330360710476
20
-27.915377960744294
30
0
10
-15.152415910850344
20
-27.881672408313449
30
0
10
-15.102696722556956
20
-27.847799117428906
30
0
10
-15.053174273528844
20
-27.813757727659816
30
0
10
-15.003850295058797
20
-27.77954789354348
30
0
10
-14.954726681553904
20
-27.745169273347237
30
0
10
-14.905805399971754
20
-27.710621520410189
30
0
10
-14.857088403853005
20
-27.67590427468711
30
0
10
-14.808577528470515
20
-27.641017155327031
30
0
10
-14.760274526595353
20
-27.605959755241713
30
0
10
-14.71218113040824
20
-27.570731636991933
30
0
10
-14.664299104859406
20
-27.535332329093919
30
0
10
-14.6166302985547
20
-27.499761323979559
30
0
10
-14.569176705909035
20
-27.464018074896593
30
0
10
-14.521940445628555
20
-27.428102004584481
30
0
10
-14.474923714407042
20
-27.392012517315713
30
0
10
-14.428128744493025
20
-27.355749012375959
30
0
10
-14.381557764964214
20
-27.319310895081358
30
0
10
-14.335212942319934
20
-27.282697598085647
30
0
10
-14.289096427453273
20
-27.245908554635623
30
0
10
-14.243210441361887
20
-27.20894315505307
30
0
10
-14.197557352504946
20
-27.17180070667936
30
0
10
-14.152139743302232
20
-27.134480400605057
30
0
10
-14.106960512114865
20
-27.096981258961804
30
0
10
-14.062022791543997
20
-27.059302183159186
30
0
10
-14.017329786144344
20
-27.021442046181381
30
0
10
-13.972884620273858
20
-26.983399780168014
30
0
10
-13.928690210793356
20
-26.945174449369169
30
0
10
-13.884749049559801
20
-26.906765375907995
30
0
10
-13.841063405082041
20
-26.868172022084003
30
0
10
-13.797635727542417
20
-26.829393754793589
30
0
10
-13.754469020497009
20
-26.790429629363956
30
0
10
-13.71156715482519
20
-26.751278207450735
30
0
10
-13.668935382493959
20
-26.711937258250757
30
0
10
-13.626579909256149
20
-26.67240401010929
30
0
10
-13.58450699296111
20
-26.632675679594865
30
0
10
-13.542722112397227
20
-26.592749959627401
30
0
10
-13.501229270240351
20
-26.55262542913157
30
0
10
-13.460029818363243
20
-26.512302242721354
30
0
10
-13.419123535815121
20
-26.471781500821617
30
0
10
-13.378510807705986
20
-26.431063975054609
30
0
10
-13.3381946292821
20
-26.390148936089467
30
0
10
-13.298182305841921
20
-26.349033160080062
30
0
10
-13.258488235252679
20
-26.307709300423269
30
0
10
-13.219131330807965
20
-26.266167402456603
30
0
10
-13.180130079512573
20
-26.224397804970231
30
0
10
-13.141497964979706
20
-26.182393827785898
30
0
10
-13.103239582547266
20
-26.140154054235829
30
0
10
-13.065344286529253
20
-26.097686059239059
30
0
10
-13.027793044905637
20
-26.055002401522735
30
0
10
-12.990570179292693
20
-26.012113754806538
30
0
10
-12.953674314725088
20
-25.969022501370993
30
0
10
-12.917127890934575
20
-25.925717169774998
30
0
10
-12.880991881728185
20
-25.882163818509447
30
0
10
-12.845348423367835
20
-25.838316240630306
30
0
10
-12.810274408052287
20
-25.794131471708951
30
0
10
-12.77581655557846
20
-25.749584421868256
30
0
10
-12.74196930522125
20
-25.704680875282754
30
0
10
-12.708642369240106
20
-25.659476498719542
30
0
10
-12.675710173612586
20
-25.614048229550864
30
0
10
-12.643076992857614
20
-25.56845652922409
30
0
10
-12.610738509875803
20
-25.522709733505859
30
0
10
-12.578840789725302
20
-25.476729868850882
30
0
10
-12.547751748575633
20
-25.430311304581188
30
0
10
-12.517960945308316
20
-25.383177942066798
30
0
10
-12.495562036274881
20
-25.344675747777991
30
0
10
-12.479743592404965
20
-25.315252786047363
30
0
10
-12.469656066135961
20
-25.295382048754604
30
0
10
-12.464726829783267
20
-25.285382822144928
30
0
0
LINE
5
267
100
AcDbEntity
8
0
100
AcDbLine
10
-12.464726829783267
20
-25.285382822144932
30
0
11
-12.460652891964937
21
-25.277118615577322
31
0
0
ARC
5
268
100
AcDbEntity
8
0
100
AcDbCircle
10
-12.012183852500421
20
-25.498196702781314
30
0
40
0.50000000000000056
210
0
220
-0
230
1
100
AcDbArc
50
64.774905845017685
51
153.75846532598615
0
ARC
5
269
100
AcDbEntity
8
0
100
AcDbCircle
10
-1.3877787807814457e-15
20
-2.7755575615628914e-16
30
0
40
27.685999999999993
210
0
220
0
230
1
100
AcDbArc
50
244.77490584501723
51
247.22509415498271
0
ARC
5
270
100
AcDbEntity
8
0
100
AcDbCircle
10
-10.911133073759007
20
-25.988416093458294
30
0
40
0.50000000000000022
210
-0
220
0
230
1
100
AcDbArc
50
-21.75846532598587
51
67.225094154982571
0
LINE
5
271
100
AcDbEntity
8
0
100
AcDbLine
10
-10.446755676916855
20
-26.1737634249797
30
0
11
-10.450171182781599
21
-26.182320784340369
31
0
0
SPLINE
5
272
100
AcDbEntity
8
0
100
AcDbSpline
70
4
71
5
72
81
73
75
74
0
42
0.000000001
43
0.0000000001
44
0.0000000001
40
0
40
0
40
0
40
0
40
0
40
0
40
0.014285714285714285
40
0.028571428571428571
40
0.042857142857142858
40
0.057142857142857141
40
0.071428571428571425
40
0.085714285714285715
40
0.10000000000000001
40
0.1142857142857143
40
0.12857142857142859
40
0.14285714285714288
40
0.15714285714285717
40
0.17142857142857146
40
0.18571428571428575
40
0.20000000000000004
40
0.21428571428571433
40
0.22857142857142862
40
0.24285714285714291
40
0.25714285714285717
40
0.27142857142857146
40
0.28571428571428575
40
0.30000000000000004
40
0.31428571428571433
40
0.32857142857142863
40
0.34285714285714292
40
0.35714285714285721
40
0.3714285714285715
40
0.38571428571428579
40
0.40000000000000008
40
0.41428571428571437
40
0.42857142857142866
40
0.44285714285714295
40
0.45714285714285724
40
0.47142857142857153
40
0.48571428571428582
40
0.50000000000000011
40
0.51428571428571435
40
0.52857142857142858
40
0.54285714285714282
40
0.55714285714285705
40
0.57142857142857129
40
0.58571428571428552
40
0.59999999999999976
40
0.61428571428571399
40
0.62857142857142823
40
0.64285714285714246
40
0.6571428571428567
40
0.67142857142857093
40
0.68571428571428517
40
0.6999999999999994
40
0.71428571428571364
40
0.72857142857142787
40
0.74285714285714211
40
0.75714285714285634
40
0.77142857142857058
40
0.78571428571428481
40
0.79999999999999905
40
0.81428571428571328
40
0.82857142857142752
40
0.84285714285714175
40
0.85714285714285599
40
0.87142857142857022
40
0.88571428571428445
40
0.89999999999999869
40
0.91428571428571292
40
0.92857142857142716
40
0.94285714285714139
40
0.95714285714285563
40
0.97142857142856986
40
0.9857142857142841
40
1
40
1
40
1
40
1
40
1
40
1
41
1
41
1
41
1
41
1
41
1
41
1
41
1
41
1
41
1
41
1
41
1
41
1
41
1
41
1
41
1
41
1
41
1
41
1
41
1
41
1
41
1
41
1
41
1
41
1
41
1
41
1
41
1
41
1
41
1
41
1
41
1
41
1
41
1
41
1
41
1
41
1
41
1
41
1
41
1
41
1
41
1
41
1
41
1
41
1
41
1
41
1
41
1
41
1
41
1
41
1
41
1
41
1
41
1
41
1
41
1
41
1
41
1
41
1
41
1
41
1
41
1
41
1
41
1
41
1
41
1
41
1
41
1
41
1
41
1
41
1
41
1
41
1
41
1
41
1
41
1
10
-10.450171182781599
20
-26.182320784340369
30
0
10
-10.454303753385792
20
-26.192674709393884
30
0
10
-10.462320716414286
20
-26.21346732083606
30
0
10
-10.473601633236292
20
-26.24491051976878
30
0
10
-10.487226544108223
20
-26.287319149723931
30
0
10
-10.50231952031397
20
-26.34099640645784
30
0
10
-10.516012607201491
20
-26.395160148573353
30
0
10
-10.528838564870217
20
-26.449631308964612
30
0
10
-10.541196390664048
20
-26.504274066414251
30
0
10
-10.553241766820614
20
-26.55903204791576
30
0
10
-10.564965609954736
20
-26.613902883982632
30
0
10
-10.57625893560548
20
-26.668917255905853
30
0
10
-10.586980542740969
20
-26.72411700221987
30
0
10
-10.597028648600737
20
-26.779531971454261
30
0
10
-10.606395233854023
20
-26.835162425664898
30
0
10
-10.615130205559229
20
-26.890990433681139
30
0
10
-10.623316943432769
20
-26.946987602277559
30
0
10
-10.631044745812716
20
-27.003123810796581
30
0
10
-10.63837963559642
20
-27.059376458171602
30
0
10
-10.645345152837287
20
-27.115736544324417
30
0
10
-10.651938607124487
20
-27.172203496996605
30
0
10
-10.658141575452058
20
-27.228781825385351
30
0
10
-10.663931989959792
20
-27.285477269609171
30
0
10
-10.669297098031496
20
-27.34229267234436
30
0
10
-10.674241027337729
20
-27.399225566525093
30
0
10
-10.678777764516671
20
-27.456270401785726
30
0
10
-10.682926859467138
20
-27.513419904215493
30
0
10
-10.686708365408668
20
-27.570666679467482
30
0
10
-10.690137375984964
20
-27.628004943678157
30
0
10
-10.69322117517941
20
-27.68543142512689
30
0
10
-10.695962309201391
20
-27.742944385929526
30
0
10
-10.698360462312724
20
-27.800543023577497
30
0
10
-10.70041466889343
20
-27.858226765941264
30
0
10
-10.702125718622362
20
-27.915994504926644
30
0
10
-10.703497345877228
20
-27.973844216850793
30
0
10
-10.704534931177644
20
-28.031773373918348
30
0
10
-10.705244730334829
20
-28.089779188120154
30
0
10
-10.705632955548809
20
-28.147858902282103
30
0
10
-10.705704778881282
20
-28.206010106130766
30
0
10
-10.705463859354296
20
-28.264230885482419
30
0
10
-10.704912908767826
20
-28.322519640369379
30
0
10
-10.70405403710156
20
-28.380874973580319
30
0
10
-10.702889161873523
20
-28.439295559076484
30
0
10
-10.701420454222156
20
-28.497779998635409
30
0
10
-10.699650561306004
20
-28.556326750745988
30
0
10
-10.697582367303525
20
-28.614934208095821
30
0
10
-10.695218854016318
20
-28.67360074335744
30
0
10
-10.692562933975488
20
-28.732324763654994
30
0
10
-10.689617273260975
20
-28.79110476940804
30
0
10
-10.686384200985739
20
-28.849939382770749
30
0
10
-10.682865816704005
20
-28.908827307114038
30
0
10
-10.679064059632477
20
-28.96776729986934
30
0
10
-10.674980790179255
20
-29.026758141843505
30
0
10
-10.670617879635795
20
-29.085798602642505
30
0
10
-10.665977261482452
20
-29.144887423659974
30
0
10
-10.661060875802782
20
-29.204023347968288
30
0
10
-10.655870635183632
20
-29.26320514172534
30
0
10
-10.650408386304331
20
-29.322431616688334
30
0
10
-10.644675870005038
20
-29.381701656566804
30
0
10
-10.638674700441131
20
-29.44101422720825
30
0
10
-10.632406408975545
20
-29.500368332483259
30
0
10
-10.625872479744116
20
-29.559762977834655
30
0
10
-10.61907438810513
20
-29.6191971330949
30
0
10
-10.612013645123252
20
-29.678669689229498
30
0
10
-10.604691825538078
20
-29.738179435392102
30
0
10
-10.597110503120376
20
-29.797725141809789
30
0
10
-10.589271199432773
20
-29.85730562932747
30
0
10
-10.581175329665093
20
-29.916919842503585
30
0
10
-10.572824150442951
20
-29.976566924369408
30
0
10
-10.564218711556652
20
-30.036246280998157
30
0
10
-10.555359846712387
20
-30.095957529536882
30
0
10
-10.548070499228668
20
-30.14375187019834
30
0
10
-10.54248988646108
20
-30.179611838744677
30
0
10
-10.538719004871435
20
-30.203524799264905
30
0
10
-10.536820945807152
20
-30.215482858230157
30
0
0
ARC
5
273
100
AcDbEntity
8
0
100
AcDbCircle
10
-1.3877787807814457e-15
20
-2.7755575615628914e-16
30
0
40
32.000000000000014
210
0
220
0
230
1
100
AcDbArc
50
250.77518342189612
51
253.22481657810366
0
SPLINE
5
274
100
AcDbEntity
8
0
100
AcDbSpline
70
4
71
5
72
81
73
75
74
0
42
0.000000001
43
0.0000000001
44
0.0000000001
40
-1
40
-1
40
-1
40
-1
40
-1
40
-1
40
-0.9857142857142841
40
-0.97142857142856986
40
-0.95714285714285563
40
-0.94285714285714139
40
-0.92857142857142716
40
-0.91428571428571292
40
-0.89999999999999869
40
-0.88571428571428445
40
-0.87142857142857022
40
-0.85714285714285599
40
-0.84285714285714175
40
-0.82857142857142752
40
-0.81428571428571328
40
-0.79999999999999905
40
-0.78571428571428481
40
-0.77142857142857058
40
-0.75714285714285634
40
-0.74285714285714211
40
-0.72857142857142787
40
-0.71428571428571364
40
-0.6999999999999994
40
-0.68571428571428517
40
-0.67142857142857093
40
-0.6571428571428567
40
-0.64285714285714246
40
-0.62857142857142823
40
-0.61428571428571399
40
-0.59999999999999976
40
-0.58571428571428552
40
-0.57142857142857129
40
-0.55714285714285705
40
-0.54285714285714282
40
-0.52857142857142858
40
-0.51428571428571435
40
-0.50000000000000011
40
-0.48571428571428582
40
-0.47142857142857153
40
-0.45714285714285724
40
-0.44285714285714295
40
-0.42857142857142866
40
-0.41428571428571437
40
-0.40000000000000008
40
-0.38571428571428579
40
-0.3714285714285715
40
-0.35714285714285721
40
-0.34285714285714292
40
-0.32857142857142863
40
-0.31428571428571433
40
-0.30000000000000004
40
-0.28571428571428575
40
-0.27142857142857146
40
-0.25714285714285717
40
-0.24285714285714291
40
-0.22857142857142862
40
-0.21428571428571433
40
-0.20000000000000004
40
-0.18571428571428575
40
-0.17142857142857146
40
-0.15714285714285717
40
-0.14285714285714288
40
-0.12857142857142859
40
-0.1142857142857143
40
-0.10000000000000001
40
-0.085714285714285715
40
-0.071428571428571425
40
-0.057142857142857141
40
-0.042857142857142858
40
-0.028571428571428571
40
-0.014285714285714285
40
0
40
0
40
0
40
0
40
0
40
0
41
1
41
1
41
1
41
1
41
1
41
1
41
1
41
1
41
1
41
1
41
1
41
1
41
1
41
1
41
1
41
1
41
1
41
1
41
1
41
1
41
1
41
1
41
1
41
1
41
1
41
1
41
1
41
1
41
1
41
1
41
1
41
1
41
1
41
1
41
1
41
1
41
1
41
1
41
1
41
1
41
1
41
1
41
1
41
1
41
1
41
1
41
1
41
1
41
1
41
1
41
1
41
1
41
1
41
1
41
1
41
1
41
1
41
1
41
1
41
1
41
1
41
1
41
1
41
1
41
1
41
1
41
1
41
1
41
1
41
1
41
1
41
1
41
1
41
1
41
1
10
-9.2357480031198218
20
-30.638227083544976
30
0
10
-9.2271836703746715
20
-30.629668461748317
30
0
10
-9.2100772775524273
20
-30.612538938888164
30
0
10
-9.1844845063252176
20
-30.586807816799976
30
0
10
-9.1504944917491411
20
-30.552425953919673
30
0
10
-9.1082301282522256
20
-30.509325649204012
30
0
10
-9.0661895362564735
20
-30.466102185544859
30
0
10
-9.0243736152796767
20
-30.422755382636563
30
0
10
-8.982783563721437
20
-30.379285103924719
30
0
10
-8.9414209019268061
20
-30.335691304085582
30
0
10
-8.9002873951814028
20
-30.291974005161613
30
0
10
-8.8593849675452017
20
-30.248133266757236
30
0
10
-8.8187156150678945
20
-30.204169158740406
30
0
10
-8.7782813234582022
20
-30.160081735097677
30
0
10
-8.7380839670672401
20
-30.115871004875281
30
0
10
-8.6981253450022233
20
-30.071536934302415
30
0
10
-8.6584072425402976
20
-30.027079455639605
30
0
10
-8.618931484090286
20
-29.982498474659884
30
0
10
-8.5796999833909062
20
-29.93779387923351
30
0
10
-8.5407148049505111
20
-29.892965549218239
30
0
10
-8.5019781411956448
20
-29.848013360471839
30
0
10
-8.4634922646757698
20
-29.802937187003185
30
0
10
-8.4252594837549672
20
-29.75773690533558
30
0
10
-8.3872821024419704
20
-29.712412397231738
30
0
10
-8.3495623578508269
20
-29.666963558183802
30
0
10
-8.3121024717070604
20
-29.62139028101932
30
0
10
-8.2749047432334226
20
-29.575692431154383
30
0
10
-8.2379716331444133
20
-29.529869823496963
30
0
10
-8.2013058356094568
20
-29.483922203729499
30
0
10
-8.1649103889637971
20
-29.437849217955559
30
0
10
-8.128788585763532
20
-29.39165044289598
30
0
10
-8.0929437948559215
20
-29.345325442427313
30
0
10
-8.0573792943448712
20
-29.29887382161505
30
0
10
-8.0220981319041247
20
-29.252295271607117
30
0
10
-7.9871028858761246
20
-29.205589647426102
30
0
10
-7.9523958869915665
20
-29.158756894771059
30
0
10
-7.9179796635200788
20
-29.111796903794769
30
0
10
-7.8838573497913433
20
-29.06470937494224
30
0
10
-7.8500330311453457
20
-29.01749370610144
30
0
10
-7.8165123085910651
20
-28.97014880716295
30
0
10
-7.7833018285301616
20
-28.92267325728789
30
0
10
-7.7504082907709204
20
-28.875065634949515
30
0
10
-7.717837534045958
20
-28.827324822587119
30
0
10
-7.6855937690212439
20
-28.779450262382376
30
0
10
-7.6536782858818082
20
-28.731442386640751
30
0
10
-7.6220906397139885
20
-28.683302225801917
30
0
10
-7.5908310467829168
20
-28.635030614695207
30
0
10
-7.5599025885179554
20
-28.586627462674112
30
0
10
-7.5293130808545587
20
-28.538091135198197
30
0
10
-7.4990781344766946
20
-28.489417439690207
30
0
10
-7.4692183190678163
20
-28.440600571315727
30
0
10
-7.4397537263257814
20
-28.391634923649974
30
0
10
-7.4106989341016485
20
-28.342516765893457
30
0
10
-7.3820587318559507
20
-28.293245667760431
30
0
10
-7.3538211316222561
20
-28.243826825277232
30
0
10
-7.3259649061696299
20
-28.194268565753184
30
0
10
-7.298472500533542
20
-28.144578069942344
30
0
10
-7.2713420744909785
20
-28.094757382195322
30
0
10
-7.2445979624584309
20
-28.044799947232097
30
0
10
-7.2183068626555125
20
-27.994685242414267
30
0
10
-7.1925587234335921
20
-27.944385147619503
30
0
10
-7.167437689519419
20
-27.893873624082083
30
0
10
-7.1429946762490317
20
-27.843135843790847
30
0
10
-7.1192230418149887
20
-27.792176308382519
30
0
10
-7.0960228977088473
20
-27.741030696294917
30
0
10
-7.0732554178226774
20
-27.689748155326829
30
0
10
-7.050814397865083
20
-27.638367923251295
30
0
10
-7.0286938819723268
20
-27.586897256103011
30
0
10
-7.0070529549422256
20
-27.535290252878962
30
0
10
-6.986294246115202
20
-27.483422270497723
30
0
10
-6.966954020469645
20
-27.431125028761624
30
0
10
-6.9530496376543125
20
-27.388807204745426
30
0
10
-6.9436942424578927
20
-27.356738365911038
30
0
10
-6.9379585114288602
20
-27.335204537260552
30
0
10
-6.9352159468283112
20
-27.324398971878573
30
0
0
LINE
5
275
100
AcDbEntity
8
0
100
AcDbLine
10
-6.9352159468283112
20
-27.32439897187858
30
0
11
-6.9329492594865076
21
-27.315468338752407
31
0
0
ARC
5
276
100
AcDbEntity
8
0
100
AcDbCircle
10
-6.4483156256175613
20
-27.438473383051331
30
0
40
0.49999999999999889
210
0
220
-0
230
1
100
AcDbArc
50
76.77490584501723
51
165.75846532598558
0
ARC
5
277
100
AcDbEntity
8
0
100
AcDbCircle
10
-1.3877787807814457e-15
20
-2.7755575615628914e-16
30
0
40
27.685999999999996
210
0
220
0
230
1
100
AcDbArc
50
256.77490584501732
51
259.22509415498268
0
ARC
5
278
100
AcDbEntity
8
0
100
AcDbCircle
10
-5.2694031057182826
20
-27.689058974790861
30
0
40
0.5
210
-0
220
0
230
1
100
AcDbArc
50
-9.7584653259859042
51
79.225094154982628
0
LINE
5
279
100
AcDbEntity
8
0
100
AcDbLine
10
-4.7766375920769457
20
-27.773806532665937
30
0
11
-4.7781992858902269
21
-27.782887016792522
31
0
0
SPLINE
5
280
100
AcDbEntity
8
0
100
AcDbSpline
70
4
71
5
72
81
73
75
74
0
42
0.000000001
43
0.0000000001
44
0.0000000001
40
0
40
0
40
0
40
0
40
0
40
0
40
0.014285714285714285
40
0.028571428571428571
40
0.042857142857142858
40
0.057142857142857141
40
0.071428571428571425
40
0.085714285714285715
40
0.10000000000000001
40
0.1142857142857143
40
0.12857142857142859
40
0.14285714285714288
40
0.15714285714285717
40
0.17142857142857146
40
0.18571428571428575
40
0.20000000000000004
40
0.21428571428571433
40
0.22857142857142862
40
0.24285714285714291
40
0.25714285714285717
40
0.27142857142857146
40
0.28571428571428575
40
0.30000000000000004
40
0.31428571428571433
40
0.32857142857142863
40
0.34285714285714292
40
0.35714285714285721
40
0.3714285714285715
40
0.38571428571428579
40
0.40000000000000008
40
0.41428571428571437
40
0.42857142857142866
40
0.44285714285714295
40
0.45714285714285724
40
0.47142857142857153
40
0.48571428571428582
40
0.50000000000000011
40
0.51428571428571435
40
0.52857142857142858
40
0.54285714285714282
40
0.55714285714285705
40
0.57142857142857129
40
0.58571428571428552
40
0.59999999999999976
40
0.61428571428571399
40
0.62857142857142823
40
0.64285714285714246
40
0.6571428571428567
40
0.67142857142857093
40
0.68571428571428517
40
0.6999999999999994
40
0.71428571428571364
40
0.72857142857142787
40
0.74285714285714211
40
0.75714285714285634
40
0.77142857142857058
40
0.78571428571428481
40
0.79999999999999905
40
0.81428571428571328
40
0.82857142857142752
40
0.84285714285714175
40
0.85714285714285599
40
0.87142857142857022
40
0.88571428571428445
40
0.89999999999999869
40
0.91428571428571292
40
0.92857142857142716
40
0.94285714285714139
40
0.95714285714285563
40
0.97142857142856986
40
0.9857142857142841
40
1
40
1
40
1
40
1
40
1
40
1
41
1
41
1
41
1
41
1
41
1
41
1
41
1
41
1
41
1
41
1
41
1
41
1
41
1
41
1
41
1
41
1
41
1
41
1
41
1
41
1
41
1
41
1
41
1
41
1
41
1
41
1
41
1
41
1
41
1
41
1
41
1
41
1
41
1
41
1
41
1
41
1
41
1
41
1
41
1
41
1
41
1
41
1
41
1
41
1
41
1
41
1
41
1
41
1
41
1
41
1
41
1
41
1
41
1
41
1
41
1
41
1
41
1
41
1
41
1
41
1
41
1
41
1
41
1
41
1
41
1
41
1
41
1
41
1
41
1
41
1
41
1
41
1
41
1
41
1
41
1
10
-4.7781992858902269
20
-27.782887016792522
30
0
10
-4.7800888478471055
20
-27.793873893483539
30
0
10
-4.7836075939971394
20
-27.815878956817173
30
0
10
-4.788104587065841
20
-27.848980480903045
30
0
10
-4.7926145109861915
20
-27.893295158800711
30
0
10
-4.7962175402437701
20
-27.948937444891367
30
0
10
-4.7983501251251814
20
-28.004764532135727
30
0
10
-4.7995706137882097
20
-28.060712033526876
30
0
10
-4.8002975233464342
20
-28.11673005207934
30
0
10
-4.8006948546141661
20
-28.172795814829321
30
0
10
-4.8007542153439422
20
-28.228905115527283
30
0
10
-4.8003626236476871
20
-28.285065305860861
30
0
10
-4.7993732653544185
20
-28.34128795274686
30
0
10
-4.7976803760429307
20
-28.397581090627035
30
0
10
-4.7952760571396125
20
-28.453943308518102
30
0
10
-4.7922128532138917
20
-28.510367443349416
30
0
10
-4.7885782252188447
20
-28.566843057973458
30
0
10
-4.7844657825464454
20
-28.623359256109747
30
0
10
-4.7799448043613024
20
-28.679907657511443
30
0
10
-4.7750401875316619
20
-28.736484353025936
30
0
10
-4.7697494194178338
20
-28.793088223532166
30
0
10
-4.7640535420859278
20
-28.849719849332228
30
0
10
-4.7579297764736861
20
-28.906380256943134
30
0
10
-4.7513650576145361
20
-28.963069575503887
30
0
10
-4.7443639359113607
20
-29.019786250050945
30
0
10
-4.7369412463466434
20
-29.076527759493061
30
0
10
-4.7291176239380919
20
-29.133291053524381
30
0
10
-4.7209142210654544
20
-29.190073068681002
30
0
10
-4.7123470040729556
20
-29.246871285635663
30
0
10
-4.7034237780004231
20
-29.303684018587987
30
0
10
-4.6941473947429069
20
-29.360510097017446
30
0
10
-4.6845177123127577
20
-29.41734867030657
30
0
10
-4.6745339051435373
20
-29.474198978064518
30
0
10
-4.6641969760434616
20
-29.531060100595102
30
0
10
-4.6535109985324405
20
-29.587930834858579
30
0
10
-4.6424817611110347
20
-29.644809826970917
30
0
10
-4.6311159625456817
20
-29.701695650503929
30
0
10
-4.619420252533657
20
-29.758586900123404
30
0
10
-4.6074001912387281
20
-29.815482293558247
30
0
10
-4.5950597557057025
20
-29.872380719207715
30
0
10
-4.5824019311272171
20
-29.929281175882167
30
0
10
-4.569429071871399
20
-29.986182735592138
30
0
10
-4.5561433292528726
20
-30.043084499950425
30
0
10
-4.5425471176722807
20
-30.099985552694136
30
0
10
-4.5286433469395941
20
-30.156884936373093
30
0
10
-4.5144351723860821
20
-30.213781678452946
30
0
10
-4.499925848994236
20
-30.270674807118656
30
0
10
-4.4851185568268779
20
-30.327563369851781
30
0
10
-4.4700162154840051
20
-30.384446454150517
30
0
10
-4.4546213896521349
20
-30.441323196528071
30
0
10
-4.4389364025895386
20
-30.498192765211691
30
0
10
-4.422963409480908
20
-30.55505434797174
30
0
10
-4.4067044835644777
20
-30.611907139057944
30
0
10
-4.3901617110527926
20
-30.668750324026735
30
0
10
-4.373337244854012
20
-30.725583073768451
30
0
10
-4.35623324398615
20
-30.782404562188436
30
0
10
-4.3388518357716412
20
-30.839213980056144
30
0
10
-4.321195073585006
20
-30.896010549040952
30
0
10
-4.3032648923147176
20
-30.952793539187049
30
0
10
-4.2850630858553718
20
-31.009562274542411
30
0
10
-4.2665913592129101
20
-31.066316099133715
30
0
10
-4.2478513708712935
20
-31.123054348706436
30
0
10
-4.2288447781325669
20
-31.179776322348886
30
0
10
-4.2095732896222451
20
-31.236481249429666
30
0
10
-4.1900386974171955
20
-31.293168272969076
30
0
10
-4.1702427965817011
20
-31.34983651727303
30
0
10
-4.1501873205886977
20
-31.40648514530448
30
0
10
-4.1298738731413689
20
-31.463113418920287
30
0
10
-4.1093038615788657
20
-31.519720761145727
30
0
10
-4.0884784362353699
20
-31.576306809296387
30
0
10
-4.067398492198202
20
-31.632871362222868
30
0
10
-4.0503314322676429
20
-31.678105741309231
30
0
10
-4.0374170625852654
20
-31.712021808868904
30
0
10
-4.0287567997514797
20
-31.734628203461035
30
0
10
-4.0244139975733395
20
-31.745930321478003
30
0
0
ARC
5
281
100
AcDbEntity
8
0
100
AcDbCircle
10
-1.3877787807814457e-15
20
-2.7755575615628914e-16
30
0
40
32.000000000000014
210
0
220
0
230
1
100
AcDbArc
50
262.77518342189609
51
265.22481657810363
0
SPLINE
5
282
100
AcDbEntity
8
0
100
AcDbSpline
70
4
71
5
72
81
73
75
74
0
42
0.000000001
43
0.0000000001
44
0.0000000001
40
-1
40
-1
40
-1
40
-1
40
-1
40
-1
40
-0.9857142857142841
40
-0.97142857142856986
40
-0.95714285714285563
40
-0.94285714285714139
40
-0.92857142857142716
40
-0.91428571428571292
40
-0.89999999999999869
40
-0.88571428571428445
40
-0.87142857142857022
40
-0.85714285714285599
40
-0.84285714285714175
40
-0.82857142857142752
40
-0.81428571428571328
40
-0.79999999999999905
40
-0.78571428571428481
40
-0.77142857142857058
40
-0.75714285714285634
40
-0.74285714285714211
40
-0.72857142857142787
40
-0.71428571428571364
40
-0.6999999999999994
40
-0.68571428571428517
40
-0.67142857142857093
40
-0.6571428571428567
40
-0.64285714285714246
40
-0.62857142857142823
40
-0.61428571428571399
40
-0.59999999999999976
40
-0.58571428571428552
40
-0.57142857142857129
40
-0.55714285714285705
40
-0.54285714285714282
40
-0.52857142857142858
40
-0.51428571428571435
40
-0.50000000000000011
40
-0.48571428571428582
40
-0.47142857142857153
40
-0.45714285714285724
40
-0.44285714285714295
40
-0.42857142857142866
40
-0.41428571428571437
40
-0.40000000000000008
40
-0.38571428571428579
40
-0.3714285714285715
40
-0.35714285714285721
40
-0.34285714285714292
40
-0.32857142857142863
40
-0.31428571428571433
40
-0.30000000000000004
40
-0.28571428571428575
40
-0.27142857142857146
40
-0.25714285714285717
40
-0.24285714285714291
40
-0.22857142857142862
40
-0.21428571428571433
40
-0.20000000000000004
40
-0.18571428571428575
40
-0.17142857142857146
40
-0.15714285714285717
40
-0.14285714285714288
40
-0.12857142857142859
40
-0.1142857142857143
40
-0.10000000000000001
40
-0.085714285714285715
40
-0.071428571428571425
40
-0.057142857142857141
40
-0.042857142857142858
40
-0.028571428571428571
40
-0.014285714285714285
40
0
40
0
40
0
40
0
40
0
40
0
41
1
41
1
41
1
41
1
41
1
41
1
41
1
41
1
41
1
41
1
41
1
41
1
41
1
41
1
41
1
41
1
41
1
41
1
41
1
41
1
41
1
41
1
41
1
41
1
41
1
41
1
41
1
41
1
41
1
41
1
41
1
41
1
41
1
41
1
41
1
41
1
41
1
41
1
41
1
41
1
41
1
41
1
41
1
41
1
41
1
41
1
41
1
41
1
41
1
41
1
41
1
41
1
41
1
41
1
41
1
41
1
41
1
41
1
41
1
41
1
41
1
41
1
41
1
41
1
41
1
41
1
41
1
41
1
41
1
41
1
41
1
41
1
41
1
41
1
41
1
10
-2.6638791536354081
20
-31.888928295802401
30
0
10
-2.6572814096376671
20
-31.878776075524648
30
0
10
-2.6441102606021305
20
-31.858464254781808
30
0
10
-2.6244265539301024
20
-31.827974383108494
30
0
10
-2.5983276939685105
20
-31.787276925021942
30
0
10
-2.5659479654456572
20
-31.736331210097433
30
0
10
-2.5338127246639566
20
-31.685311552259016
30
0
10
-2.5019228889722376
20
-31.634217962161394
30
0
10
-2.4702796589734497
20
-31.583050555395502
30
0
10
-2.4388845312127927
20
-31.531809603725542
30
0
10
-2.4077392278172773
20
-31.480495495735799
30
0
10
-2.3768456184090891
20
-31.429108689762767
30
0
10
-2.3462056408930887
20
-31.37764966914968
30
0
10
-2.3158212263610567
20
-31.326118899555418
30
0
10
-2.2856942063242212
20
-31.274516779528039
30
0
10
-2.2558263475963325
20
-31.222843650090152
30
0
10
-2.2262194105257826
20
-31.171099816162503
30
0
10
-2.1968751992445634
20
-31.119285564893183
30
0
10
-2.1677956089847008
20
-31.06740118449137
30
0
10
-2.1389826841190596
20
-31.015446986675663
30
0
10
-2.1104385949750295
20
-30.963423305847716
30
0
10
-2.0821655906364378
20
-30.911330491259243
30
0
10
-2.0541659546963253
20
-30.859168902067676
30
0
10
-2.0264419653982157
20
-30.80693890164985
30
0
10
-1.998995832698256
20
-30.754640852903815
30
0
10
-1.9718297520543471
20
-30.702275112921804
30
0
10
-1.9449460004272634
20
-30.649842028096188
30
0
10
-1.9183470232417943
20
-30.59734192899095
30
0
10
-1.8920355086688911
20
-30.544775126995297
30
0
10
-1.8660145022280872
20
-30.492141907651714
30
0
10
-1.8402873125299157
20
-30.439442541491587
30
0
10
-1.8148573254794043
20
-30.386677302344562
30
0
10
-1.7897278296575259
20
-30.333846485462509
30
0
10
-1.7649018703529995
20
-30.28095042238952
30
0
10
-1.7403819997077974
20
-30.227989507383821
30
0
10
-1.716170508810354
20
-30.174964171917232
30
0
10
-1.6922698935200664
20
-30.12187483419978
30
0
10
-1.6686832819549757
20
-30.068721852886231
30
0
10
-1.6454147953667198
20
-30.015505488412117
30
0
10
-1.6224701390152863
20
-29.962225839004752
30
0
10
-1.5998561094715225
20
-29.908882896738621
30
0
10
-1.5775795556888594
20
-29.855476664119188
30
0
10
-1.5556464211635346
20
-29.802007261947931
30
0
10
-1.5340609405253081
20
-29.748475020042857
30
0
10
-1.51282428588422
20
-29.694880629507068
30
0
10
-1.4919358078085798
20
-29.641225005759928
30
0
10
-1.4713955442668292
20
-29.587509010351766
30
0
10
-1.4512065281981767
20
-29.533733195282124
30
0
10
-1.4313767445811976
20
-29.479897586753548
30
0
10
-1.4119223346547904
20
-29.426001329450351
30
0
10
-1.3928646254984078
20
-29.372043022065348
30
0
10
-1.3742244353993593
20
-29.318021357986474
30
0
10
-1.3560167993245198
20
-29.263935718846778
30
0
10
-1.3382464915346404
20
-29.209786679548181
30
0
10
-1.3209007057145128
20
-29.155576830132965
30
0
10
-1.3039569471541546
20
-29.101309902549325
30
0
10
-1.2873965515444197
20
-29.046989270752235
30
0
10
-1.2712172938311872
20
-28.992616551814461
30
0
10
-1.2554443395849169
20
-28.938190393114262
30
0
10
-1.2401471964055466
20
-28.883704587821732
30
0
10
-1.2254196935593376
20
-28.829150331620511
30
0
10
-1.2113495507726835
20
-28.774519649426786
30
0
10
-1.1979896536762391
20
-28.719808623150634
30
0
10
-1.1853325696590955
20
-28.665020275147771
30
0
10
-1.1732731750520353
20
-28.61016873620791
30
0
10
-1.1616654590287279
20
-28.555273216561648
30
0
10
-1.1503973801246214
20
-28.500350015428758
30
0
10
-1.1394616040114447
20
-28.445404991988479
30
0
10
-1.1290232824576452
20
-28.390426323874117
30
0
10
-1.1195021611403533
20
-28.335375803101577
30
0
10
-1.1114577737819542
20
-28.280200322557654
30
0
10
-1.106655605434389
20
-28.235916360787026
30
0
10
-1.1041721345737188
20
-28.202603206989284
30
0
10
-1.1030388777537148
20
-28.180347418623889
30
0
10
-1.1026028481386374
20
-28.169207769527652
30
0
0
LINE
5
283
100
AcDbEntity
8
0
100
AcDbLine
10
-1.1026028481386374
20
-28.169207769527652
30
0
11
-1.1022424763869778
21
-28.160001021364476
31
0
0
ARC
5
284
100
AcDbEntity
8
0
100
AcDbCircle
10
-0.60262506344385636
20
-28.179557112078768
30
0
40
0.49999999999999845
210
0
220
-0
230
1
100
AcDbArc
50
88.774905845017216
51
177.75846532598672
0
ARC
5
285
100
AcDbEntity
8
0
100
AcDbCircle
10
-1.3877787807814457e-15
20
-2.7755575615628914e-16
30
0
40
27.685999999999996
210
0
220
0
230
1
100
AcDbArc
50
268.77490584501726
51
271.22509415498268
0
ARC
5
286
100
AcDbEntity
8
0
100
AcDbCircle
10
0.60262506344382238
20
-28.179557112078768
30
0
40
0.50000000000000022
210
0
220
-0
230
1
100
AcDbArc
50
2.2415346740132898
51
91.225094154981861
0
LINE
5
287
100
AcDbEntity
8
0
100
AcDbLine
10
1.1022424763869407
20
-28.160001021364476
30
0
11
1.1026028481386034
21
-28.169207769527659
31
0
0
SPLINE
5
288
100
AcDbEntity
8
0
100
AcDbSpline
70
4
71
5
72
81
73
75
74
0
42
0.000000001
43
0.0000000001
44
0.0000000001
40
0
40
0
40
0
40
0
40
0
40
0
40
0.014285714285714285
40
0.028571428571428571
40
0.042857142857142858
40
0.057142857142857141
40
0.071428571428571425
40
0.085714285714285715
40
0.10000000000000001
40
0.1142857142857143
40
0.12857142857142859
40
0.14285714285714288
40
0.15714285714285717
40
0.17142857142857146
40
0.18571428571428575
40
0.20000000000000004
40
0.21428571428571433
40
0.22857142857142862
40
0.24285714285714291
40
0.25714285714285717
40
0.27142857142857146
40
0.28571428571428575
40
0.30000000000000004
40
0.31428571428571433
40
0.32857142857142863
40
0.34285714285714292
40
0.35714285714285721
40
0.3714285714285715
40
0.38571428571428579
40
0.40000000000000008
40
0.41428571428571437
40
0.42857142857142866
40
0.44285714285714295
40
0.45714285714285724
40
0.47142857142857153
40
0.48571428571428582
40
0.50000000000000011
40
0.51428571428571435
40
0.52857142857142858
40
0.54285714285714282
40
0.55714285714285705
40
0.57142857142857129
40
0.58571428571428552
40
0.59999999999999976
40
0.61428571428571399
40
0.62857142857142823
40
0.64285714285714246
40
0.6571428571428567
40
0.67142857142857093
40
0.68571428571428517
40
0.6999999999999994
40
0.71428571428571364
40
0.72857142857142787
40
0.74285714285714211
40
0.75714285714285634
40
0.77142857142857058
40
0.78571428571428481
40
0.79999999999999905
40
0.81428571428571328
40
0.82857142857142752
40
0.84285714285714175
40
0.85714285714285599
40
0.87142857142857022
40
0.88571428571428445
40
0.89999999999999869
40
0.91428571428571292
40
0.92857142857142716
40
0.94285714285714139
40
0.95714285714285563
40
0.97142857142856986
40
0.9857142857142841
40
1
40
1
40
1
40
1
40
1
40
1
41
1
41
1
41
1
41
1
41
1
41
1
41
1
41
1
41
1
41
1
41
1
41
1
41
1
41
1
41
1
41
1
41
1
41
1
41
1
41
1
41
1
41
1
41
1
41
1
41
1
41
1
41
1
41
1
41
1
41
1
41
1
41
1
41
1
41
1
41
1
41
1
41
1
41
1
41
1
41
1
41
1
41
1
41
1
41
1
41
1
41
1
41
1
41
1
41
1
41
1
41
1
41
1
41
1
41
1
41
1
41
1
41
1
41
1
41
1
41
1
41
1
41
1
41
1
41
1
41
1
41
1
41
1
41
1
41
1
41
1
41
1
41
1
41
1
41
1
41
1
10
1.1026028481386034
20
-28.169207769527659
30
0
10
1.103038877753681
20
-28.180347418623882
30
0
10
1.1041721345736826
20
-28.202603206989288
30
0
10
1.1066556054343546
20
-28.235916360787026
30
0
10
1.1114577737819187
20
-28.280200322557661
30
0
10
1.1195021611403178
20
-28.335375803101588
30
0
10
1.129023282457609
20
-28.390426323874117
30
0
10
1.1394616040114109
20
-28.445404991988482
30
0
10
1.1503973801245864
20
-28.500350015428761
30
0
10
1.161665459028693
20
-28.555273216561652
30
0
10
1.1732731750520009
20
-28.610168736207914
30
0
10
1.1853325696590611
20
-28.665020275147775
30
0
10
1.1979896536762047
20
-28.719808623150634
30
0
10
1.2113495507726479
20
-28.774519649426793
30
0
10
1.225419693559302
20
-28.829150331620518
30
0
10
1.2401471964055117
20
-28.883704587821736
30
0
10
1.2554443395848824
20
-28.938190393114262
30
0
10
1.2712172938311532
20
-28.992616551814471
30
0
10
1.2873965515443837
20
-29.046989270752238
30
0
10
1.3039569471541195
20
-29.101309902549328
30
0
10
1.3209007057144784
20
-29.155576830132976
30
0
10
1.3382464915346048
20
-29.209786679548184
30
0
10
1.3560167993244838
20
-29.263935718846781
30
0
10
1.3742244353993249
20
-29.318021357986474
30
0
10
1.3928646254983716
20
-29.372043022065348
30
0
10
1.4119223346547527
20
-29.426001329450351
30
0
10
1.431376744581162
20
-29.479897586753552
30
0
10
1.4512065281981408
20
-29.533733195282128
30
0
10
1.4713955442667925
20
-29.58750901035177
30
0
10
1.4919358078085438
20
-29.641225005759928
30
0
10
1.5128242858841834
20
-29.694880629507075
30
0
10
1.5340609405252703
20
-29.748475020042868
30
0
10
1.5556464211634986
20
-29.802007261947935
30
0
10
1.5775795556888235
20
-29.855476664119195
30
0
10
1.5998561094714858
20
-29.908882896738625
30
0
10
1.6224701390152496
20
-29.962225839004756
30
0
10
1.6454147953666824
20
-30.015505488412121
30
0
10
1.6686832819549402
20
-30.068721852886235
30
0
10
1.6922698935200298
20
-30.121874834199772
30
0
10
1.7161705088103185
20
-30.174964171917242
30
0
10
1.7403819997077608
20
-30.227989507383821
30
0
10
1.7649018703529635
20
-30.280950422389523
30
0
10
1.7897278296574903
20
-30.333846485462516
30
0
10
1.8148573254793692
20
-30.386677302344566
30
0
10
1.840287312529878
20
-30.439442541491594
30
0
10
1.8660145022280501
20
-30.492141907651721
30
0
10
1.8920355086688556
20
-30.544775126995305
30
0
10
1.9183470232417559
20
-30.59734192899095
30
0
10
1.9449460004272274
20
-30.649842028096192
30
0
10
1.97182975205431
20
-30.702275112921807
30
0
10
1.9989958326982182
20
-30.754640852903815
30
0
10
2.0264419653981784
20
-30.80693890164985
30
0
10
2.0541659546962858
20
-30.859168902067672
30
0
10
2.0821655906364005
20
-30.91133049125925
30
0
10
2.11043859497499
20
-30.963423305847719
30
0
10
2.1389826841190205
20
-31.015446986675663
30
0
10
2.1677956089846644
20
-31.067401184491374
30
0
10
2.1968751992445261
20
-31.119285564893183
30
0
10
2.2262194105257431
20
-31.171099816162506
30
0
10
2.2558263475962952
20
-31.222843650090155
30
0
10
2.285694206324183
20
-31.274516779528049
30
0
10
2.3158212263610194
20
-31.326118899555418
30
0
10
2.3462056408930501
20
-31.377649669149683
30
0
10
2.3768456184090518
20
-31.429108689762771
30
0
10
2.4077392278172383
20
-31.480495495735799
30
0
10
2.4388845312127545
20
-31.531809603725542
30
0
10
2.4702796589734111
20
-31.583050555395509
30
0
10
2.5019228889721989
20
-31.634217962161397
30
0
10
2.5338127246639179
20
-31.685311552259023
30
0
10
2.5659479654456199
20
-31.736331210097436
30
0
10
2.5983276939684741
20
-31.787276925021942
30
0
10
2.6244265539300651
20
-31.827974383108497
30
0
10
2.6441102606020932
20
-31.858464254781815
30
0
10
2.6572814096376289
20
-31.878776075524652
30
0
10
2.6638791536353699
20
-31.888928295802408
30
0
0
ARC
5
289
100
AcDbEntity
8
0
100
AcDbCircle
10
-1.3877787807814457e-15
20
-2.7755575615628914e-16
30
0
40
32.000000000000014
210
-0
220
0
230
1
100
AcDbArc
50
274.77518342189609
51
277.22481657810368
0
SPLINE
5
290
100
AcDbEntity
8
0
100
AcDbSpline
70
4
71
5
72
81
73
75
74
0
42
0.000000001
43
0.0000000001
44
0.0000000001
40
-1
40
-1
40
-1
40
-1
40
-1
40
-1
40
-0.9857142857142841
40
-0.97142857142856986
40
-0.95714285714285563
40
-0.94285714285714139
40
-0.92857142857142716
40
-0.91428571428571292
40
-0.89999999999999869
40
-0.88571428571428445
40
-0.87142857142857022
40
-0.85714285714285599
40
-0.84285714285714175
40
-0.82857142857142752
40
-0.81428571428571328
40
-0.79999999999999905
40
-0.78571428571428481
40
-0.77142857142857058
40
-0.75714285714285634
40
-0.74285714285714211
40
-0.72857142857142787
40
-0.71428571428571364
40
-0.6999999999999994
40
-0.68571428571428517
40
-0.67142857142857093
40
-0.6571428571428567
40
-0.64285714285714246
40
-0.62857142857142823
40
-0.61428571428571399
40
-0.59999999999999976
40
-0.58571428571428552
40
-0.57142857142857129
40
-0.55714285714285705
40
-0.54285714285714282
40
-0.52857142857142858
40
-0.51428571428571435
40
-0.50000000000000011
40
-0.48571428571428582
40
-0.47142857142857153
40
-0.45714285714285724
40
-0.44285714285714295
40
-0.42857142857142866
40
-0.41428571428571437
40
-0.40000000000000008
40
-0.38571428571428579
40
-0.3714285714285715
40
-0.35714285714285721
40
-0.34285714285714292
40
-0.32857142857142863
40
-0.31428571428571433
40
-0.30000000000000004
40
-0.28571428571428575
40
-0.27142857142857146
40
-0.25714285714285717
40
-0.24285714285714291
40
-0.22857142857142862
40
-0.21428571428571433
40
-0.20000000000000004
40
-0.18571428571428575
40
-0.17142857142857146
40
-0.15714285714285717
40
-0.14285714285714288
40
-0.12857142857142859
40
-0.1142857142857143
40
-0.10000000000000001
40
-0.085714285714285715
40
-0.071428571428571425
40
-0.057142857142857141
40
-0.042857142857142858
40
-0.028571428571428571
40
-0.014285714285714285
40
0
40
0
40
0
40
0
40
0
40
0
41
1
41
1
41
1
41
1
41
1
41
1
41
1
41
1
41
1
41
1
41
1
41
1
41
1
41
1
41
1
41
1
41
1
41
1
41
1
41
1
41
1
41
1
41
1
41
1
41
1
41
1
41
1
41
1
41
1
41
1
41
1
41
1
41
1
41
1
41
1
41
1
41
1
41
1
41
1
41
1
41
1
41
1
41
1
41
1
41
1
41
1
41
1
41
1
41
1
41
1
41
1
41
1
41
1
41
1
41
1
41
1
41
1
41
1
41
1
41
1
41
1
41
1
41
1
41
1
41
1
41
1
41
1
41
1
41
1
41
1
41
1
41
1
41
1
41
1
41
1
10
4.0244139975733004
20
-31.74593032147801
30
0
10
4.0287567997514424
20
-31.734628203461043
30
0
10
4.0374170625852281
20
-31.712021808868908
30
0
10
4.0503314322676065
20
-31.678105741309235
30
0
10
4.0673984921981639
20
-31.632871362222875
30
0
10
4.0884784362353308
20
-31.576306809296391
30
0
10
4.1093038615788267
20
-31.519720761145731
30
0
10
4.1298738731413316
20
-31.463113418920301
30
0
10
4.1501873205886586
20
-31.406485145304487
30
0
10
4.1702427965816593
20
-31.349836517273033
30
0
10
4.1900386974171582
20
-31.29316827296908
30
0
10
4.2095732896222069
20
-31.236481249429666
30
0
10
4.2288447781325296
20
-31.1797763223489
30
0
10
4.2478513708712553
20
-31.123054348706447
30
0
10
4.266591359212871
20
-31.066316099133722
30
0
10
4.2850630858553345
20
-31.009562274542422
30
0
10
4.3032648923146812
20
-30.952793539187056
30
0
10
4.3211950735849687
20
-30.896010549040952
30
0
10
4.338851835771603
20
-30.839213980056147
30
0
10
4.3562332439861109
20
-30.782404562188447
30
0
10
4.3733372448539738
20
-30.725583073768455
30
0
10
4.390161711052758
20
-30.668750324026739
30
0
10
4.4067044835644396
20
-30.611907139057951
30
0
10
4.4229634094808725
20
-30.555054347971748
30
0
10
4.4389364025895004
20
-30.498192765211698
30
0
10
4.4546213896520994
20
-30.441323196528081
30
0
10
4.4700162154839695
20
-30.384446454150517
30
0
10
4.4851185568268406
20
-30.327563369851788
30
0
10
4.4999258489941987
20
-30.27067480711866
30
0
10
4.514435172386043
20
-30.213781678452953
30
0
10
4.5286433469395586
20
-30.156884936373096
30
0
10
4.5425471176722443
20
-30.09998555269414
30
0
10
4.5561433292528344
20
-30.043084499950435
30
0
10
4.5694290718713653
20
-29.986182735592148
30
0
10
4.5824019311271798
20
-29.929281175882174
30
0
10
4.595059755705666
20
-29.872380719207726
30
0
10
4.6074001912386908
20
-29.815482293558254
30
0
10
4.6194202525336205
20
-29.758586900123404
30
0
10
4.6311159625456453
20
-29.70169565050394
30
0
10
4.6424817611109983
20
-29.644809826970931
30
0
10
4.6535109985324077
20
-29.587930834858586
30
0
10
4.6641969760434252
20
-29.531060100595106
30
0
10
4.6745339051435018
20
-29.474198978064528
30
0
10
4.6845177123127231
20
-29.417348670306573
30
0
10
4.6941473947428705
20
-29.360510097017457
30
0
10
4.7034237780003885
20
-29.303684018588001
30
0
10
4.712347004072921
20
-29.24687128563567
30
0
10
4.7209142210654189
20
-29.190073068681013
30
0
10
4.7291176239380563
20
-29.133291053524385
30
0
10
4.7369412463466078
20
-29.076527759493072
30
0
10
4.7443639359113252
20
-29.019786250050949
30
0
10
4.7513650576145032
20
-28.963069575503898
30
0
10
4.7579297764736497
20
-28.906380256943145
30
0
10
4.7640535420858949
20
-28.849719849332235
30
0
10
4.7697494194177992
20
-28.793088223532173
30
0
10
4.7750401875316255
20
-28.736484353025947
30
0
10
4.7799448043612704
20
-28.679907657511446
30
0
10
4.7844657825464108
20
-28.623359256109758
30
0
10
4.7885782252188092
20
-28.566843057973465
30
0
10
4.7922128532138553
20
-28.510367443349423
30
0
10
4.7952760571395761
20
-28.453943308518106
30
0
10
4.7976803760428988
20
-28.397581090627042
30
0
10
4.7993732653543839
20
-28.341287952746864
30
0
10
4.8003626236476524
20
-28.285065305860869
30
0
10
4.8007542153439067
20
-28.228905115527287
30
0
10
4.8006948546141324
20
-28.172795814829325
30
0
10
4.8002975233463996
20
-28.116730052079355
30
0
10
4.7995706137881751
20
-28.060712033526883
30
0
10
4.7983501251251486
20
-28.004764532135731
30
0
10
4.7962175402437364
20
-27.948937444891371
30
0
10
4.7926145109861578
20
-27.893295158800719
30
0
10
4.7881045870658063
20
-27.848980480903055
30
0
10
4.7836075939971048
20
-27.81587895681718
30
0
10
4.7800888478470736
20
-27.793873893483546
30
0
10
4.7781992858901958
20
-27.782887016792529
30
0
0
LINE
5
291
100
AcDbEntity
8
0
100
AcDbLine
10
4.7781992858901958
20
-27.782887016792529
30
0
11
4.7766375920769146
21
-27.77380653266594
31
0
0
ARC
5
292
100
AcDbEntity
8
0
100
AcDbCircle
10
5.2694031057182542
20
-27.689058974790864
30
0
40
0.49999999999999833
210
0
220
0
230
1
100
AcDbArc
50
100.77490584501713
51
189.7584653259859
0
ARC
5
293
100
AcDbEntity
8
0
100
AcDbCircle
10
-1.3877787807814457e-15
20
-2.7755575615628914e-16
30
0
40
27.685999999999996
210
-0
220
0
230
1
100
AcDbArc
50
280.7749058450172
51
283.22509415498268
0
ARC
5
294
100
AcDbEntity
8
0
100
AcDbCircle
10
6.4483156256175524
20
-27.438473383051331
30
0
40
0.49999999999999967
210
0
220
-0
230
1
100
AcDbArc
50
14.241534674014037
51
103.22509415498189
0
LINE
5
295
100
AcDbEntity
8
0
100
AcDbLine
10
6.9329492594864996
20
-27.31546833875241
30
0
11
6.9352159468282988
21
-27.324398971878576
31
0
0
SPLINE
5
296
100
AcDbEntity
8
0
100
AcDbSpline
70
4
71
5
72
81
73
75
74
0
42
0.000000001
43
0.0000000001
44
0.0000000001
40
0
40
0
40
0
40
0
40
0
40
0
40
0.014285714285714285
40
0.028571428571428571
40
0.042857142857142858
40
0.057142857142857141
40
0.071428571428571425
40
0.085714285714285715
40
0.10000000000000001
40
0.1142857142857143
40
0.12857142857142859
40
0.14285714285714288
40
0.15714285714285717
40
0.17142857142857146
40
0.18571428571428575
40
0.20000000000000004
40
0.21428571428571433
40
0.22857142857142862
40
0.24285714285714291
40
0.25714285714285717
40
0.27142857142857146
40
0.28571428571428575
40
0.30000000000000004
40
0.31428571428571433
40
0.32857142857142863
40
0.34285714285714292
40
0.35714285714285721
40
0.3714285714285715
40
0.38571428571428579
40
0.40000000000000008
40
0.41428571428571437
40
0.42857142857142866
40
0.44285714285714295
40
0.45714285714285724
40
0.47142857142857153
40
0.48571428571428582
40
0.50000000000000011
40
0.51428571428571435
40
0.52857142857142858
40
0.54285714285714282
40
0.55714285714285705
40
0.57142857142857129
40
0.58571428571428552
40
0.59999999999999976
40
0.61428571428571399
40
0.62857142857142823
40
0.64285714285714246
40
0.6571428571428567
40
0.67142857142857093
40
0.68571428571428517
40
0.6999999999999994
40
0.71428571428571364
40
0.72857142857142787
40
0.74285714285714211
40
0.75714285714285634
40
0.77142857142857058
40
0.78571428571428481
40
0.79999999999999905
40
0.81428571428571328
40
0.82857142857142752
40
0.84285714285714175
40
0.85714285714285599
40
0.87142857142857022
40
0.88571428571428445
40
0.89999999999999869
40
0.91428571428571292
40
0.92857142857142716
40
0.94285714285714139
40
0.95714285714285563
40
0.97142857142856986
40
0.9857142857142841
40
1
40
1
40
1
40
1
40
1
40
1
41
1
41
1
41
1
41
1
41
1
41
1
41
1
41
1
41
1
41
1
41
1
41
1
41
1
41
1
41
1
41
1
41
1
41
1
41
1
41
1
41
1
41
1
41
1
41
1
41
1
41
1
41
1
41
1
41
1
41
1
41
1
41
1
41
1
41
1
41
1
41
1
41
1
41
1
41
1
41
1
41
1
41
1
41
1
41
1
41
1
41
1
41
1
41
1
41
1
41
1
41
1
41
1
41
1
41
1
41
1
41
1
41
1
41
1
41
1
41
1
41
1
41
1
41
1
41
1
41
1
41
1
41
1
41
1
41
1
41
1
41
1
41
1
41
1
41
1
41
1
10
6.9352159468282988
20
-27.324398971878576
30
0
10
6.9379585114288496
20
-27.335204537260548
30
0
10
6.9436942424578856
20
-27.356738365911035
30
0
10
6.9530496376543027
20
-27.388807204745433
30
0
10
6.9669540204696334
20
-27.43112502876162
30
0
10
6.9862942461151949
20
-27.483422270497719
30
0
10
7.007052954942214
20
-27.535290252878962
30
0
10
7.0286938819723179
20
-27.586897256103015
30
0
10
7.0508143978650732
20
-27.638367923251291
30
0
10
7.0732554178226668
20
-27.689748155326829
30
0
10
7.0960228977088384
20
-27.741030696294914
30
0
10
7.1192230418149807
20
-27.792176308382516
30
0
10
7.1429946762490228
20
-27.843135843790851
30
0
10
7.1674376895194092
20
-27.893873624082079
30
0
10
7.1925587234335815
20
-27.944385147619503
30
0
10
7.2183068626555027
20
-27.994685242414263
30
0
10
7.244597962458422
20
-28.044799947232093
30
0
10
7.2713420744909696
20
-28.094757382195322
30
0
10
7.2984725005335331
20
-28.144578069942344
30
0
10
7.325964906169621
20
-28.194268565753184
30
0
10
7.3538211316222473
20
-28.243826825277225
30
0
10
7.3820587318559401
20
-28.293245667760431
30
0
10
7.4106989341016405
20
-28.34251676589345
30
0
10
7.4397537263257716
20
-28.391634923649974
30
0
10
7.4692183190678065
20
-28.44060057131572
30
0
10
7.499078134476683
20
-28.4894174396902
30
0
10
7.5293130808545481
20
-28.538091135198194
30
0
10
7.5599025885179465
20
-28.586627462674112
30
0
10
7.5908310467829061
20
-28.635030614695204
30
0
10
7.6220906397139814
20
-28.683302225801917
30
0
10
7.6536782858817993
20
-28.731442386640751
30
0
10
7.6855937690212333
20
-28.779450262382376
30
0
10
7.71783753404595
20
-28.827324822587116
30
0
10
7.7504082907709098
20
-28.875065634949507
30
0
10
7.7833018285301527
20
-28.922673257287897
30
0
10
7.8165123085910526
20
-28.970148807162943
30
0
10
7.8500330311453324
20
-29.01749370610144
30
0
10
7.88385734979133
20
-29.064709374942236
30
0
10
7.9179796635200663
20
-29.111796903794769
30
0
10
7.952395886991555
20
-29.158756894771059
30
0
10
7.9871028858761139
20
-29.205589647426095
30
0
10
8.0220981319041123
20
-29.25229527160711
30
0
10
8.0573792943448588
20
-29.298873821615047
30
0
10
8.0929437948559109
20
-29.345325442427303
30
0
10
8.1287885857635196
20
-29.391650442895969
30
0
10
8.1649103889637864
20
-29.437849217955552
30
0
10
8.2013058356094444
20
-29.483922203729488
30
0
10
8.2379716331444008
20
-29.529869823496959
30
0
10
8.2749047432334102
20
-29.57569243115438
30
0
10
8.3121024717070497
20
-29.621390281019316
30
0
10
8.3495623578508145
20
-29.666963558183802
30
0
10
8.3872821024419579
20
-29.712412397231738
30
0
10
8.4252594837549548
20
-29.757736905335577
30
0
10
8.4634922646757573
20
-29.802937187003185
30
0
10
8.5019781411956323
20
-29.848013360471835
30
0
10
8.5407148049504968
20
-29.892965549218239
30
0
10
8.5796999833908938
20
-29.937793879233507
30
0
10
8.6189314840902735
20
-29.982498474659884
30
0
10
8.6584072425402852
20
-30.027079455639594
30
0
10
8.6981253450022109
20
-30.071536934302419
30
0
10
8.7380839670672277
20
-30.115871004875281
30
0
10
8.7782813234581898
20
-30.160081735097677
30
0
10
8.818715615067882
20
-30.204169158740406
30
0
10
8.8593849675451892
20
-30.248133266757236
30
0
10
8.9002873951813921
20
-30.291974005161613
30
0
10
8.9414209019267936
20
-30.335691304085582
30
0
10
8.9827835637214246
20
-30.379285103924719
30
0
10
9.0243736152796661
20
-30.422755382636559
30
0
10
9.0661895362564611
20
-30.466102185544859
30
0
10
9.1082301282522149
20
-30.509325649204008
30
0
10
9.1504944917491287
20
-30.55242595391967
30
0
10
9.1844845063252052
20
-30.586807816799968
30
0
10
9.2100772775524149
20
-30.612538938888164
30
0
10
9.2271836703746626
20
-30.629668461748313
30
0
10
9.2357480031198094
20
-30.638227083544972
30
0
0
ARC
5
297
100
AcDbEntity
8
0
100
AcDbCircle
10
-1.3877787807814457e-15
20
-2.7755575615628914e-16
30
0
40
32.000000000000007
210
-0
220
0
230
1
100
AcDbArc
50
286.77518342189614
51
289.22481657810363
0
SPLINE
5
298
100
AcDbEntity
8
0
100
AcDbSpline
70
4
71
5
72
81
73
75
74
0
42
0.000000001
43
0.0000000001
44
0.0000000001
40
-1
40
-1
40
-1
40
-1
40
-1
40
-1
40
-0.9857142857142841
40
-0.97142857142856986
40
-0.95714285714285563
40
-0.94285714285714139
40
-0.92857142857142716
40
-0.91428571428571292
40
-0.89999999999999869
40
-0.88571428571428445
40
-0.87142857142857022
40
-0.85714285714285599
40
-0.84285714285714175
40
-0.82857142857142752
40
-0.81428571428571328
40
-0.79999999999999905
40
-0.78571428571428481
40
-0.77142857142857058
40
-0.75714285714285634
40
-0.74285714285714211
40
-0.72857142857142787
40
-0.71428571428571364
40
-0.6999999999999994
40
-0.68571428571428517
40
-0.67142857142857093
40
-0.6571428571428567
40
-0.64285714285714246
40
-0.62857142857142823
40
-0.61428571428571399
40
-0.59999999999999976
40
-0.58571428571428552
40
-0.57142857142857129
40
-0.55714285714285705
40
-0.54285714285714282
40
-0.52857142857142858
40
-0.51428571428571435
40
-0.50000000000000011
40
-0.48571428571428582
40
-0.47142857142857153
40
-0.45714285714285724
40
-0.44285714285714295
40
-0.42857142857142866
40
-0.41428571428571437
40
-0.40000000000000008
40
-0.38571428571428579
40
-0.3714285714285715
40
-0.35714285714285721
40
-0.34285714285714292
40
-0.32857142857142863
40
-0.31428571428571433
40
-0.30000000000000004
40
-0.28571428571428575
40
-0.27142857142857146
40
-0.25714285714285717
40
-0.24285714285714291
40
-0.22857142857142862
40
-0.21428571428571433
40
-0.20000000000000004
40
-0.18571428571428575
40
-0.17142857142857146
40
-0.15714285714285717
40
-0.14285714285714288
40
-0.12857142857142859
40
-0.1142857142857143
40
-0.10000000000000001
40
-0.085714285714285715
40
-0.071428571428571425
40
-0.057142857142857141
40
-0.042857142857142858
40
-0.028571428571428571
40
-0.014285714285714285
40
0
40
0
40
0
40
0
40
0
40
0
41
1
41
1
41
1
41
1
41
1
41
1
41
1
41
1
41
1
41
1
41
1
41
1
41
1
41
1
41
1
41
1
41
1
41
1
41
1
41
1
41
1
41
1
41
1
41
1
41
1
41
1
41
1
41
1
41
1
41
1
41
1
41
1
41
1
41
1
41
1
41
1
41
1
41
1
41
1
41
1
41
1
41
1
41
1
41
1
41
1
41
1
41
1
41
1
41
1
41
1
41
1
41
1
41
1
41
1
41
1
41
1
41
1
41
1
41
1
41
1
41
1
41
1
41
1
41
1
41
1
41
1
41
1
41
1
41
1
41
1
41
1
41
1
41
1
41
1
41
1
10
10.53682094580714
20
-30.215482858230153
30
0
10
10.538719004871421
20
-30.203524799264901
30
0
10
10.54248988646107
20
-30.179611838744673
30
0
10
10.548070499228658
20
-30.143751870198336
30
0
10
10.555359846712374
20
-30.095957529536879
30
0
10
10.564218711556638
20
-30.03624628099816
30
0
10
10.572824150442939
20
-29.976566924369408
30
0
10
10.581175329665079
20
-29.916919842503582
30
0
10
10.589271199432762
20
-29.85730562932747
30
0
10
10.597110503120366
20
-29.797725141809785
30
0
10
10.604691825538064
20
-29.738179435392102
30
0
10
10.612013645123239
20
-29.678669689229498
30
0
10
10.619074388105119
20
-29.619197133094897
30
0
10
10.625872479744103
20
-29.559762977834655
30
0
10
10.632406408975532
20
-29.500368332483255
30
0
10
10.638674700441115
20
-29.441014227208242
30
0
10
10.644675870005027
20
-29.381701656566808
30
0
10
10.650408386304321
20
-29.322431616688331
30
0
10
10.655870635183625
20
-29.26320514172534
30
0
10
10.66106087580277
20
-29.204023347968288
30
0
10
10.665977261482439
20
-29.14488742365997
30
0
10
10.670617879635781
20
-29.085798602642505
30
0
10
10.674980790179243
20
-29.026758141843501
30
0
10
10.679064059632468
20
-28.96776729986934
30
0
10
10.682865816703995
20
-28.908827307114038
30
0
10
10.686384200985728
20
-28.849939382770749
30
0
10
10.689617273260962
20
-28.791104769408037
30
0
10
10.692562933975475
20
-28.732324763654987
30
0
10
10.695218854016307
20
-28.673600743357444
30
0
10
10.697582367303511
20
-28.614934208095818
30
0
10
10.699650561305994
20
-28.556326750745981
30
0
10
10.701420454222141
20
-28.497779998635405
30
0
10
10.702889161873511
20
-28.439295559076484
30
0
10
10.704054037101546
20
-28.380874973580315
30
0
10
10.704912908767813
20
-28.322519640369382
30
0
10
10.70546385935428
20
-28.264230885482419
30
0
10
10.705704778881271
20
-28.206010106130755
30
0
10
10.705632955548801
20
-28.147858902282099
30
0
10
10.705244730334819
20
-28.089779188120154
30
0
10
10.704534931177633
20
-28.031773373918352
30
0
10
10.703497345877222
20
-27.973844216850789
30
0
10
10.702125718622353
20
-27.915994504926648
30
0
10
10.700414668893419
20
-27.858226765941264
30
0
10
10.698360462312715
20
-27.800543023577493
30
0
10
10.695962309201384
20
-27.742944385929526
30
0
10
10.693221175179399
20
-27.68543142512689
30
0
10
10.690137375984957
20
-27.62800494367815
30
0
10
10.686708365408657
20
-27.570666679467486
30
0
10
10.682926859467127
20
-27.513419904215489
30
0
10
10.678777764516663
20
-27.456270401785726
30
0
10
10.674241027337722
20
-27.399225566525093
30
0
10
10.669297098031487
20
-27.342292672344357
30
0
10
10.663931989959783
20
-27.285477269609174
30
0
10
10.658141575452049
20
-27.228781825385351
30
0
10
10.651938607124476
20
-27.172203496996602
30
0
10
10.645345152837276
20
-27.115736544324417
30
0
10
10.638379635596408
20
-27.059376458171599
30
0
10
10.631044745812709
20
-27.003123810796581
30
0
10
10.623316943432762
20
-26.946987602277559
30
0
10
10.61513020555922
20
-26.890990433681146
30
0
10
10.606395233854013
20
-26.835162425664898
30
0
10
10.597028648600727
20
-26.779531971454261
30
0
10
10.58698054274096
20
-26.724117002219863
30
0
10
10.576258935605471
20
-26.66891725590585
30
0
10
10.564965609954729
20
-26.613902883982629
30
0
10
10.553241766820605
20
-26.55903204791576
30
0
10
10.541196390664037
20
-26.504274066414247
30
0
10
10.528838564870206
20
-26.449631308964609
30
0
10
10.516012607201478
20
-26.395160148573357
30
0
10
10.502319520313961
20
-26.340996406457833
30
0
10
10.487226544108214
20
-26.287319149723931
30
0
10
10.473601633236285
20
-26.24491051976878
30
0
10
10.462320716414279
20
-26.21346732083606
30
0
10
10.454303753385785
20
-26.192674709393877
30
0
10
10.450171182781594
20
-26.182320784340366
30
0
0
LINE
5
299
100
AcDbEntity
8
0
100
AcDbLine
10
10.450171182781592
20
-26.182320784340366
30
0
11
10.446755676916851
21
-26.1737634249797
31
0
0
ARC
5
300
100
AcDbEntity
8
0
100
AcDbCircle
10
10.911133073758998
20
-25.988416093458294
30
0
40
0.49999999999999967
210
0
220
0
230
1
100
AcDbArc
50
112.7749058450177
51
201.75846532598604
0
ARC
5
301
100
AcDbEntity
8
0
100
AcDbCircle
10
-1.3877787807814457e-15
20
-2.7755575615628914e-16
30
0
40
27.685999999999993
210
-0
220
0
230
1
100
AcDbArc
50
292.77490584501726
51
295.22509415498268
0
ARC
5
302
100
AcDbEntity
8
0
100
AcDbCircle
10
12.012183852500389
20
-25.498196702781328
30
0
40
0.49999999999999983
210
0
220
-0
230
1
100
AcDbArc
50
26.241534674013948
51
115.2250941549823
0
LINE
5
303
100
AcDbEntity
8
0
100
AcDbLine
10
12.460652891964903
20
-25.277118615577336
30
0
11
12.464726829783235
21
-25.285382822144943
31
0
0
SPLINE
5
304
100
AcDbEntity
8
0
100
AcDbSpline
70
4
71
5
72
81
73
75
74
0
42
0.000000001
43
0.0000000001
44
0.0000000001
40
0
40
0
40
0
40
0
40
0
40
0
40
0.014285714285714285
40
0.028571428571428571
40
0.042857142857142858
40
0.057142857142857141
40
0.071428571428571425
40
0.085714285714285715
40
0.10000000000000001
40
0.1142857142857143
40
0.12857142857142859
40
0.14285714285714288
40
0.15714285714285717
40
0.17142857142857146
40
0.18571428571428575
40
0.20000000000000004
40
0.21428571428571433
40
0.22857142857142862
40
0.24285714285714291
40
0.25714285714285717
40
0.27142857142857146
40
0.28571428571428575
40
0.30000000000000004
40
0.31428571428571433
40
0.32857142857142863
40
0.34285714285714292
40
0.35714285714285721
40
0.3714285714285715
40
0.38571428571428579
40
0.40000000000000008
40
0.41428571428571437
40
0.42857142857142866
40
0.44285714285714295
40
0.45714285714285724
40
0.47142857142857153
40
0.48571428571428582
40
0.50000000000000011
40
0.51428571428571435
40
0.52857142857142858
40
0.54285714285714282
40
0.55714285714285705
40
0.57142857142857129
40
0.58571428571428552
40
0.59999999999999976
40
0.61428571428571399
40
0.62857142857142823
40
0.64285714285714246
40
0.6571428571428567
40
0.67142857142857093
40
0.68571428571428517
40
0.6999999999999994
40
0.71428571428571364
40
0.72857142857142787
40
0.74285714285714211
40
0.75714285714285634
40
0.77142857142857058
40
0.78571428571428481
40
0.79999999999999905
40
0.81428571428571328
40
0.82857142857142752
40
0.84285714285714175
40
0.85714285714285599
40
0.87142857142857022
40
0.88571428571428445
40
0.89999999999999869
40
0.91428571428571292
40
0.92857142857142716
40
0.94285714285714139
40
0.95714285714285563
40
0.97142857142856986
40
0.9857142857142841
40
1
40
1
40
1
40
1
40
1
40
1
41
1
41
1
41
1
41
1
41
1
41
1
41
1
41
1
41
1
41
1
41
1
41
1
41
1
41
1
41
1
41
1
41
1
41
1
41
1
41
1
41
1
41
1
41
1
41
1
41
1
41
1
41
1
41
1
41
1
41
1
41
1
41
1
41
1
41
1
41
1
41
1
41
1
41
1
41
1
41
1
41
1
41
1
41
1
41
1
41
1
41
1
41
1
41
1
41
1
41
1
41
1
41
1
41
1
41
1
41
1
41
1
41
1
41
1
41
1
41
1
41
1
41
1
41
1
41
1
41
1
41
1
41
1
41
1
41
1
41
1
41
1
41
1
41
1
41
1
41
1
10
12.464726829783235
20
-25.285382822144943
30
0
10
12.469656066135927
20
-25.295382048754618
30
0
10
12.479743592404935
20
-25.315252786047377
30
0
10
12.495562036274848
20
-25.344675747778002
30
0
10
12.517960945308285
20
-25.383177942066808
30
0
10
12.5477517485756
20
-25.430311304581203
30
0
10
12.57884078972527
20
-25.476729868850896
30
0
10
12.61073850987577
20
-25.522709733505874
30
0
10
12.643076992857578
20
-25.568456529224107
30
0
10
12.675710173612554
20
-25.614048229550885
30
0
10
12.708642369240073
20
-25.659476498719556
30
0
10
12.741969305221215
20
-25.704680875282776
30
0
10
12.77581655557843
20
-25.749584421868267
30
0
10
12.810274408052253
20
-25.794131471708969
30
0
10
12.845348423367803
20
-25.838316240630324
30
0
10
12.880991881728153
20
-25.882163818509461
30
0
10
12.917127890934539
20
-25.925717169775019
30
0
10
12.953674314725054
20
-25.969022501371004
30
0
10
12.990570179292661
20
-26.012113754806549
30
0
10
13.027793044905604
20
-26.055002401522746
30
0
10
13.065344286529221
20
-26.097686059239074
30
0
10
13.103239582547229
20
-26.140154054235843
30
0
10
13.141497964979676
20
-26.182393827785909
30
0
10
13.180130079512541
20
-26.224397804970245
30
0
10
13.219131330807933
20
-26.266167402456617
30
0
10
13.258488235252647
20
-26.307709300423284
30
0
10
13.298182305841886
20
-26.349033160080072
30
0
10
13.33819462928207
20
-26.390148936089485
30
0
10
13.378510807705952
20
-26.431063975054624
30
0
10
13.419123535815089
20
-26.471781500821638
30
0
10
13.460029818363209
20
-26.512302242721368
30
0
10
13.501229270240319
20
-26.552625429131588
30
0
10
13.542722112397191
20
-26.592749959627426
30
0
10
13.584506992961076
20
-26.632675679594875
30
0
10
13.626579909256114
20
-26.672404010109307
30
0
10
13.668935382493926
20
-26.711937258250771
30
0
10
13.711567154825154
20
-26.751278207450753
30
0
10
13.754469020496975
20
-26.790429629363977
30
0
10
13.797635727542383
20
-26.829393754793607
30
0
10
13.841063405082005
20
-26.868172022084025
30
0
10
13.884749049559769
20
-26.906765375908009
30
0
10
13.928690210793317
20
-26.945174449369183
30
0
10
13.972884620273822
20
-26.983399780168028
30
0
10
14.017329786144309
20
-27.021442046181399
30
0
10
14.062022791543964
20
-27.059302183159204
30
0
10
14.106960512114828
20
-27.096981258961822
30
0
10
14.152139743302197
20
-27.134480400605074
30
0
10
14.19755735250491
20
-27.171800706679377
30
0
10
14.243210441361846
20
-27.208943155053088
30
0
10
14.289096427453241
20
-27.245908554635637
30
0
10
14.335212942319899
20
-27.282697598085662
30
0
10
14.381557764964178
20
-27.319310895081379
30
0
10
14.428128744492991
20
-27.355749012375973
30
0
10
14.474923714407009
20
-27.392012517315727
30
0
10
14.521940445628523
20
-27.428102004584495
30
0
10
14.569176705909001
20
-27.464018074896618
30
0
10
14.616630298554664
20
-27.499761323979573
30
0
10
14.664299104859371
20
-27.535332329093933
30
0
10
14.712181130408204
20
-27.570731636991948
30
0
10
14.760274526595317
20
-27.605959755241724
30
0
10
14.808577528470481
20
-27.641017155327049
30
0
10
14.857088403852966
20
-27.675904274687127
30
0
10
14.905805399971719
20
-27.710621520410214
30
0
10
14.954726681553865
20
-27.745169273347258
30
0
10
15.003850295058761
20
-27.779547893543501
30
0
10
15.053174273528809
20
-27.813757727659837
30
0
10
15.102696722556917
20
-27.847799117428917
30
0
10
15.152415910850305
20
-27.881672408313463
30
0
10
15.202330360710441
20
-27.915377960744312
30
0
10
15.252438928316888
20
-27.948916157453091
30
0
10
15.302740771296131
20
-27.982287361825637
30
0
10
15.343136413747537
20
-28.008850977109326
30
0
10
15.373519722619555
20
-28.028698776105525
30
0
10
15.3938137277766
20
-28.04189735873743
30
0
10
15.403970346831965
20
-28.048488329211644
30
0
0
ARC
5
305
100
AcDbEntity
8
0
100
AcDbCircle
10
-1.3877787807814457e-15
20
-2.7755575615628914e-16
30
0
40
32
210
-0
220
0
230
1
100
AcDbArc
50
298.77518342189609
51
301.22481657810363
0
SPLINE
5
306
100
AcDbEntity
8
0
100
AcDbSpline
70
4
71
5
72
81
73
75
74
0
42
0.000000001
43
0.0000000001
44
0.0000000001
40
-1
40
-1
40
-1
40
-1
40
-1
40
-1
40
-0.9857142857142841
40
-0.97142857142856986
40
-0.95714285714285563
40
-0.94285714285714139
40
-0.92857142857142716
40
-0.91428571428571292
40
-0.89999999999999869
40
-0.88571428571428445
40
-0.87142857142857022
40
-0.85714285714285599
40
-0.84285714285714175
40
-0.82857142857142752
40
-0.81428571428571328
40
-0.79999999999999905
40
-0.78571428571428481
40
-0.77142857142857058
40
-0.75714285714285634
40
-0.74285714285714211
40
-0.72857142857142787
40
-0.71428571428571364
40
-0.6999999999999994
40
-0.68571428571428517
40
-0.67142857142857093
40
-0.6571428571428567
40
-0.64285714285714246
40
-0.62857142857142823
40
-0.61428571428571399
40
-0.59999999999999976
40
-0.58571428571428552
40
-0.57142857142857129
40
-0.55714285714285705
40
-0.54285714285714282
40
-0.52857142857142858
40
-0.51428571428571435
40
-0.50000000000000011
40
-0.48571428571428582
40
-0.47142857142857153
40
-0.45714285714285724
40
-0.44285714285714295
40
-0.42857142857142866
40
-0.41428571428571437
40
-0.40000000000000008
40
-0.38571428571428579
40
-0.3714285714285715
40
-0.35714285714285721
40
-0.34285714285714292
40
-0.32857142857142863
40
-0.31428571428571433
40
-0.30000000000000004
40
-0.28571428571428575
40
-0.27142857142857146
40
-0.25714285714285717
40
-0.24285714285714291
40
-0.22857142857142862
40
-0.21428571428571433
40
-0.20000000000000004
40
-0.18571428571428575
40
-0.17142857142857146
40
-0.15714285714285717
40
-0.14285714285714288
40
-0.12857142857142859
40
-0.1142857142857143
40
-0.10000000000000001
40
-0.085714285714285715
40
-0.071428571428571425
40
-0.057142857142857141
40
-0.042857142857142858
40
-0.028571428571428571
40
-0.014285714285714285
40
0
40
0
40
0
40
0
40
0
40
0
41
1
41
1
41
1
41
1
41
1
41
1
41
1
41
1
41
1
41
1
41
1
41
1
41
1
41
1
41
1
41
1
41
1
41
1
41
1
41
1
41
1
41
1
41
1
41
1
41
1
41
1
41
1
41
1
41
1
41
1
41
1
41
1
41
1
41
1
41
1
41
1
41
1
41
1
41
1
41
1
41
1
41
1
41
1
41
1
41
1
41
1
41
1
41
1
41
1
41
1
41
1
41
1
41
1
41
1
41
1
41
1
41
1
41
1
41
1
41
1
41
1
41
1
41
1
41
1
41
1
41
1
41
1
41
1
41
1
41
1
41
1
41
1
41
1
41
1
41
1
10
16.5887182574326
20
-27.364473804104527
30
0
10
16.588088619094016
20
-27.352382428748903
30
0
10
16.586805313819365
20
-27.328208013422422
30
0
10
16.58480827011546
20
-27.291971396590124
30
0
10
16.582001325689134
20
-27.243705936383172
30
0
10
16.578251936437248
20
-27.183457660319696
30
0
10
16.574261289893542
20
-27.123293269470878
30
0
10
16.570028650169913
20
-27.063213311660643
30
0
10
16.565553113900808
20
-27.003218586100758
30
0
10
16.560833630094713
20
-26.94331019230026
30
0
10
16.555869033925735
20
-26.88348945687131
30
0
10
16.550658082241178
20
-26.823757849552262
30
0
10
16.545199491345105
20
-26.764116900447902
30
0
10
16.539491972658862
20
-26.704568121351461
30
0
10
16.533534278719419
20
-26.645112911230363
30
0
10
16.527325180592477
20
-26.585752584484766
30
0
10
16.520863433354201
20
-26.526488422507558
30
0
10
16.514147746212554
20
-26.467321718048616
30
0
10
16.507176755297724
20
-26.408253818263479
30
0
10
16.499948989900915
20
-26.349286176990017
30
0
10
16.492462890746754
20
-26.290420340451284
30
0
10
16.484716843573199
20
-26.231657913176171
30
0
10
16.476709212022122
20
-26.173000527991427
30
0
10
16.468438366543332
20
-26.114449817993048
30
0
10
16.459902732550876
20
-26.05600737575136
30
0
10
16.451100743775552
20
-25.997674780617821
30
0
10
16.442030761721721
20
-25.939453651193695
30
0
10
16.432691002299805
20
-25.881345692295511
30
0
10
16.423079473763806
20
-25.823352735909651
30
0
10
16.413193880074324
20
-25.765476803156314
30
0
10
16.40303170352357
20
-25.707720057652466
30
0
10
16.392590365809859
20
-25.650084711115987
30
0
10
16.381867379959999
20
-25.592572935390056
30
0
10
16.370860477160388
20
-25.535186788675261
30
0
10
16.359567824423962
20
-25.477928090044632
30
0
10
16.347987821834028
20
-25.420798535234205
30
0
10
16.336118696015593
20
-25.36379992961232
30
0
10
16.323958127079994
20
-25.306934401998461
30
0
10
16.311502933944773
20
-25.250204585500306
30
0
10
16.298748558694211
20
-25.193613913053117
30
0
10
16.285689498128491
20
-25.137166373169126
30
0
10
16.272320212800576
20
-25.080865993589114
30
0
10
16.258635965326313
20
-25.024716365542965
30
0
10
16.244633523680434
20
-24.968720244911971
30
0
10
16.230312345826206
20
-24.912878879759294
30
0
10
16.215673495234899
20
-24.857192628948368
30
0
10
16.200717447595995
20
-24.801662211805361
30
0
10
16.185442073667296
20
-24.746289857624202
30
0
10
16.169840928866925
20
-24.691080281055868
30
0
10
16.153900451916343
20
-24.636042277717571
30
0
10
16.137602565178142
20
-24.581187249670798
30
0
10
16.120929658296788
20
-24.526526376526427
30
0
10
16.103869204261606
20
-24.472067995346883
30
0
10
16.086417678533373
20
-24.417815377477652
30
0
10
16.068586964027386
20
-24.363763090943742
30
0
10
16.050397452930412
20
-24.309900932895875
30
0
10
16.031866228146722
20
-24.256220662315311
30
0
10
16.01299604027443
20
-24.202722279587409
30
0
10
15.993765734888253
20
-24.14941948236936
30
0
10
15.974115430875525
20
-24.096348104772453
30
0
10
15.953964043717953
20
-24.043556175414089
30
0
10
15.933235919029492
20
-23.991088802677424
30
0
10
15.911885968440703
20
-23.938973902154888
30
0
10
15.889921981556256
20
-23.887209550204538
30
0
10
15.867437311080842
20
-23.835745388732967
30
0
10
15.844561373744572
20
-23.784511136132792
30
0
10
15.821394393437345
20
-23.733454122429315
30
0
10
15.797945747694522
20
-23.682574776788098
30
0
10
15.774074876915993
20
-23.631960608487464
30
0
10
15.749419741626072
20
-23.581827426937707
30
0
10
15.723496453956482
20
-23.532461153251877
30
0
10
15.701352030117652
20
-23.493812031867456
30
0
10
15.68378021973931
20
-23.465401376762458
30
0
10
15.671615419586358
20
-23.446729954105781
30
0
10
15.665420453500527
20
-23.437461496898244
30
0
0
LINE
5
307
100
AcDbEntity
8
0
100
AcDbLine
10
15.665420453500529
20
-23.437461496898244
30
0
11
15.660300409580026
21
-23.429801259970336
31
0
0
ARC
5
308
100
AcDbEntity
8
0
100
AcDbCircle
10
16.075994169051015
20
-23.151954722585252
30
0
40
0.4999999999999985
210
0
220
0
230
1
100
AcDbArc
50
124.7749058450174
51
213.75846532598629
0
ARC
5
309
100
AcDbEntity
8
0
100
AcDbCircle
10
-1.3877787807814457e-15
20
-2.7755575615628914e-16
30
0
40
27.686
210
-0
220
0
230
1
100
AcDbArc
50
304.77490584501726
51
307.22509415498268
0
ARC
5
310
100
AcDbEntity
8
0
100
AcDbCircle
10
17.051062004175705
20
-22.443526472677043
30
0
40
0.5
210
0
220
-0
230
1
100
AcDbArc
50
38.24153467401333
51
127.22509415498206
0
LINE
5
311
100
AcDbEntity
8
0
100
AcDbLine
10
17.443766200217979
20
-22.13403751582916
30
0
11
17.449469337881254
21
-22.141274110355134
31
0
0
SPLINE
5
312
100
AcDbEntity
8
0
100
AcDbSpline
70
4
71
5
72
81
73
75
74
0
42
0.000000001
43
0.0000000001
44
0.0000000001
40
0
40
0
40
0
40
0
40
0
40
0
40
0.014285714285714285
40
0.028571428571428571
40
0.042857142857142858
40
0.057142857142857141
40
0.071428571428571425
40
0.085714285714285715
40
0.10000000000000001
40
0.1142857142857143
40
0.12857142857142859
40
0.14285714285714288
40
0.15714285714285717
40
0.17142857142857146
40
0.18571428571428575
40
0.20000000000000004
40
0.21428571428571433
40
0.22857142857142862
40
0.24285714285714291
40
0.25714285714285717
40
0.27142857142857146
40
0.28571428571428575
40
0.30000000000000004
40
0.31428571428571433
40
0.32857142857142863
40
0.34285714285714292
40
0.35714285714285721
40
0.3714285714285715
40
0.38571428571428579
40
0.40000000000000008
40
0.41428571428571437
40
0.42857142857142866
40
0.44285714285714295
40
0.45714285714285724
40
0.47142857142857153
40
0.48571428571428582
40
0.50000000000000011
40
0.51428571428571435
40
0.52857142857142858
40
0.54285714285714282
40
0.55714285714285705
40
0.57142857142857129
40
0.58571428571428552
40
0.59999999999999976
40
0.61428571428571399
40
0.62857142857142823
40
0.64285714285714246
40
0.6571428571428567
40
0.67142857142857093
40
0.68571428571428517
40
0.6999999999999994
40
0.71428571428571364
40
0.72857142857142787
40
0.74285714285714211
40
0.75714285714285634
40
0.77142857142857058
40
0.78571428571428481
40
0.79999999999999905
40
0.81428571428571328
40
0.82857142857142752
40
0.84285714285714175
40
0.85714285714285599
40
0.87142857142857022
40
0.88571428571428445
40
0.89999999999999869
40
0.91428571428571292
40
0.92857142857142716
40
0.94285714285714139
40
0.95714285714285563
40
0.97142857142856986
40
0.9857142857142841
40
1
40
1
40
1
40
1
40
1
40
1
41
1
41
1
41
1
41
1
41
1
41
1
41
1
41
1
41
1
41
1
41
1
41
1
41
1
41
1
41
1
41
1
41
1
41
1
41
1
41
1
41
1
41
1
41
1
41
1
41
1
41
1
41
1
41
1
41
1
41
1
41
1
41
1
41
1
41
1
41
1
41
1
41
1
41
1
41
1
41
1
41
1
41
1
41
1
41
1
41
1
41
1
41
1
41
1
41
1
41
1
41
1
41
1
41
1
41
1
41
1
41
1
41
1
41
1
41
1
41
1
41
1
41
1
41
1
41
1
41
1
41
1
41
1
41
1
41
1
41
1
41
1
41
1
41
1
41
1
41
1
10
17.449469337881254
20
-22.141274110355134
30
0
10
17.456369814704381
20
-22.150029984008054
30
0
10
17.470368262910085
20
-22.167369183373022
30
0
10
17.491958413551064
20
-22.192860343385217
30
0
10
17.521872908995949
20
-22.225864177302181
30
0
10
17.5608122888301
20
-22.26577370648203
30
0
10
17.600872922022411
20
-22.304714138640605
30
0
10
17.641633351860492
20
-22.343057324005215
30
0
10
17.682776455047787
20
-22.381080893803031
30
0
10
17.724175570009777
20
-22.418891486303515
30
0
10
17.765833186403512
20
-22.456480050321087
30
0
10
17.8078303672369
20
-22.493767543189453
30
0
10
17.850273946259549
20
-22.530652600495181
30
0
10
17.893240664436583
20
-22.567062000046857
30
0
10
17.936734758380414
20
-22.60298892792823
30
0
10
17.980715745712569
20
-22.638467639334408
30
0
10
18.02511734732029
20
-22.673556146605229
30
0
10
18.069868828779931
20
-22.708316724041193
30
0
10
18.114917605544974
20
-22.742795248615344
30
0
10
18.160244113292361
20
-22.777007606572845
30
0
10
18.205849201637164
20
-22.810951181820343
30
0
10
18.251745987161698
20
-22.844612274165268
30
0
10
18.297950474884502
20
-22.877974642339318
30
0
10
18.344471502943559
20
-22.911028663591058
30
0
10
18.391304870961935
20
-22.943776679055134
30
0
10
18.438438778862871
20
-22.976228026332713
30
0
10
18.485857152305449
20
-23.008395999177409
30
0
10
18.533543560987653
20
-23.04029426701333
30
0
10
18.581485449114847
20
-23.071933009387585
30
0
10
18.629676341302186
20
-23.103316898554517
30
0
10
18.678113459393138
20
-23.13444727065405
30
0
10
18.726796266263989
20
-23.165323450994606
30
0
10
18.775724749246017
20
-23.195944317260011
30
0
10
18.82489755386208
20
-23.226309999285085
30
0
10
18.874311060362565
20
-23.256422719294399
30
0
10
18.92396038935269
20
-23.286285873056936
30
0
10
18.973839998440052
20
-23.315903484259543
30
0
10
19.023944393741846
20
-23.345279554238211
30
0
10
19.074268901869196
20
-23.374417356993046
30
0
10
19.124810035579358
20
-23.403319104238236
30
0
10
19.175565053359662
20
-23.431986344477608
30
0
10
19.226531690199774
20
-23.460420206401498
30
0
10
19.277707838957433
20
-23.488621687609857
30
0
10
19.329091203167241
20
-23.516591969252506
30
0
10
19.380679124262148
20
-23.544332573080432
30
0
10
19.432468768179557
20
-23.571845193209246
30
0
10
19.484457234711741
20
-23.599131598291155
30
0
10
19.536641688122188
20
-23.626193514214151
30
0
10
19.589019496696174
20
-23.653032500080972
30
0
10
19.641588302627738
20
-23.679649884039705
30
0
10
19.694345933226032
20
-23.706046836043093
30
0
10
19.747290342786755
20
-23.732224414217779
30
0
10
19.800419545253625
20
-23.758183620127873
30
0
10
19.853731539428434
20
-23.783925459162305
30
0
10
19.9072242685859
20
-23.809450976460976
30
0
10
19.960895674153008
20
-23.834761223721735
30
0
10
20.014743731297724
20
-23.859857240372332
30
0
10
20.068766487631926
20
-23.884740031562551
30
0
10
20.122962105999651
20
-23.909410546758995
30
0
10
20.177328883720854
20
-23.93386966678495
30
0
10
20.231865192440701
20
-23.958118219774938
30
0
10
20.286569428779487
20
-23.982156993749687
30
0
10
20.341439962906822
20
-24.005986751323199
30
0
10
20.396475078838321
20
-24.029608246598599
30
0
10
20.451672940580487
20
-24.053022237917212
30
0
10
20.507031696233334
20
-24.07622947331804
30
0
10
20.562549563837319
20
-24.099230680935442
30
0
10
20.618224921758291
20
-24.122026558638957
30
0
10
20.67405639952678
20
-24.144617766213933
30
0
10
20.730042957891939
20
-24.167004915842064
30
0
10
20.786183848440292
20
-24.189188538107594
30
0
10
20.831219635352099
20
-24.206772948340415
30
0
10
20.865065585475925
20
-24.219869980188165
30
0
10
20.88766025756097
20
-24.228560781196983
30
0
10
20.898965269936966
20
-24.232896043312056
30
0
0
ARC
5
313
100
AcDbEntity
8
0
100
AcDbCircle
10
-1.3877787807814457e-15
20
-2.7755575615628914e-16
30
0
40
32
210
-0
220
0
230
1
100
AcDbArc
50
310.77518342189614
51
313.22481657810363
0
SPLINE
5
314
100
AcDbEntity
8
0
100
AcDbSpline
70
4
71
5
72
81
73
75
74
0
42
0.000000001
43
0.0000000001
44
0.0000000001
40
-1
40
-1
40
-1
40
-1
40
-1
40
-1
40
-0.9857142857142841
40
-0.97142857142856986
40
-0.95714285714285563
40
-0.94285714285714139
40
-0.92857142857142716
40
-0.91428571428571292
40
-0.89999999999999869
40
-0.88571428571428445
40
-0.87142857142857022
40
-0.85714285714285599
40
-0.84285714285714175
40
-0.82857142857142752
40
-0.81428571428571328
40
-0.79999999999999905
40
-0.78571428571428481
40
-0.77142857142857058
40
-0.75714285714285634
40
-0.74285714285714211
40
-0.72857142857142787
40
-0.71428571428571364
40
-0.6999999999999994
40
-0.68571428571428517
40
-0.67142857142857093
40
-0.6571428571428567
40
-0.64285714285714246
40
-0.62857142857142823
40
-0.61428571428571399
40
-0.59999999999999976
40
-0.58571428571428552
40
-0.57142857142857129
40
-0.55714285714285705
40
-0.54285714285714282
40
-0.52857142857142858
40
-0.51428571428571435
40
-0.50000000000000011
40
-0.48571428571428582
40
-0.47142857142857153
40
-0.45714285714285724
40
-0.44285714285714295
40
-0.42857142857142866
40
-0.41428571428571437
40
-0.40000000000000008
40
-0.38571428571428579
40
-0.3714285714285715
40
-0.35714285714285721
40
-0.34285714285714292
40
-0.32857142857142863
40
-0.31428571428571433
40
-0.30000000000000004
40
-0.28571428571428575
40
-0.27142857142857146
40
-0.25714285714285717
40
-0.24285714285714291
40
-0.22857142857142862
40
-0.21428571428571433
40
-0.20000000000000004
40
-0.18571428571428575
40
-0.17142857142857146
40
-0.15714285714285717
40
-0.14285714285714288
40
-0.12857142857142859
40
-0.1142857142857143
40
-0.10000000000000001
40
-0.085714285714285715
40
-0.071428571428571425
40
-0.057142857142857141
40
-0.042857142857142858
40
-0.028571428571428571
40
-0.014285714285714285
40
0
40
0
40
0
40
0
40
0
40
0
41
1
41
1
41
1
41
1
41
1
41
1
41
1
41
1
41
1
41
1
41
1
41
1
41
1
41
1
41
1
41
1
41
1
41
1
41
1
41
1
41
1
41
1
41
1
41
1
41
1
41
1
41
1
41
1
41
1
41
1
41
1
41
1
41
1
41
1
41
1
41
1
41
1
41
1
41
1
41
1
41
1
41
1
41
1
41
1
41
1
41
1
41
1
41
1
41
1
41
1
41
1
41
1
41
1
41
1
41
1
41
1
41
1
41
1
41
1
41
1
41
1
41
1
41
1
41
1
41
1
41
1
41
1
41
1
41
1
41
1
41
1
41
1
41
1
41
1
41
1
10
21.915608979706441
20
-23.317505935425665
30
0
10
21.912479162181722
20
-23.305809694803578
30
0
10
21.906197756641252
20
-23.282430362622321
30
0
10
21.8967103368586
20
-23.247400811542217
30
0
10
21.883929777462868
20
-23.200773664004181
30
0
10
21.867736000416713
20
-23.142621499183239
30
0
10
21.851323678846214
20
-23.084601546695211
30
0
10
21.834692206843187
20
-23.026714495392508
30
0
10
21.817840866948259
20
-22.968961314842446
30
0
10
21.800768859737385
20
-22.911343299040581
30
0
10
21.783475321657093
20
-22.853861987790346
30
0
10
21.765959342296341
20
-22.796519077178754
30
0
10
21.748219984137695
20
-22.739316330769523
30
0
10
21.73025630108053
20
-22.682255495230134
30
0
10
21.712067363783554
20
-22.625338198319387
30
0
10
21.693652243446799
20
-22.568565981224431
30
0
10
21.675009988767549
20
-22.511940356170882
30
0
10
21.656139605938492
20
-22.455462856029655
30
0
10
21.637040040983031
20
-22.399135082082214
30
0
10
21.617710157600779
20
-22.342958762174131
30
0
10
21.598148752068109
20
-22.286935732931358
30
0
10
21.578354578998802
20
-22.231067899443914
30
0
10
21.558326377276845
20
-22.175357199075364
30
0
10
21.538062892501383
20
-22.119805568037183
30
0
10
21.517562915608934
20
-22.064414891473021
30
0
10
21.496825242922661
20
-22.009187039867406
30
0
10
21.47584860827812
20
-21.954123937113685
30
0
10
21.454631621023648
20
-21.89922762170713
30
0
10
21.433172713829073
20
-21.844500299708102
30
0
10
21.411470061043477
20
-21.78994442544392
30
0
10
21.389521649818288
20
-21.735562638712196
30
0
10
21.367325418035904
20
-21.681357638958538
30
0
10
21.344879384621045
20
-21.627332067636928
30
0
10
21.322181758263106
20
-21.573488409684227
30
0
10
21.299231124236737
20
-21.519828825521785
30
0
10
21.276026270150599
20
-21.466355306471119
30
0
10
21.252565836739386
20
-21.413069987154344
30
0
10
21.228847997416036
20
-21.359975432203093
30
0
10
21.204870188066231
20
-21.307074878569559
30
0
10
21.180628664123024
20
-21.254372631815098
30
0
10
21.156118871903043
20
-21.201873737472955
30
0
10
21.131336230423852
20
-21.149583286983912
30
0
10
21.106276852483195
20
-21.097505778058419
30
0
10
21.08093814966324
20
-21.045644578330993
30
0
10
21.055319851258972
20
-20.994001021287367
30
0
10
21.029423072114191
20
-20.94257523684087
30
0
10
21.003248427079711
20
-20.891367829697245
30
0
10
20.976794296938685
20
-20.840381423129351
30
0
10
20.950055358169841
20
-20.789621968665635
30
0
10
20.923020174552786
20
-20.739100889266346
30
0
10
20.895673434111721
20
-20.688833096382705
30
0
10
20.86800023569144
20
-20.638833186723065
30
0
10
20.839990059399263
20
-20.589111919677027
30
0
10
20.811640137866565
20
-20.539673227896216
30
0
10
20.78296096496733
20
-20.490509327510331
30
0
10
20.753970365978482
20
-20.441605998852779
30
0
10
20.724683337097698
20
-20.392951629255364
30
0
10
20.695102568896043
20
-20.344545647213501
30
0
10
20.665210217126251
20
-20.296405849310041
30
0
10
20.634955159552316
20
-20.248579736578364
30
0
10
20.60426806925825
20
-20.201131146514626
30
0
10
20.573084323648075
20
-20.154119931206914
30
0
10
20.541365623619427
20
-20.107582770624099
30
0
10
20.50911918860777
20
-20.061516163610573
30
0
10
20.476425861300882
20
-20.015851443399399
30
0
10
20.443397617994986
20
-19.97049295695378
30
0
10
20.410121541744033
20
-19.925368347545902
30
0
10
20.376606894390264
20
-19.880476085263822
30
0
10
20.342734382100105
20
-19.835930991082279
30
0
10
20.308194746128411
20
-19.792019430697692
30
0
10
20.272574119059882
20
-19.749121683105663
30
0
10
20.24287799983664
20
-19.715921222355544
30
0
10
20.219783268334393
20
-19.691784793035808
30
0
10
20.204002291196851
20
-19.676050589930149
30
0
10
20.196015679374078
20
-19.668272676623562
30
0
0
LINE
5
315
100
AcDbEntity
8
0
100
AcDbLine
10
20.196015679374078
20
-19.668272676623562
30
0
11
20.189414867885837
21
-19.661844351240042
31
0
0
ARC
5
316
100
AcDbEntity
8
0
100
AcDbCircle
10
20.538257177976806
20
-19.303641834930623
30
0
40
0.50000000000000089
210
0
220
0
230
1
100
AcDbArc
50
136.77490584501692
51
225.75846532598626
0
ARC
5
317
100
AcDbEntity
8
0
100
AcDbCircle
10
-1.3877787807814457e-15
20
-2.7755575615628914e-16
30
0
40
27.685999999999993
210
-0
220
0
230
1
100
AcDbArc
50
316.7749058450172
51
319.22509415498268
0
ARC
5
318
100
AcDbEntity
8
0
100
AcDbCircle
10
21.344726926195253
20
-18.407966439728074
30
0
40
0.50000000000000067
210
0
220
-0
230
1
100
AcDbArc
50
50.241534674013657
51
139.22509415498209
0
LINE
5
319
100
AcDbEntity
8
0
100
AcDbLine
10
21.664503221044434
20
-18.023592765743327
30
0
11
21.671586304070075
21
-18.029485474321852
31
0
0
SPLINE
5
320
100
AcDbEntity
8
0
100
AcDbSpline
70
4
71
5
72
81
73
75
74
0
42
0.000000001
43
0.0000000001
44
0.0000000001
40
0
40
0
40
0
40
0
40
0
40
0
40
0.014285714285714285
40
0.028571428571428571
40
0.042857142857142858
40
0.057142857142857141
40
0.071428571428571425
40
0.085714285714285715
40
0.10000000000000001
40
0.1142857142857143
40
0.12857142857142859
40
0.14285714285714288
40
0.15714285714285717
40
0.17142857142857146
40
0.18571428571428575
40
0.20000000000000004
40
0.21428571428571433
40
0.22857142857142862
40
0.24285714285714291
40
0.25714285714285717
40
0.27142857142857146
40
0.28571428571428575
40
0.30000000000000004
40
0.31428571428571433
40
0.32857142857142863
40
0.34285714285714292
40
0.35714285714285721
40
0.3714285714285715
40
0.38571428571428579
40
0.40000000000000008
40
0.41428571428571437
40
0.42857142857142866
40
0.44285714285714295
40
0.45714285714285724
40
0.47142857142857153
40
0.48571428571428582
40
0.50000000000000011
40
0.51428571428571435
40
0.52857142857142858
40
0.54285714285714282
40
0.55714285714285705
40
0.57142857142857129
40
0.58571428571428552
40
0.59999999999999976
40
0.61428571428571399
40
0.62857142857142823
40
0.64285714285714246
40
0.6571428571428567
40
0.67142857142857093
40
0.68571428571428517
40
0.6999999999999994
40
0.71428571428571364
40
0.72857142857142787
40
0.74285714285714211
40
0.75714285714285634
40
0.77142857142857058
40
0.78571428571428481
40
0.79999999999999905
40
0.81428571428571328
40
0.82857142857142752
40
0.84285714285714175
40
0.85714285714285599
40
0.87142857142857022
40
0.88571428571428445
40
0.89999999999999869
40
0.91428571428571292
40
0.92857142857142716
40
0.94285714285714139
40
0.95714285714285563
40
0.97142857142856986
40
0.9857142857142841
40
1
40
1
40
1
40
1
40
1
40
1
41
1
41
1
41
1
41
1
41
1
41
1
41
1
41
1
41
1
41
1
41
1
41
1
41
1
41
1
41
1
41
1
41
1
41
1
41
1
41
1
41
1
41
1
41
1
41
1
41
1
41
1
41
1
41
1
41
1
41
1
41
1
41
1
41
1
41
1
41
1
41
1
41
1
41
1
41
1
41
1
41
1
41
1
41
1
41
1
41
1
41
1
41
1
41
1
41
1
41
1
41
1
41
1
41
1
41
1
41
1
41
1
41
1
41
1
41
1
41
1
41
1
41
1
41
1
41
1
41
1
41
1
41
1
41
1
41
1
41
1
41
1
41
1
41
1
41
1
41
1
10
21.671586304070075
20
-18.029485474321852
30
0
10
21.680156437414304
20
-18.036615321324042
30
0
10
21.697454008198104
20
-18.050665176546257
30
0
10
21.7238722724261
20
-18.07111044882733
30
0
10
21.759994947285826
20
-18.097173496460325
30
0
10
21.806381065936186
20
-18.128114954373295
30
0
10
21.853662449268384
20
-18.1578753706785
30
0
10
21.901504162419872
20
-18.186906095561287
30
0
10
21.949653734776867
20
-18.215544626981199
30
0
10
21.998009443967032
20
-18.24392160732776
30
0
10
22.046571843395164
20
-18.272027665576719
30
0
10
22.095403790753537
20
-18.299768632386634
30
0
10
22.144588710371444
20
-18.32702314641422
30
0
10
22.19418644249016
20
-18.353703630204766
30
0
10
22.244199714449117
20
-18.37980253790122
30
0
10
22.294596050562458
20
-18.405361792900237
30
0
10
22.345322681518738
20
-18.430451920035232
30
0
10
22.396323366166282
20
-18.455148539277481
30
0
10
22.447556207416113
20
-18.479507458020041
30
0
10
22.499005371408671
20
-18.503548283006989
30
0
10
22.550671145276503
20
-18.527268278667997
30
0
10
22.602563510542922
20
-18.550651317101753
30
0
10
22.654694745728872
20
-18.573678184320187
30
0
10
22.707071495155287
20
-18.596337630299836
30
0
10
22.759690136982801
20
-18.618632818323434
30
0
10
22.812541070391109
20
-18.640575335317035
30
0
10
22.865611336228994
20
-18.662181526577271
30
0
10
22.918887705269022
20
-18.683468178870399
30
0
10
22.972360012537656
20
-18.704447859792495
30
0
10
23.026022895569067
20
-18.725126485806133
30
0
10
23.079873914715179
20
-18.745505941464614
30
0
10
23.133912404313492
20
-18.765585678494286
30
0
10
23.188138118629453
20
-18.785364601738234
30
0
10
23.242549759778683
20
-18.804843119805735
30
0
10
23.297144249138228
20
-18.824024158948667
30
0
10
23.351917519959883
20
-18.842912055213525
30
0
10
23.40686498753734
20
-18.861511896688135
30
0
10
23.461982109966854
20
-18.879828739512163
30
0
10
23.51726499668721
20
-18.897866757793132
30
0
10
23.572710696501499
20
-18.9156288399525
30
0
10
23.628316849757756
20
-18.933117070648112
30
0
10
23.684081475609457
20
-18.950333024827842
30
0
10
23.740002720373155
20
-18.967278116391199
30
0
10
23.796078583341579
20
-18.983953978139031
30
0
10
23.852306780433572
20
-19.000362651315605
30
0
10
23.908684891744056
20
-19.016506382250785
30
0
10
23.965210448165266
20
-19.032387503934583
30
0
10
24.021881034760607
20
-19.048008294122958
30
0
10
24.078694401480355
20
-19.063370825012772
30
0
10
24.135648518179764
20
-19.078476885944315
30
0
10
24.192741502893341
20
-19.093328073031877
30
0
10
24.249971574617248
20
-19.107925846605358
30
0
10
24.307336998932168
20
-19.122271599266583
30
0
10
24.364836027402998
20
-19.136366730506833
30
0
10
24.422466865545644
20
-19.150212690244434
30
0
10
24.480227718432118
20
-19.163810935196505
30
0
10
24.538116821587014
20
-19.177162903063049
30
0
10
24.59613247426897
20
-19.190269982953243
30
0
10
24.65427307687348
20
-19.203133485551771
30
0
10
24.712537147061614
20
-19.215754626440891
30
0
10
24.770923264240842
20
-19.228134554212403
30
0
10
24.829430023907886
20
-19.240274373028296
30
0
10
24.888055990404403
20
-19.252175167698404
30
0
10
24.946799642031255
20
-19.263838032620111
30
0
10
25.00565934058384
20
-19.275264091287678
30
0
10
25.064633430156675
20
-19.286454460425311
30
0
10
25.12372031911795
20
-19.297410222746112
30
0
10
25.182918566365366
20
-19.308132398026196
30
0
10
25.242226968554551
20
-19.31862191656964
30
0
10
25.301644636424552
20
-19.328879593252889
30
0
10
25.361170948231173
20
-19.338906102669586
30
0
10
25.408878599609661
20
-19.346742784744993
30
0
10
25.444707960553998
20
-19.352516646306025
30
0
10
25.468615803975645
20
-19.356319835984586
30
0
10
25.480575126383979
20
-19.358209917983189
30
0
0
ARC
5
321
100
AcDbEntity
8
0
100
AcDbCircle
10
-1.3877787807814457e-15
20
-2.7755575615628914e-16
30
0
40
32.000000000000014
210
-0
220
0
230
1
100
AcDbArc
50
322.77518342189614
51
325.22481657810368
0
SPLINE
5
322
100
AcDbEntity
8
0
100
AcDbSpline
70
4
71
5
72
81
73
75
74
0
42
0.000000001
43
0.0000000001
44
0.0000000001
40
-1
40
-1
40
-1
40
-1
40
-1
40
-1
40
-0.9857142857142841
40
-0.97142857142856986
40
-0.95714285714285563
40
-0.94285714285714139
40
-0.92857142857142716
40
-0.91428571428571292
40
-0.89999999999999869
40
-0.88571428571428445
40
-0.87142857142857022
40
-0.85714285714285599
40
-0.84285714285714175
40
-0.82857142857142752
40
-0.81428571428571328
40
-0.79999999999999905
40
-0.78571428571428481
40
-0.77142857142857058
40
-0.75714285714285634
40
-0.74285714285714211
40
-0.72857142857142787
40
-0.71428571428571364
40
-0.6999999999999994
40
-0.68571428571428517
40
-0.67142857142857093
40
-0.6571428571428567
40
-0.64285714285714246
40
-0.62857142857142823
40
-0.61428571428571399
40
-0.59999999999999976
40
-0.58571428571428552
40
-0.57142857142857129
40
-0.55714285714285705
40
-0.54285714285714282
40
-0.52857142857142858
40
-0.51428571428571435
40
-0.50000000000000011
40
-0.48571428571428582
40
-0.47142857142857153
40
-0.45714285714285724
40
-0.44285714285714295
40
-0.42857142857142866
40
-0.41428571428571437
40
-0.40000000000000008
40
-0.38571428571428579
40
-0.3714285714285715
40
-0.35714285714285721
40
-0.34285714285714292
40
-0.32857142857142863
40
-0.31428571428571433
40
-0.30000000000000004
40
-0.28571428571428575
40
-0.27142857142857146
40
-0.25714285714285717
40
-0.24285714285714291
40
-0.22857142857142862
40
-0.21428571428571433
40
-0.20000000000000004
40
-0.18571428571428575
40
-0.17142857142857146
40
-0.15714285714285717
40
-0.14285714285714288
40
-0.12857142857142859
40
-0.1142857142857143
40
-0.10000000000000001
40
-0.085714285714285715
40
-0.071428571428571425
40
-0.057142857142857141
40
-0.042857142857142858
40
-0.028571428571428571
40
-0.014285714285714285
40
0
40
0
40
0
40
0
40
0
40
0
41
1
41
1
41
1
41
1
41
1
41
1
41
1
41
1
41
1
41
1
41
1
41
1
41
1
41
1
41
1
41
1
41
1
41
1
41
1
41
1
41
1
41
1
41
1
41
1
41
1
41
1
41
1
41
1
41
1
41
1
41
1
41
1
41
1
41
1
41
1
41
1
41
1
41
1
41
1
41
1
41
1
41
1
41
1
41
1
41
1
41
1
41
1
41
1
41
1
41
1
41
1
41
1
41
1
41
1
41
1
41
1
41
1
41
1
41
1
41
1
41
1
41
1
41
1
41
1
41
1
41
1
41
1
41
1
41
1
41
1
41
1
41
1
41
1
41
1
41
1
10
26.284682426807599
20
-18.251451167561243
30
0
10
26.279189218141109
20
-18.240661243512651
30
0
10
26.268184239898467
20
-18.219098783479431
30
0
10
26.251621089807262
20
-18.186807257624153
30
0
10
26.229425487215646
20
-18.14385625284433
30
0
10
26.201495068138492
20
-18.090341727913643
30
0
10
26.173378368748885
20
-18.037001964120748
30
0
10
26.145074939599656
20
-17.983837761240395
30
0
10
26.116584280494017
20
-17.930850216820708
30
0
10
26.087905878514061
20
-17.878040762789936
30
0
10
26.059039209120161
20
-17.825411084845978
30
0
10
26.029983734432271
20
-17.772963031297373
30
0
10
26.000738904085473
20
-17.720698522090593
30
0
10
25.971304155806298
20
-17.668619462429611
30
0
10
25.941678918991869
20
-17.616727637723692
30
0
10
25.91186260556956
20
-17.565024748589749
30
0
10
25.881854599434291
20
-17.513512471994588
30
0
10
25.851654247197601
20
-17.462192513936369
30
0
10
25.821260850839941
20
-17.411066659838781
30
0
10
25.790673658131116
20
-17.360136836039949
30
0
10
25.759891873507765
20
-17.309405089299361
30
0
10
25.728914674888806
20
-17.258873542006601
30
0
10
25.697741231517199
20
-17.208544351389961
30
0
10
25.666370718964743
20
-17.158419672154633
30
0
10
25.6348023465323
20
-17.108501599627811
30
0
10
25.603035325741864
20
-17.058792213677926
30
0
10
25.571068818097636
20
-17.009293659407032
30
0
10
25.538901887164037
20
-16.960008219897119
30
0
10
25.506533458526548
20
-16.910938378867115
30
0
10
25.473962256712444
20
-16.86208691658554
30
0
10
25.441186861703521
20
-16.813456833658883
30
0
10
25.408205817690689
20
-16.765051199281714
30
0
10
25.375017736079094
20
-16.71687300907465
30
0
10
25.341621381349967
20
-16.668925066107114
30
0
10
25.308015818869958
20
-16.621209777728016
30
0
10
25.274200276760421
20
-16.573729343814037
30
0
10
25.240173869272155
20
-16.526486134947845
30
0
10
25.205935342950294
20
-16.479483039486507
30
0
10
25.171482862712789
20
-16.432723756756403
30
0
10
25.136813660996996
20
-16.386213276771276
30
0
10
25.101924332653802
20
-16.339957481571375
30
0
10
25.066811455376289
20
-16.293962303777107
30
0
10
25.03147216203347
20
-16.248232951007921
30
0
10
24.995904620941261
20
-16.202773255469783
30
0
10
24.960108844557464
20
-16.157584577791305
30
0
10
24.924085950374355
20
-16.112666813257839
30
0
10
24.887836665532205
20
-16.068020425526178
30
0
10
24.851359951606998
20
-16.023648317198486
30
0
10
24.814651838801552
20
-15.979557416570353
30
0
10
24.777703515771279
20
-15.935761274706843
30
0
10
24.740503105408852
20
-15.892277660746977
30
0
10
24.703039067011353
20
-15.849123950550394
30
0
10
24.665303347573889
20
-15.806312855596879
30
0
10
24.62729405784572
20
-15.763848797968476
30
0
10
24.589019844026883
20
-15.721721982092035
30
0
10
24.550495185434293
20
-15.679914792951353
30
0
10
24.511732336153258
20
-15.638412753758058
30
0
10
24.47273380913693
20
-15.597214746095133
30
0
10
24.433485850195289
20
-15.556341887675034
30
0
10
24.393948330255991
20
-15.515851270430108
30
0
10
24.354066709924279
20
-15.475819750730375
30
0
10
24.313790222711766
20
-15.436319308545395
30
0
10
24.273089032637721
20
-15.397393785129852
30
0
10
24.231969473444437
20
-15.359038254831741
30
0
10
24.190496344589366
20
-15.321168743277834
30
0
10
24.148759288033411
20
-15.283668406498602
30
0
10
24.106828440047217
20
-15.246448363349355
30
0
10
24.064712541992993
20
-15.209505191705103
30
0
10
24.022318779516624
20
-15.17297600600946
30
0
10
23.979404190694691
20
-15.137205212689906
30
0
10
23.935643016556838
20
-15.10265082860769
30
0
10
23.899693064857033
20
-15.07635004794013
30
0
10
23.87208476281835
20
-15.057542722186366
30
0
10
23.85337731312266
20
-15.045433398808527
30
0
10
23.843948108823621
20
-15.039485961536949
30
0
0
LINE
5
323
100
AcDbEntity
8
0
100
AcDbLine
10
23.843948108823628
20
-15.03948596153695
30
0
11
23.836155016903891
21
-15.034570496363614
31
0
0
ARC
5
324
100
AcDbEntity
8
0
100
AcDbCircle
10
24.102899794732743
20
-14.61166716993896
30
0
40
0.50000000000000022
210
0
220
0
230
1
100
AcDbArc
50
148.77490584501743
51
237.75846532598626
0
ARC
5
325
100
AcDbEntity
8
0
100
AcDbCircle
10
-1.3877787807814457e-15
20
-2.7755575615628914e-16
30
0
40
27.685999999999993
210
-0
220
0
230
1
100
AcDbArc
50
328.77490584501732
51
331.22509415498263
0
ARC
5
326
100
AcDbEntity
8
0
100
AcDbCircle
10
24.705524858176574
20
-13.567889942139836
30
0
40
0.49999999999999967
210
0
220
-0
230
1
100
AcDbArc
50
62.241534674013934
51
151.22509415498496
0
LINE
5
327
100
AcDbEntity
8
0
100
AcDbLine
10
24.938397493290839
20
-13.125430525000887
30
0
11
24.946550956962234
21
-13.129721807990729
31
0
0
SPLINE
5
328
100
AcDbEntity
8
0
100
AcDbSpline
70
4
71
5
72
81
73
75
74
0
42
0.000000001
43
0.0000000001
44
0.0000000001
40
0
40
0
40
0
40
0
40
0
40
0
40
0.014285714285714285
40
0.028571428571428571
40
0.042857142857142858
40
0.057142857142857141
40
0.071428571428571425
40
0.085714285714285715
40
0.10000000000000001
40
0.1142857142857143
40
0.12857142857142859
40
0.14285714285714288
40
0.15714285714285717
40
0.17142857142857146
40
0.18571428571428575
40
0.20000000000000004
40
0.21428571428571433
40
0.22857142857142862
40
0.24285714285714291
40
0.25714285714285717
40
0.27142857142857146
40
0.28571428571428575
40
0.30000000000000004
40
0.31428571428571433
40
0.32857142857142863
40
0.34285714285714292
40
0.35714285714285721
40
0.3714285714285715
40
0.38571428571428579
40
0.40000000000000008
40
0.41428571428571437
40
0.42857142857142866
40
0.44285714285714295
40
0.45714285714285724
40
0.47142857142857153
40
0.48571428571428582
40
0.50000000000000011
40
0.51428571428571435
40
0.52857142857142858
40
0.54285714285714282
40
0.55714285714285705
40
0.57142857142857129
40
0.58571428571428552
40
0.59999999999999976
40
0.61428571428571399
40
0.62857142857142823
40
0.64285714285714246
40
0.6571428571428567
40
0.67142857142857093
40
0.68571428571428517
40
0.6999999999999994
40
0.71428571428571364
40
0.72857142857142787
40
0.74285714285714211
40
0.75714285714285634
40
0.77142857142857058
40
0.78571428571428481
40
0.79999999999999905
40
0.81428571428571328
40
0.82857142857142752
40
0.84285714285714175
40
0.85714285714285599
40
0.87142857142857022
40
0.88571428571428445
40
0.89999999999999869
40
0.91428571428571292
40
0.92857142857142716
40
0.94285714285714139
40
0.95714285714285563
40
0.97142857142856986
40
0.9857142857142841
40
1
40
1
40
1
40
1
40
1
40
1
41
1
41
1
41
1
41
1
41
1
41
1
41
1
41
1
41
1
41
1
41
1
41
1
41
1
41
1
41
1
41
1
41
1
41
1
41
1
41
1
41
1
41
1
41
1
41
1
41
1
41
1
41
1
41
1
41
1
41
1
41
1
41
1
41
1
41
1
41
1
41
1
41
1
41
1
41
1
41
1
41
1
41
1
41
1
41
1
41
1
41
1
41
1
41
1
41
1
41
1
41
1
41
1
41
1
41
1
41
1
41
1
41
1
41
1
41
1
41
1
41
1
41
1
41
1
41
1
41
1
41
1
41
1
41
1
41
1
41
1
41
1
41
1
41
1
41
1
41
1
10
24.946550956962234
20
-13.129721807990729
30
0
10
24.956416190876347
20
-13.134914019815387
30
0
10
24.976256897392048
20
-13.145060484802952
30
0
10
25.006348670291395
20
-13.159566312846923
30
0
10
25.047100790338757
20
-13.177549493949998
30
0
10
25.098906351835023
20
-13.198170590411703
30
0
10
25.151342061974237
20
-13.217450317864685
30
0
10
25.204174146004412
20
-13.235899800283404
30
0
10
25.257225820171811
20
-13.253901652079435
30
0
10
25.310424747062108
20
-13.271604810063074
30
0
10
25.363769519641369
20
-13.288999992930105
30
0
10
25.417302043103497
20
-13.305982020316062
30
0
10
25.47107868631393
20
-13.322414838020812
30
0
10
25.525139773484419
20
-13.338200340881423
30
0
10
25.579486403483589
20
-13.353330580890169
30
0
10
25.634095526661511
20
-13.367853317391653
30
0
10
25.688930189780173
20
-13.381848505439253
30
0
10
25.74395110296809
20
-13.395401805719356
30
0
10
25.799128887697655
20
-13.408576516994209
30
0
10
25.854452132588417
20
-13.421395109598002
30
0
10
25.909920549741365
20
-13.43385484804096
30
0
10
25.965540549380336
20
-13.445937881579738
30
0
10
26.021320146898375
20
-13.457622863249929
30
0
10
26.077263502410688
20
-13.468897407436103
30
0
10
26.133367730907228
20
-13.479765361318394
30
0
10
26.189625850426044
20
-13.490240054743532
30
0
10
26.246028583382714
20
-13.500340170183227
30
0
10
26.302566479805144
20
-13.510084878083664
30
0
10
26.359232209799003
20
-13.51948858482562
30
0
10
26.416021758182904
20
-13.528558192502118
30
0
10
26.472933130441657
20
-13.53729605171579
30
0
10
26.529965561466536
20
-13.545701764573108
30
0
10
26.587118583196979
20
-13.553774310940041
30
0
10
26.64439101106511
20
-13.561514360342118
30
0
10
26.701780442125298
20
-13.568925415167275
30
0
10
26.759283800012248
20
-13.57601256223351
30
0
10
26.816897658079483
20
-13.582781731655748
30
0
10
26.874618624905242
20
-13.589238813399758
30
0
10
26.932443762792193
20
-13.595388699251965
30
0
10
26.990370785570743
20
-13.601234828103227
30
0
10
27.048397818577726
20
-13.606779729655841
30
0
10
27.106523251702935
20
-13.612025356282436
30
0
10
27.164745565736588
20
-13.616973476387892
30
0
10
27.223063143170066
20
-13.621626103062876
30
0
10
27.281474174233409
20
-13.62598570783274
30
0
10
27.339976758940502
20
-13.630054991066203
30
0
10
27.398568967195406
20
-13.633836748128218
30
0
10
27.457248910405802
20
-13.637333709093868
30
0
10
27.516014818524873
20
-13.640548368689187
30
0
10
27.574865077796183
20
-13.643482899243908
30
0
10
27.633798179230524
20
-13.646139253276033
30
0
10
27.692812684362927
20
-13.648519229495246
30
0
10
27.751907186213494
20
-13.650624550677751
30
0
10
27.811080265525217
20
-13.652456949252681
30
0
10
27.870330468482756
20
-13.654018216548389
30
0
10
27.929656342250144
20
-13.655310150635744
30
0
10
27.989056459824617
20
-13.656334524652621
30
0
10
28.048529446442135
20
-13.657093050956842
30
0
10
28.108074009960049
20
-13.657587344167954
30
0
10
28.167688953165865
20
-13.657818901500429
30
0
10
28.22737312531606
20
-13.657789141804379
30
0
10
28.287125382167318
20
-13.657499437125846
30
0
10
28.346944544978534
20
-13.65695114705912
30
0
10
28.406829352841328
20
-13.656145658465423
30
0
10
28.46677843693741
20
-13.655084410889852
30
0
10
28.526790409726821
20
-13.653768840935632
30
0
10
28.586863939467435
20
-13.652200338574831
30
0
10
28.646997828571855
20
-13.650380200921031
30
0
10
28.70719109341281
20
-13.6483095881383
30
0
10
28.767443033584122
20
-13.645989482183829
30
0
10
28.827753181184129
20
-13.643420672177644
30
0
10
28.876047643737333
20
-13.641167125484371
30
0
10
28.912294500500565
20
-13.639365471302408
30
0
10
28.936470627778746
20
-13.638114832012022
30
0
10
28.948561580442966
20
-13.637477128241194
30
0
0
ARC
5
329
100
AcDbEntity
8
0
100
AcDbCircle
10
-1.3877787807814457e-15
20
-2.7755575615628914e-16
30
0
40
32.000000000000007
210
-0
220
0
230
1
100
AcDbArc
50
334.77518342189614
51
337.22481657810363
0
SPLINE
5
330
100
AcDbEntity
8
0
100
AcDbSpline
70
4
71
5
72
81
73
75
74
0
42
0.000000001
43
0.0000000001
44
0.0000000001
40
-1
40
-1
40
-1
40
-1
40
-1
40
-1
40
-0.9857142857142841
40
-0.97142857142856986
40
-0.95714285714285563
40
-0.94285714285714139
40
-0.92857142857142716
40
-0.91428571428571292
40
-0.89999999999999869
40
-0.88571428571428445
40
-0.87142857142857022
40
-0.85714285714285599
40
-0.84285714285714175
40
-0.82857142857142752
40
-0.81428571428571328
40
-0.79999999999999905
40
-0.78571428571428481
40
-0.77142857142857058
40
-0.75714285714285634
40
-0.74285714285714211
40
-0.72857142857142787
40
-0.71428571428571364
40
-0.6999999999999994
40
-0.68571428571428517
40
-0.67142857142857093
40
-0.6571428571428567
40
-0.64285714285714246
40
-0.62857142857142823
40
-0.61428571428571399
40
-0.59999999999999976
40
-0.58571428571428552
40
-0.57142857142857129
40
-0.55714285714285705
40
-0.54285714285714282
40
-0.52857142857142858
40
-0.51428571428571435
40
-0.50000000000000011
40
-0.48571428571428582
40
-0.47142857142857153
40
-0.45714285714285724
40
-0.44285714285714295
40
-0.42857142857142866
40
-0.41428571428571437
40
-0.40000000000000008
40
-0.38571428571428579
40
-0.3714285714285715
40
-0.35714285714285721
40
-0.34285714285714292
40
-0.32857142857142863
40
-0.31428571428571433
40
-0.30000000000000004
40
-0.28571428571428575
40
-0.27142857142857146
40
-0.25714285714285717
40
-0.24285714285714291
40
-0.22857142857142862
40
-0.21428571428571433
40
-0.20000000000000004
40
-0.18571428571428575
40
-0.17142857142857146
40
-0.15714285714285717
40
-0.14285714285714288
40
-0.12857142857142859
40
-0.1142857142857143
40
-0.10000000000000001
40
-0.085714285714285715
40
-0.071428571428571425
40
-0.057142857142857141
40
-0.042857142857142858
40
-0.028571428571428571
40
-0.014285714285714285
40
0
40
0
40
0
40
0
40
0
40
0
41
1
41
1
41
1
41
1
41
1
41
1
41
1
41
1
41
1
41
1
41
1
41
1
41
1
41
1
41
1
41
1
41
1
41
1
41
1
41
1
41
1
41
1
41
1
41
1
41
1
41
1
41
1
41
1
41
1
41
1
41
1
41
1
41
1
41
1
41
1
41
1
41
1
41
1
41
1
41
1
41
1
41
1
41
1
41
1
41
1
41
1
41
1
41
1
41
1
41
1
41
1
41
1
41
1
41
1
41
1
41
1
41
1
41
1
41
1
41
1
41
1
41
1
41
1
41
1
41
1
41
1
41
1
41
1
41
1
41
1
41
1
41
1
41
1
41
1
41
1
10
29.504989123957287
20
-12.38772040349485
30
0
10
29.497372603727101
20
-12.378308367476482
30
0
10
29.482125023139233
20
-12.359505162562911
30
0
10
29.459210031877269
20
-12.33136295656427
30
0
10
29.428569440429349
20
-12.293965259553318
30
0
10
29.390123072659886
20
-12.247427216043533
30
0
10
29.351530830133392
20
-12.201098844576117
30
0
10
29.312792439506701
20
-12.154981020894136
30
0
10
29.273907639706618
20
-12.109074922558404
30
0
10
29.234876226738351
20
-12.063382056847747
30
0
10
29.195698038001009
20
-12.01790418168143
30
0
10
29.156372931653468
20
-11.972643216809583
30
0
10
29.116900768536944
20
-11.927601154650517
30
0
10
29.077281394779146
20
-11.88277997567817
30
0
10
29.037514623453717
20
-11.838181544921348
30
0
10
28.997600232916959
20
-11.793807648101563
30
0
10
28.957537969188174
20
-11.749660053635315
30
0
10
28.917327547853951
20
-11.705740566087737
30
0
10
28.876968657358631
20
-11.662051076993126
30
0
10
28.836460962418244
20
-11.618593626991967
30
0
10
28.795804110399629
20
-11.575370383524049
30
0
10
28.754997738455771
20
-11.532383593519931
30
0
10
28.714041482496619
20
-11.489635539791397
30
0
10
28.672934984098127
20
-11.447128501366413
30
0
10
28.631677905482849
20
-11.404864692179842
30
0
10
28.590269907831868
20
-11.362846310583791
30
0
10
28.548710616964335
20
-11.321075629137773
30
0
10
28.506999591587459
20
-11.27955507572886
30
0
10
28.465136297159468
20
-11.238287303184107
30
0
10
28.423120064130106
20
-11.197275296202189
30
0
10
28.380950127373143
20
-11.156522285057516
30
0
10
28.338625701013829
20
-11.116031574555137
30
0
10
28.296146049625996
20
-11.075806383559264
30
0
10
28.253510547480833
20
-11.03584971076433
30
0
10
28.210718780884942
20
-10.996164105234087
30
0
10
28.167770452207176
20
-10.956751879255247
30
0
10
28.124665187925906
20
-10.917615535765151
30
0
10
28.081402362500487
20
-10.87875816061127
30
0
10
28.037980950082996
20
-10.840183753815825
30
0
10
27.994399281070883
20
-10.801897771757432
30
0
10
27.950655247670646
20
-10.763906675909944
30
0
10
27.906746735822114
20
-10.726216980789399
30
0
10
27.862672023772966
20
-10.688834376326319
30
0
10
27.818430116626224
20
-10.651762991812316
30
0
10
27.77402130945806
20
-10.615004155552871
30
0
10
27.729446673569459
20
-10.578557532781891
30
0
10
27.684707016610588
20
-10.542423425843204
30
0
10
27.639801926334442
20
-10.506604889810639
30
0
10
27.594728960167053
20
-10.471109526947139
30
0
10
27.549482316737723
20
-10.43595242417606
30
0
10
27.504054072894139
20
-10.40115343172755
30
0
10
27.458436552769797
20
-10.366731945204087
30
0
10
27.412624522202528
20
-10.332702072622983
30
0
10
27.366617052628825
20
-10.299068532230503
30
0
10
27.320420564694309
20
-10.265819944864205
30
0
10
27.274045558940301
20
-10.232936070018983
30
0
10
27.227501011777399
20
-10.200400199491433
30
0
10
27.180789148712698
20
-10.168210716832302
30
0
10
27.133900906737555
20
-10.136391137938251
30
0
10
27.086808903776326
20
-10.105005650449215
30
0
10
27.039475771588705
20
-10.074140770616911
30
0
10
26.991866818533069
20
-10.043877460422303
30
0
10
26.943961975725841
20
-10.014264806332669
30
0
10
26.895766414401198
20
-9.9852966734742594
30
0
10
26.847326058739078
20
-9.9568774499505999
30
0
10
26.798704298581178
20
-9.9288742075015932
30
0
10
26.749951258123275
20
-9.901185425098177
30
0
10
26.70107477620806
20
-9.8738059379656189
30
0
10
26.652012574393538
20
-9.8468891614572573
30
0
10
26.602598606179928
20
-9.8208224905181059
30
0
10
26.552609458271988
20
-9.7961216623404201
30
0
10
26.511976859491924
20
-9.7778700320757466
30
0
10
26.481061602195219
20
-9.7652137802709493
30
0
10
26.460245285261379
20
-9.7572585721595253
30
0
10
26.449785589960285
20
-9.7534015424706979
30
0
0
LINE
5
331
100
AcDbEntity
8
0
100
AcDbLine
10
26.449785589960285
20
-9.7534015424706979
30
0
11
26.441140813121358
21
-9.7502137669226414
31
0
0
ARC
5
332
100
AcDbEntity
8
0
100
AcDbCircle
10
26.614130031913518
20
-9.2810925350628146
30
0
40
0.49999999999999811
210
0
220
0
230
1
100
AcDbArc
50
160.77490584501734
51
249.75846532598609
0
ARC
5
333
100
AcDbEntity
8
0
100
AcDbCircle
10
-1.3877787807814457e-15
20
-2.7755575615628914e-16
30
0
40
27.685999999999996
210
-0
220
0
230
1
100
AcDbArc
50
340.77490584501726
51
343.22509415498274
0
ARC
5
334
100
AcDbEntity
8
0
100
AcDbCircle
10
26.986572803594374
20
-8.1348315481207258
30
0
40
0.50000000000000022
210
0
220
-0
230
1
100
AcDbArc
50
74.241534674013778
51
163.225094154982
0
LINE
5
335
100
AcDbEntity
8
0
100
AcDbLine
10
27.122364127372354
20
-7.6536239875123924
30
0
11
27.131231626202393
21
-7.6561262952550404
31
0
0
SPLINE
5
336
100
AcDbEntity
8
0
100
AcDbSpline
70
4
71
5
72
81
73
75
74
0
42
0.000000001
43
0.0000000001
44
0.0000000001
40
0
40
0
40
0
40
0
40
0
40
0
40
0.014285714285714285
40
0.028571428571428571
40
0.042857142857142858
40
0.057142857142857141
40
0.071428571428571425
40
0.085714285714285715
40
0.10000000000000001
40
0.1142857142857143
40
0.12857142857142859
40
0.14285714285714288
40
0.15714285714285717
40
0.17142857142857146
40
0.18571428571428575
40
0.20000000000000004
40
0.21428571428571433
40
0.22857142857142862
40
0.24285714285714291
40
0.25714285714285717
40
0.27142857142857146
40
0.28571428571428575
40
0.30000000000000004
40
0.31428571428571433
40
0.32857142857142863
40
0.34285714285714292
40
0.35714285714285721
40
0.3714285714285715
40
0.38571428571428579
40
0.40000000000000008
40
0.41428571428571437
40
0.42857142857142866
40
0.44285714285714295
40
0.45714285714285724
40
0.47142857142857153
40
0.48571428571428582
40
0.50000000000000011
40
0.51428571428571435
40
0.52857142857142858
40
0.54285714285714282
40
0.55714285714285705
40
0.57142857142857129
40
0.58571428571428552
40
0.59999999999999976
40
0.61428571428571399
40
0.62857142857142823
40
0.64285714285714246
40
0.6571428571428567
40
0.67142857142857093
40
0.68571428571428517
40
0.6999999999999994
40
0.71428571428571364
40
0.72857142857142787
40
0.74285714285714211
40
0.75714285714285634
40
0.77142857142857058
40
0.78571428571428481
40
0.79999999999999905
40
0.81428571428571328
40
0.82857142857142752
40
0.84285714285714175
40
0.85714285714285599
40
0.87142857142857022
40
0.88571428571428445
40
0.89999999999999869
40
0.91428571428571292
40
0.92857142857142716
40
0.94285714285714139
40
0.95714285714285563
40
0.97142857142856986
40
0.9857142857142841
40
1
40
1
40
1
40
1
40
1
40
1
41
1
41
1
41
1
41
1
41
1
41
1
41
1
41
1
41
1
41
1
41
1
41
1
41
1
41
1
41
1
41
1
41
1
41
1
41
1
41
1
41
1
41
1
41
1
41
1
41
1
41
1
41
1
41
1
41
1
41
1
41
1
41
1
41
1
41
1
41
1
41
1
41
1
41
1
41
1
41
1
41
1
41
1
41
1
41
1
41
1
41
1
41
1
41
1
41
1
41
1
41
1
41
1
41
1
41
1
41
1
41
1
41
1
41
1
41
1
41
1
41
1
41
1
41
1
41
1
41
1
41
1
41
1
41
1
41
1
41
1
41
1
41
1
41
1
41
1
41
1
10
27.131231626202393
20
-7.6561262952550404
30
0
10
27.141960802625718
20
-7.6591539473304326
30
0
10
27.163477510792291
20
-7.6649535728752554
30
0
10
27.195927637490954
20
-7.6728859823899107
30
0
10
27.239528139529533
20
-7.6820033456559873
30
0
10
27.294488992243622
20
-7.6914028398000598
30
0
10
27.349787337042333
20
-7.6993592617967117
30
0
10
27.405300776362601
20
-7.7064211708392278
30
0
10
27.460935939609115
20
-7.7129995757054228
30
0
10
27.516653035817672
20
-7.7192551983730784
30
0
10
27.572448759009735
20
-7.7251792528955479
30
0
10
27.628342230422767
20
-7.7306601447719645
30
0
10
27.684360299868466
20
-7.7355530731667788
30
0
10
27.740522013167499
20
-7.7397536928751993
30
0
10
27.796826792691846
20
-7.7432540011049076
30
0
10
27.853262022207833
20
-7.7461055058359261
30
0
10
27.909808179584694
20
-7.7483940979220813
30
0
10
27.966444643387032
20
-7.7502117349818498
30
0
10
28.023155837631251
20
-7.7516264406870068
30
0
10
28.07993527214812
20
-7.7526625669004279
30
0
10
28.136782096589599
20
-7.7533174977669255
30
0
10
28.193698869722525
20
-7.7535724398642438
30
0
10
28.250688993500923
20
-7.7534048462164513
30
0
10
28.30775396201723
20
-7.7528017369269389
30
0
10
28.364891753179542
20
-7.7517674749330467
30
0
10
28.422098309029487
20
-7.7503165504238876
30
0
10
28.479368439024405
20
-7.7484691665325922
30
0
10
28.536696885456646
20
-7.7462460395447872
30
0
10
28.594079473862632
20
-7.7436627849979924
30
0
10
28.651513711828187
20
-7.7407269889610797
30
0
10
28.708998137140789
20
-7.7374413653534093
30
0
10
28.766531918684489
20
-7.7338056840514202
30
0
10
28.824114386529157
20
-7.72981904452873
30
0
10
28.881744521194783
20
-7.7254823479656309
30
0
10
28.939420700433214
20
-7.720799519814971
30
0
10
28.997140972714096
20
-7.7157761753478802
30
0
10
29.054903219211575
20
-7.710418827531913
30
0
10
29.112705347207381
20
-7.7047339427391801
30
0
10
29.170545500259468
20
-7.6987269166404548
30
0
10
29.228422157142173
20
-7.692401588299969
30
0
10
29.286334010112864
20
-7.685760821904343
30
0
10
29.344279890167236
20
-7.6788068619229186
30
0
10
29.402258678965929
20
-7.6715417539781523
30
0
10
29.460269212891831
20
-7.6639678034688057
30
0
10
29.518310235581822
20
-7.656087804183807
30
0
10
29.576380450007282
20
-7.6479047925116674
30
0
10
29.634478549438533
20
-7.6394219040214111
30
0
10
29.692603254168066
20
-7.6306422017898576
30
0
10
29.750753351511548
20
-7.6215684940407202
30
0
10
29.808927714629732
20
-7.6122032411519385
30
0
10
29.867125273459763
20
-7.6025486667108124
30
0
10
29.925344994943366
20
-7.5926068291945867
30
0
10
29.983585861031816
20
-7.5823797062602436
30
0
10
30.041846843674577
20
-7.5718692875593065
30
0
10
30.100126893263763
20
-7.5610776275405094
30
0
10
30.15842496255129
20
-7.5500067870441399
30
0
10
30.216740024373948
20
-7.5386587971513226
30
0
10
30.275071090028781
20
-7.5270356186302614
30
0
10
30.333417231307855
20
-7.5151390994687519
30
0
10
30.39177758844902
20
-7.5029709530780186
30
0
10
30.450151330850801
20
-7.4905328065559242
30
0
10
30.508537624538739
20
-7.4778262398675741
30
0
10
30.566935599205593
20
-7.4648528279709154
30
0
10
30.625344309841545
20
-7.4516141895785246
30
0
10
30.683762716838508
20
-7.4381120173713002
30
0
10
30.7421897616642
20
-7.4243480050450277
30
0
10
30.800624430669707
20
-7.4103237890823026
30
0
10
30.859065822122869
20
-7.3960408872440855
30
0
10
30.917513215102694
20
-7.381500638849686
30
0
10
30.975966128668944
20
-7.3667041500208015
30
0
10
31.034424269212018
20
-7.3516522899155277
30
0
10
31.08119484318383
20
-7.3394070052577876
30
0
10
31.116275034193688
20
-7.3301085762658778
30
0
10
31.139662832556407
20
-7.3238587669447739
30
0
10
31.151356982826272
20
-7.3207211481193397
30
0
0
ARC
5
337
100
AcDbEntity
8
0
100
AcDbCircle
10
-1.3877787807814457e-15
20
-2.7755575615628914e-16
30
0
40
32.000000000000014
210
-0
220
0
230
1
100
AcDbArc
50
346.77518342189614
51
349.22481657810374
0
SPLINE
5
338
100
AcDbEntity
8
0
100
AcDbSpline
70
4
71
5
72
81
73
75
74
0
42
0.000000001
43
0.0000000001
44
0.0000000001
40
-1
40
-1
40
-1
40
-1
40
-1
40
-1
40
-0.9857142857142841
40
-0.97142857142856986
40
-0.95714285714285563
40
-0.94285714285714139
40
-0.92857142857142716
40
-0.91428571428571292
40
-0.89999999999999869
40
-0.88571428571428445
40
-0.87142857142857022
40
-0.85714285714285599
40
-0.84285714285714175
40
-0.82857142857142752
40
-0.81428571428571328
40
-0.79999999999999905
40
-0.78571428571428481
40
-0.77142857142857058
40
-0.75714285714285634
40
-0.74285714285714211
40
-0.72857142857142787
40
-0.71428571428571364
40
-0.6999999999999994
40
-0.68571428571428517
40
-0.67142857142857093
40
-0.6571428571428567
40
-0.64285714285714246
40
-0.62857142857142823
40
-0.61428571428571399
40
-0.59999999999999976
40
-0.58571428571428552
40
-0.57142857142857129
40
-0.55714285714285705
40
-0.54285714285714282
40
-0.52857142857142858
40
-0.51428571428571435
40
-0.50000000000000011
40
-0.48571428571428582
40
-0.47142857142857153
40
-0.45714285714285724
40
-0.44285714285714295
40
-0.42857142857142866
40
-0.41428571428571437
40
-0.40000000000000008
40
-0.38571428571428579
40
-0.3714285714285715
40
-0.35714285714285721
40
-0.34285714285714292
40
-0.32857142857142863
40
-0.31428571428571433
40
-0.30000000000000004
40
-0.28571428571428575
40
-0.27142857142857146
40
-0.25714285714285717
40
-0.24285714285714291
40
-0.22857142857142862
40
-0.21428571428571433
40
-0.20000000000000004
40
-0.18571428571428575
40
-0.17142857142857146
40
-0.15714285714285717
40
-0.14285714285714288
40
-0.12857142857142859
40
-0.1142857142857143
40
-0.10000000000000001
40
-0.085714285714285715
40
-0.071428571428571425
40
-0.057142857142857141
40
-0.042857142857142858
40
-0.028571428571428571
40
-0.014285714285714285
40
0
40
0
40
0
40
0
40
0
40
0
41
1
41
1
41
1
41
1
41
1
41
1
41
1
41
1
41
1
41
1
41
1
41
1
41
1
41
1
41
1
41
1
41
1
41
1
41
1
41
1
41
1
41
1
41
1
41
1
41
1
41
1
41
1
41
1
41
1
41
1
41
1
41
1
41
1
41
1
41
1
41
1
41
1
41
1
41
1
41
1
41
1
41
1
41
1
41
1
41
1
41
1
41
1
41
1
41
1
41
1
41
1
41
1
41
1
41
1
41
1
41
1
41
1
41
1
41
1
41
1
41
1
41
1
41
1
41
1
41
1
41
1
41
1
41
1
41
1
41
1
41
1
41
1
41
1
41
1
41
1
10
31.435786215744127
20
-5.9825868149181289
30
0
10
31.426379262432413
20
-5.9749640180679524
30
0
10
31.407555471937023
20
-5.9597418585565345
30
0
10
31.379290134580774
20
-5.9369789218579561
30
0
10
31.341543695152691
20
-5.9067689914293169
30
0
10
31.294261669448598
20
-5.8692413651561282
30
0
10
31.246880549969738
20
-5.8319491581555019
30
0
10
31.199400251423395
20
-5.7948932838646616
30
0
10
31.151820763270102
20
-5.7580749483920615
30
0
10
31.104142199353724
20
-5.7214956684917713
30
0
10
31.05636476611857
20
-5.6851571974749247
30
0
10
31.00848872396158
20
-5.6490614426309325
30
0
10
30.960514351011959
20
-5.6132103817717338
30
0
10
30.912441908523611
20
-5.577605984084995
30
0
10
30.864271601416245
20
-5.5422501127083486
30
0
10
30.816003584161983
20
-5.5071445604233249
30
0
10
30.7676379760047
20
-5.4722911098078351
30
0
10
30.719174873936264
20
-5.4376915851258065
30
0
10
30.67061436648136
20
-5.4033479013530403
30
0
10
30.621956549955801
20
-5.3692621242465748
30
0
10
30.57320153006836
20
-5.3354364471990214
30
0
10
30.524349419064233
20
-5.3018731434802326
30
0
10
30.475400335432887
20
-5.2685745217156574
30
0
10
30.426354402419243
20
-5.2355428856515873
30
0
10
30.377211749930048
20
-5.2027804710709749
30
0
10
30.327972503613484
20
-5.1702894987310728
30
0
10
30.278636769957153
20
-5.1380722693270942
30
0
10
30.229204622097679
20
-5.1061312494408728
30
0
10
30.179676088728066
20
-5.0744691450663195
30
0
10
30.130051135483093
20
-5.0430890148866041
30
0
10
30.080329685568159
20
-5.0119941776655832
30
0
10
30.030511657389404
20
-4.9811880293829303
30
0
10
29.980597000830961
20
-4.9506738714666509
30
0
10
29.930585727301342
20
-4.9204547671788488
30
0
10
29.8804779621275
20
-4.8905332958918031
30
0
10
29.830273894933658
20
-4.8609117812442104
30
0
10
29.779973680750487
20
-4.8315927491377444
30
0
10
29.729577349290661
20
-4.8025793480439152
30
0
10
29.679084728774892
20
-4.7738757038606412
30
0
10
29.628495320530341
20
-4.7454875008614472
30
0
10
29.577808406239807
20
-4.717421497556419
30
0
10
29.527023272484456
20
-4.6896845056415835
30
0
10
29.476139418139454
20
-4.6622824486812888
30
0
10
29.425156728576724
20
-4.6352195725829137
30
0
10
29.374075768594537
20
-4.6084971152755045
30
0
10
29.322897516481603
20
-4.5821145265724077
30
0
10
29.271622825099822
20
-4.5560719342905927
30
0
10
29.22025192639633
20
-4.5303724124541809
30
0
10
29.168784011772605
20
-4.505023905038108
30
0
10
29.117216543379556
20
-4.4800423754530456
30
0
10
29.065545898299675
20
-4.4554488874699851
30
0
10
29.013768600975069
20
-4.4312640087533284
30
0
10
28.961882464844308
20
-4.4075026272698832
30
0
10
28.909887562613761
20
-4.3841695512201113
30
0
10
28.85778780876166
20
-4.3612523151762828
30
0
10
28.805589266129658
20
-4.3387289377515987
30
0
10
28.7532972411414
20
-4.3165812095562792
30
0
10
28.700913574592658
20
-4.2948070867554158
30
0
10
28.64843429075307
20
-4.2734314556723616
30
0
10
28.595845951271809
20
-4.2525227943467669
30
0
10
28.543129992234451
20
-4.2321734977366896
30
0
10
28.490269313037331
20
-4.2124699714074314
30
0
10
28.437254489000527
20
-4.1934644017247056
30
0
10
28.384089302842391
20
-4.1751497127164283
30
0
10
28.330798796358259
20
-4.1574228336615722
30
0
10
28.277417336830396
20
-4.140140561612272
30
0
10
28.223972845711849
20
-4.1231931726112405
30
0
10
28.170471916730712
20
-4.1065739849594243
30
0
10
28.116885529223907
20
-4.0904460099327764
30
0
10
28.063131809144082
20
-4.0752226999758365
30
0
10
28.009099453104188
20
-4.0614549724217746
30
0
10
27.965560046787363
20
-4.0520501763835917
30
0
10
27.932688979324382
20
-4.0460981374630656
30
0
10
27.910673568090189
20
-4.0426447253858502
30
0
10
27.899640520662867
20
-4.0410466739852584
30
0
0
LINE
5
339
100
AcDbEntity
8
0
100
AcDbLine
10
27.899640520662864
20
-4.0410466739852584
30
0
11
27.890521877134844
21
-4.0397259091505688
31
0
0
ARC
5
340
100
AcDbEntity
8
0
100
AcDbCircle
10
27.96219507793473
20
-3.5448896207812726
30
0
40
0.499999999999995
210
0
220
0
230
1
100
AcDbArc
50
172.77490584501783
51
261.75846532598553
0
ENDSEC
0
SECTION
2
OBJECTS
0
DICTIONARY
5
C
100
AcDbDictionary
3
ACAD_GROUP
350
D
3
ACAD_MLINESTYLE
350
17
0
DICTIONARY
5
D
100
AcDbDictionary
0
DICTIONARY
5
1A
330
C
100
AcDbDictionary
0
DICTIONARY
5
17
100
AcDbDictionary
0
ENDSEC
0
EOF
